file,true,predicted,correct,confidence
C:\Users\jackm\CodingFolder\Electronics-Manufacturing-Capstone-26-27\data_grouped\val\def_front\cast_def_0_1021.jpeg,def_front,def_front,True,1.0
C:\Users\jackm\CodingFolder\Electronics-Manufacturing-Capstone-26-27\data_grouped\val\def_front\cast_def_0_1038.jpeg,def_front,def_front,True,1.0
C:\Users\jackm\CodingFolder\Electronics-Manufacturing-Capstone-26-27\data_grouped\val\def_front\cast_def_0_1082.jpeg,def_front,def_front,True,1.0
C:\Users\jackm\CodingFolder\Electronics-Manufacturing-Capstone-26-27\data_grouped\val\def_front\cast_def_0_1092.jpeg,def_front,def_front,True,1.0
C:\Users\jackm\CodingFolder\Electronics-Manufacturing-Capstone-26-27\data_grouped\val\def_front\cast_def_0_1136.jpeg,def_front,def_front,True,1.0
C:\Users\jackm\CodingFolder\Electronics-Manufacturing-Capstone-26-27\data_grouped\val\def_front\cast_def_0_1151.jpeg,def_front,def_front,True,1.0
C:\Users\jackm\CodingFolder\Electronics-Manufacturing-Capstone-26-27\data_grouped\val\def_front\cast_def_0_118.jpeg,def_front,def_front,True,1.0
C:\Users\jackm\CodingFolder\Electronics-Manufacturing-Capstone-26-27\data_grouped\val\def_front\cast_def_0_1180.jpeg,def_front,def_front,True,1.0
C:\Users\jackm\CodingFolder\Electronics-Manufacturing-Capstone-26-27\data_grouped\val\def_front\cast_def_0_1191.jpeg,def_front,def_front,True,1.0
C:\Users\jackm\CodingFolder\Electronics-Manufacturing-Capstone-26-27\data_grouped\val\def_front\cast_def_0_1210.jpeg,def_front,def_front,True,1.0
C:\Users\jackm\CodingFolder\Electronics-Manufacturing-Capstone-26-27\data_grouped\val\def_front\cast_def_0_1238.jpeg,def_front,def_front,True,1.0
C:\Users\jackm\CodingFolder\Electronics-Manufacturing-Capstone-26-27\data_grouped\val\def_front\cast_def_0_1270.jpeg,def_front,def_front,True,1.0
C:\Users\jackm\CodingFolder\Electronics-Manufacturing-Capstone-26-27\data_grouped\val\def_front\cast_def_0_133.jpeg,def_front,def_front,True,1.0
C:\Users\jackm\CodingFolder\Electronics-Manufacturing-Capstone-26-27\data_grouped\val\def_front\cast_def_0_1376.jpeg,def_front,def_front,True,1.0
C:\Users\jackm\CodingFolder\Electronics-Manufacturing-Capstone-26-27\data_grouped\val\def_front\cast_def_0_1392.jpeg,def_front,def_front,True,1.0
C:\Users\jackm\CodingFolder\Electronics-Manufacturing-Capstone-26-27\data_grouped\val\def_front\cast_def_0_1459.jpeg,def_front,def_front,True,1.0
C:\Users\jackm\CodingFolder\Electronics-Manufacturing-Capstone-26-27\data_grouped\val\def_front\cast_def_0_1477.jpeg,def_front,def_front,True,1.0
C:\Users\jackm\CodingFolder\Electronics-Manufacturing-Capstone-26-27\data_grouped\val\def_front\cast_def_0_1505.jpeg,def_front,def_front,True,1.0
C:\Users\jackm\CodingFolder\Electronics-Manufacturing-Capstone-26-27\data_grouped\val\def_front\cast_def_0_1518.jpeg,def_front,def_front,True,1.0
C:\Users\jackm\CodingFolder\Electronics-Manufacturing-Capstone-26-27\data_grouped\val\def_front\cast_def_0_1574.jpeg,def_front,def_front,True,1.0
C:\Users\jackm\CodingFolder\Electronics-Manufacturing-Capstone-26-27\data_grouped\val\def_front\cast_def_0_1599.jpeg,def_front,def_front,True,1.0
C:\Users\jackm\CodingFolder\Electronics-Manufacturing-Capstone-26-27\data_grouped\val\def_front\cast_def_0_1625.jpeg,def_front,def_front,True,1.0
C:\Users\jackm\CodingFolder\Electronics-Manufacturing-Capstone-26-27\data_grouped\val\def_front\cast_def_0_1629.jpeg,def_front,def_front,True,1.0
C:\Users\jackm\CodingFolder\Electronics-Manufacturing-Capstone-26-27\data_grouped\val\def_front\cast_def_0_1640.jpeg,def_front,def_front,True,1.0
C:\Users\jackm\CodingFolder\Electronics-Manufacturing-Capstone-26-27\data_grouped\val\def_front\cast_def_0_1644.jpeg,def_front,def_front,True,1.0
C:\Users\jackm\CodingFolder\Electronics-Manufacturing-Capstone-26-27\data_grouped\val\def_front\cast_def_0_1647.jpeg,def_front,def_front,True,1.0
C:\Users\jackm\CodingFolder\Electronics-Manufacturing-Capstone-26-27\data_grouped\val\def_front\cast_def_0_1666.jpeg,def_front,def_front,True,1.0
C:\Users\jackm\CodingFolder\Electronics-Manufacturing-Capstone-26-27\data_grouped\val\def_front\cast_def_0_1762.jpeg,def_front,def_front,True,1.0
C:\Users\jackm\CodingFolder\Electronics-Manufacturing-Capstone-26-27\data_grouped\val\def_front\cast_def_0_1775.jpeg,def_front,def_front,True,1.0
C:\Users\jackm\CodingFolder\Electronics-Manufacturing-Capstone-26-27\data_grouped\val\def_front\cast_def_0_1794.jpeg,def_front,def_front,True,1.0
C:\Users\jackm\CodingFolder\Electronics-Manufacturing-Capstone-26-27\data_grouped\val\def_front\cast_def_0_1804.jpeg,def_front,def_front,True,1.0
C:\Users\jackm\CodingFolder\Electronics-Manufacturing-Capstone-26-27\data_grouped\val\def_front\cast_def_0_1816.jpeg,def_front,def_front,True,1.0
C:\Users\jackm\CodingFolder\Electronics-Manufacturing-Capstone-26-27\data_grouped\val\def_front\cast_def_0_182.jpeg,def_front,def_front,True,1.0
C:\Users\jackm\CodingFolder\Electronics-Manufacturing-Capstone-26-27\data_grouped\val\def_front\cast_def_0_1842.jpeg,def_front,def_front,True,1.0
C:\Users\jackm\CodingFolder\Electronics-Manufacturing-Capstone-26-27\data_grouped\val\def_front\cast_def_0_1850.jpeg,def_front,def_front,True,1.0
C:\Users\jackm\CodingFolder\Electronics-Manufacturing-Capstone-26-27\data_grouped\val\def_front\cast_def_0_1852.jpeg,def_front,def_front,True,1.0
C:\Users\jackm\CodingFolder\Electronics-Manufacturing-Capstone-26-27\data_grouped\val\def_front\cast_def_0_1858.jpeg,def_front,def_front,True,1.0
C:\Users\jackm\CodingFolder\Electronics-Manufacturing-Capstone-26-27\data_grouped\val\def_front\cast_def_0_1891.jpeg,def_front,def_front,True,1.0
C:\Users\jackm\CodingFolder\Electronics-Manufacturing-Capstone-26-27\data_grouped\val\def_front\cast_def_0_190.jpeg,def_front,def_front,True,1.0
C:\Users\jackm\CodingFolder\Electronics-Manufacturing-Capstone-26-27\data_grouped\val\def_front\cast_def_0_1903.jpeg,def_front,def_front,True,1.0
C:\Users\jackm\CodingFolder\Electronics-Manufacturing-Capstone-26-27\data_grouped\val\def_front\cast_def_0_1907.jpeg,def_front,def_front,True,1.0
C:\Users\jackm\CodingFolder\Electronics-Manufacturing-Capstone-26-27\data_grouped\val\def_front\cast_def_0_1918.jpeg,def_front,def_front,True,1.0
C:\Users\jackm\CodingFolder\Electronics-Manufacturing-Capstone-26-27\data_grouped\val\def_front\cast_def_0_1921.jpeg,def_front,def_front,True,1.0
C:\Users\jackm\CodingFolder\Electronics-Manufacturing-Capstone-26-27\data_grouped\val\def_front\cast_def_0_1928.jpeg,def_front,def_front,True,1.0
C:\Users\jackm\CodingFolder\Electronics-Manufacturing-Capstone-26-27\data_grouped\val\def_front\cast_def_0_1931.jpeg,def_front,def_front,True,1.0
C:\Users\jackm\CodingFolder\Electronics-Manufacturing-Capstone-26-27\data_grouped\val\def_front\cast_def_0_1950.jpeg,def_front,def_front,True,1.0
C:\Users\jackm\CodingFolder\Electronics-Manufacturing-Capstone-26-27\data_grouped\val\def_front\cast_def_0_1966.jpeg,def_front,def_front,True,1.0
C:\Users\jackm\CodingFolder\Electronics-Manufacturing-Capstone-26-27\data_grouped\val\def_front\cast_def_0_1981.jpeg,def_front,def_front,True,1.0
C:\Users\jackm\CodingFolder\Electronics-Manufacturing-Capstone-26-27\data_grouped\val\def_front\cast_def_0_2004.jpeg,def_front,def_front,True,1.0
C:\Users\jackm\CodingFolder\Electronics-Manufacturing-Capstone-26-27\data_grouped\val\def_front\cast_def_0_2024.jpeg,def_front,def_front,True,1.0
C:\Users\jackm\CodingFolder\Electronics-Manufacturing-Capstone-26-27\data_grouped\val\def_front\cast_def_0_2044.jpeg,def_front,def_front,True,1.0
C:\Users\jackm\CodingFolder\Electronics-Manufacturing-Capstone-26-27\data_grouped\val\def_front\cast_def_0_2053.jpeg,def_front,def_front,True,1.0
C:\Users\jackm\CodingFolder\Electronics-Manufacturing-Capstone-26-27\data_grouped\val\def_front\cast_def_0_2066.jpeg,def_front,def_front,True,1.0
C:\Users\jackm\CodingFolder\Electronics-Manufacturing-Capstone-26-27\data_grouped\val\def_front\cast_def_0_207.jpeg,def_front,def_front,True,1.0
C:\Users\jackm\CodingFolder\Electronics-Manufacturing-Capstone-26-27\data_grouped\val\def_front\cast_def_0_2076.jpeg,def_front,def_front,True,1.0
C:\Users\jackm\CodingFolder\Electronics-Manufacturing-Capstone-26-27\data_grouped\val\def_front\cast_def_0_2082.jpeg,def_front,def_front,True,1.0
C:\Users\jackm\CodingFolder\Electronics-Manufacturing-Capstone-26-27\data_grouped\val\def_front\cast_def_0_2091.jpeg,def_front,def_front,True,1.0
C:\Users\jackm\CodingFolder\Electronics-Manufacturing-Capstone-26-27\data_grouped\val\def_front\cast_def_0_2122.jpeg,def_front,def_front,True,1.0
C:\Users\jackm\CodingFolder\Electronics-Manufacturing-Capstone-26-27\data_grouped\val\def_front\cast_def_0_2176.jpeg,def_front,def_front,True,1.0
C:\Users\jackm\CodingFolder\Electronics-Manufacturing-Capstone-26-27\data_grouped\val\def_front\cast_def_0_230.jpeg,def_front,def_front,True,1.0
C:\Users\jackm\CodingFolder\Electronics-Manufacturing-Capstone-26-27\data_grouped\val\def_front\cast_def_0_2337.jpeg,def_front,def_front,True,1.0
C:\Users\jackm\CodingFolder\Electronics-Manufacturing-Capstone-26-27\data_grouped\val\def_front\cast_def_0_2351.jpeg,def_front,def_front,True,1.0
C:\Users\jackm\CodingFolder\Electronics-Manufacturing-Capstone-26-27\data_grouped\val\def_front\cast_def_0_2368.jpeg,def_front,def_front,True,1.0
C:\Users\jackm\CodingFolder\Electronics-Manufacturing-Capstone-26-27\data_grouped\val\def_front\cast_def_0_2393.jpeg,def_front,def_front,True,1.0
C:\Users\jackm\CodingFolder\Electronics-Manufacturing-Capstone-26-27\data_grouped\val\def_front\cast_def_0_2422.jpeg,def_front,def_front,True,1.0
C:\Users\jackm\CodingFolder\Electronics-Manufacturing-Capstone-26-27\data_grouped\val\def_front\cast_def_0_2437.jpeg,def_front,def_front,True,1.0
C:\Users\jackm\CodingFolder\Electronics-Manufacturing-Capstone-26-27\data_grouped\val\def_front\cast_def_0_2457.jpeg,def_front,def_front,True,1.0
C:\Users\jackm\CodingFolder\Electronics-Manufacturing-Capstone-26-27\data_grouped\val\def_front\cast_def_0_2474.jpeg,def_front,def_front,True,1.0
C:\Users\jackm\CodingFolder\Electronics-Manufacturing-Capstone-26-27\data_grouped\val\def_front\cast_def_0_2505.jpeg,def_front,def_front,True,1.0
C:\Users\jackm\CodingFolder\Electronics-Manufacturing-Capstone-26-27\data_grouped\val\def_front\cast_def_0_2514.jpeg,def_front,def_front,True,1.0
C:\Users\jackm\CodingFolder\Electronics-Manufacturing-Capstone-26-27\data_grouped\val\def_front\cast_def_0_2598.jpeg,def_front,def_front,True,1.0
C:\Users\jackm\CodingFolder\Electronics-Manufacturing-Capstone-26-27\data_grouped\val\def_front\cast_def_0_26.jpeg,def_front,def_front,True,1.0
C:\Users\jackm\CodingFolder\Electronics-Manufacturing-Capstone-26-27\data_grouped\val\def_front\cast_def_0_2611.jpeg,def_front,def_front,True,1.0
C:\Users\jackm\CodingFolder\Electronics-Manufacturing-Capstone-26-27\data_grouped\val\def_front\cast_def_0_2617.jpeg,def_front,def_front,True,1.0
C:\Users\jackm\CodingFolder\Electronics-Manufacturing-Capstone-26-27\data_grouped\val\def_front\cast_def_0_2625.jpeg,def_front,def_front,True,1.0
C:\Users\jackm\CodingFolder\Electronics-Manufacturing-Capstone-26-27\data_grouped\val\def_front\cast_def_0_2626.jpeg,def_front,def_front,True,1.0
C:\Users\jackm\CodingFolder\Electronics-Manufacturing-Capstone-26-27\data_grouped\val\def_front\cast_def_0_2646.jpeg,def_front,def_front,True,1.0
C:\Users\jackm\CodingFolder\Electronics-Manufacturing-Capstone-26-27\data_grouped\val\def_front\cast_def_0_2652.jpeg,def_front,def_front,True,1.0
C:\Users\jackm\CodingFolder\Electronics-Manufacturing-Capstone-26-27\data_grouped\val\def_front\cast_def_0_2677.jpeg,def_front,def_front,True,1.0
C:\Users\jackm\CodingFolder\Electronics-Manufacturing-Capstone-26-27\data_grouped\val\def_front\cast_def_0_2723.jpeg,def_front,def_front,True,1.0
C:\Users\jackm\CodingFolder\Electronics-Manufacturing-Capstone-26-27\data_grouped\val\def_front\cast_def_0_2762.jpeg,def_front,def_front,True,1.0
C:\Users\jackm\CodingFolder\Electronics-Manufacturing-Capstone-26-27\data_grouped\val\def_front\cast_def_0_2764.jpeg,def_front,def_front,True,1.0
C:\Users\jackm\CodingFolder\Electronics-Manufacturing-Capstone-26-27\data_grouped\val\def_front\cast_def_0_2781.jpeg,def_front,def_front,True,1.0
C:\Users\jackm\CodingFolder\Electronics-Manufacturing-Capstone-26-27\data_grouped\val\def_front\cast_def_0_2797.jpeg,def_front,def_front,True,1.0
C:\Users\jackm\CodingFolder\Electronics-Manufacturing-Capstone-26-27\data_grouped\val\def_front\cast_def_0_2818.jpeg,def_front,def_front,True,1.0
C:\Users\jackm\CodingFolder\Electronics-Manufacturing-Capstone-26-27\data_grouped\val\def_front\cast_def_0_2843.jpeg,def_front,def_front,True,1.0
C:\Users\jackm\CodingFolder\Electronics-Manufacturing-Capstone-26-27\data_grouped\val\def_front\cast_def_0_2847.jpeg,def_front,def_front,True,1.0
C:\Users\jackm\CodingFolder\Electronics-Manufacturing-Capstone-26-27\data_grouped\val\def_front\cast_def_0_2856.jpeg,def_front,def_front,True,1.0
C:\Users\jackm\CodingFolder\Electronics-Manufacturing-Capstone-26-27\data_grouped\val\def_front\cast_def_0_2867.jpeg,def_front,def_front,True,1.0
C:\Users\jackm\CodingFolder\Electronics-Manufacturing-Capstone-26-27\data_grouped\val\def_front\cast_def_0_2901.jpeg,def_front,def_front,True,1.0
C:\Users\jackm\CodingFolder\Electronics-Manufacturing-Capstone-26-27\data_grouped\val\def_front\cast_def_0_2933.jpeg,def_front,def_front,True,1.0
C:\Users\jackm\CodingFolder\Electronics-Manufacturing-Capstone-26-27\data_grouped\val\def_front\cast_def_0_2950.jpeg,def_front,def_front,True,1.0
C:\Users\jackm\CodingFolder\Electronics-Manufacturing-Capstone-26-27\data_grouped\val\def_front\cast_def_0_2952.jpeg,def_front,def_front,True,1.0
C:\Users\jackm\CodingFolder\Electronics-Manufacturing-Capstone-26-27\data_grouped\val\def_front\cast_def_0_2960.jpeg,def_front,def_front,True,1.0
C:\Users\jackm\CodingFolder\Electronics-Manufacturing-Capstone-26-27\data_grouped\val\def_front\cast_def_0_2986.jpeg,def_front,def_front,True,1.0
C:\Users\jackm\CodingFolder\Electronics-Manufacturing-Capstone-26-27\data_grouped\val\def_front\cast_def_0_3018.jpeg,def_front,def_front,True,1.0
C:\Users\jackm\CodingFolder\Electronics-Manufacturing-Capstone-26-27\data_grouped\val\def_front\cast_def_0_3031.jpeg,def_front,def_front,True,1.0
C:\Users\jackm\CodingFolder\Electronics-Manufacturing-Capstone-26-27\data_grouped\val\def_front\cast_def_0_3122.jpeg,def_front,def_front,True,1.0
C:\Users\jackm\CodingFolder\Electronics-Manufacturing-Capstone-26-27\data_grouped\val\def_front\cast_def_0_3123.jpeg,def_front,def_front,True,1.0
C:\Users\jackm\CodingFolder\Electronics-Manufacturing-Capstone-26-27\data_grouped\val\def_front\cast_def_0_3145.jpeg,def_front,def_front,True,1.0
C:\Users\jackm\CodingFolder\Electronics-Manufacturing-Capstone-26-27\data_grouped\val\def_front\cast_def_0_3180.jpeg,def_front,def_front,True,1.0
C:\Users\jackm\CodingFolder\Electronics-Manufacturing-Capstone-26-27\data_grouped\val\def_front\cast_def_0_3196.jpeg,def_front,def_front,True,1.0
C:\Users\jackm\CodingFolder\Electronics-Manufacturing-Capstone-26-27\data_grouped\val\def_front\cast_def_0_3197.jpeg,def_front,def_front,True,1.0
C:\Users\jackm\CodingFolder\Electronics-Manufacturing-Capstone-26-27\data_grouped\val\def_front\cast_def_0_3208.jpeg,def_front,def_front,True,1.0
C:\Users\jackm\CodingFolder\Electronics-Manufacturing-Capstone-26-27\data_grouped\val\def_front\cast_def_0_3211.jpeg,def_front,def_front,True,1.0
C:\Users\jackm\CodingFolder\Electronics-Manufacturing-Capstone-26-27\data_grouped\val\def_front\cast_def_0_323.jpeg,def_front,def_front,True,1.0
C:\Users\jackm\CodingFolder\Electronics-Manufacturing-Capstone-26-27\data_grouped\val\def_front\cast_def_0_3299.jpeg,def_front,def_front,True,1.0
C:\Users\jackm\CodingFolder\Electronics-Manufacturing-Capstone-26-27\data_grouped\val\def_front\cast_def_0_3314.jpeg,def_front,def_front,True,1.0
C:\Users\jackm\CodingFolder\Electronics-Manufacturing-Capstone-26-27\data_grouped\val\def_front\cast_def_0_3341.jpeg,def_front,def_front,True,1.0
C:\Users\jackm\CodingFolder\Electronics-Manufacturing-Capstone-26-27\data_grouped\val\def_front\cast_def_0_3351.jpeg,def_front,def_front,True,1.0
C:\Users\jackm\CodingFolder\Electronics-Manufacturing-Capstone-26-27\data_grouped\val\def_front\cast_def_0_3365.jpeg,def_front,def_front,True,1.0
C:\Users\jackm\CodingFolder\Electronics-Manufacturing-Capstone-26-27\data_grouped\val\def_front\cast_def_0_337.jpeg,def_front,def_front,True,1.0
C:\Users\jackm\CodingFolder\Electronics-Manufacturing-Capstone-26-27\data_grouped\val\def_front\cast_def_0_3388.jpeg,def_front,def_front,True,1.0
C:\Users\jackm\CodingFolder\Electronics-Manufacturing-Capstone-26-27\data_grouped\val\def_front\cast_def_0_3405.jpeg,def_front,def_front,True,1.0
C:\Users\jackm\CodingFolder\Electronics-Manufacturing-Capstone-26-27\data_grouped\val\def_front\cast_def_0_3414.jpeg,def_front,def_front,True,1.0
C:\Users\jackm\CodingFolder\Electronics-Manufacturing-Capstone-26-27\data_grouped\val\def_front\cast_def_0_3432.jpeg,def_front,def_front,True,1.0
C:\Users\jackm\CodingFolder\Electronics-Manufacturing-Capstone-26-27\data_grouped\val\def_front\cast_def_0_3461.jpeg,def_front,def_front,True,1.0
C:\Users\jackm\CodingFolder\Electronics-Manufacturing-Capstone-26-27\data_grouped\val\def_front\cast_def_0_3486.jpeg,def_front,def_front,True,1.0
C:\Users\jackm\CodingFolder\Electronics-Manufacturing-Capstone-26-27\data_grouped\val\def_front\cast_def_0_3558.jpeg,def_front,def_front,True,1.0
C:\Users\jackm\CodingFolder\Electronics-Manufacturing-Capstone-26-27\data_grouped\val\def_front\cast_def_0_3563.jpeg,def_front,def_front,True,1.0
C:\Users\jackm\CodingFolder\Electronics-Manufacturing-Capstone-26-27\data_grouped\val\def_front\cast_def_0_3644.jpeg,def_front,def_front,True,1.0
C:\Users\jackm\CodingFolder\Electronics-Manufacturing-Capstone-26-27\data_grouped\val\def_front\cast_def_0_3658.jpeg,def_front,def_front,True,1.0
C:\Users\jackm\CodingFolder\Electronics-Manufacturing-Capstone-26-27\data_grouped\val\def_front\cast_def_0_3707.jpeg,def_front,def_front,True,1.0
C:\Users\jackm\CodingFolder\Electronics-Manufacturing-Capstone-26-27\data_grouped\val\def_front\cast_def_0_3709.jpeg,def_front,def_front,True,1.0
C:\Users\jackm\CodingFolder\Electronics-Manufacturing-Capstone-26-27\data_grouped\val\def_front\cast_def_0_372.jpeg,def_front,def_front,True,1.0
C:\Users\jackm\CodingFolder\Electronics-Manufacturing-Capstone-26-27\data_grouped\val\def_front\cast_def_0_3745.jpeg,def_front,def_front,True,1.0
C:\Users\jackm\CodingFolder\Electronics-Manufacturing-Capstone-26-27\data_grouped\val\def_front\cast_def_0_3757.jpeg,def_front,def_front,True,1.0
C:\Users\jackm\CodingFolder\Electronics-Manufacturing-Capstone-26-27\data_grouped\val\def_front\cast_def_0_376.jpeg,def_front,def_front,True,1.0
C:\Users\jackm\CodingFolder\Electronics-Manufacturing-Capstone-26-27\data_grouped\val\def_front\cast_def_0_3761.jpeg,def_front,def_front,True,1.0
C:\Users\jackm\CodingFolder\Electronics-Manufacturing-Capstone-26-27\data_grouped\val\def_front\cast_def_0_3778.jpeg,def_front,def_front,True,1.0
C:\Users\jackm\CodingFolder\Electronics-Manufacturing-Capstone-26-27\data_grouped\val\def_front\cast_def_0_3802.jpeg,def_front,def_front,True,1.0
C:\Users\jackm\CodingFolder\Electronics-Manufacturing-Capstone-26-27\data_grouped\val\def_front\cast_def_0_3837.jpeg,def_front,def_front,True,1.0
C:\Users\jackm\CodingFolder\Electronics-Manufacturing-Capstone-26-27\data_grouped\val\def_front\cast_def_0_3857.jpeg,def_front,def_front,True,1.0
C:\Users\jackm\CodingFolder\Electronics-Manufacturing-Capstone-26-27\data_grouped\val\def_front\cast_def_0_3896.jpeg,def_front,def_front,True,1.0
C:\Users\jackm\CodingFolder\Electronics-Manufacturing-Capstone-26-27\data_grouped\val\def_front\cast_def_0_3922.jpeg,def_front,def_front,True,1.0
C:\Users\jackm\CodingFolder\Electronics-Manufacturing-Capstone-26-27\data_grouped\val\def_front\cast_def_0_3957.jpeg,def_front,def_front,True,1.0
C:\Users\jackm\CodingFolder\Electronics-Manufacturing-Capstone-26-27\data_grouped\val\def_front\cast_def_0_3965.jpeg,def_front,def_front,True,1.0
C:\Users\jackm\CodingFolder\Electronics-Manufacturing-Capstone-26-27\data_grouped\val\def_front\cast_def_0_3966.jpeg,def_front,def_front,True,1.0
C:\Users\jackm\CodingFolder\Electronics-Manufacturing-Capstone-26-27\data_grouped\val\def_front\cast_def_0_3969.jpeg,def_front,def_front,True,1.0
C:\Users\jackm\CodingFolder\Electronics-Manufacturing-Capstone-26-27\data_grouped\val\def_front\cast_def_0_3974.jpeg,def_front,def_front,True,1.0
C:\Users\jackm\CodingFolder\Electronics-Manufacturing-Capstone-26-27\data_grouped\val\def_front\cast_def_0_4025.jpeg,def_front,def_front,True,1.0
C:\Users\jackm\CodingFolder\Electronics-Manufacturing-Capstone-26-27\data_grouped\val\def_front\cast_def_0_4044.jpeg,def_front,def_front,True,1.0
C:\Users\jackm\CodingFolder\Electronics-Manufacturing-Capstone-26-27\data_grouped\val\def_front\cast_def_0_4080.jpeg,def_front,def_front,True,1.0
C:\Users\jackm\CodingFolder\Electronics-Manufacturing-Capstone-26-27\data_grouped\val\def_front\cast_def_0_4103.jpeg,def_front,def_front,True,1.0
C:\Users\jackm\CodingFolder\Electronics-Manufacturing-Capstone-26-27\data_grouped\val\def_front\cast_def_0_4110.jpeg,def_front,def_front,True,1.0
C:\Users\jackm\CodingFolder\Electronics-Manufacturing-Capstone-26-27\data_grouped\val\def_front\cast_def_0_4141.jpeg,def_front,def_front,True,1.0
C:\Users\jackm\CodingFolder\Electronics-Manufacturing-Capstone-26-27\data_grouped\val\def_front\cast_def_0_4183.jpeg,def_front,def_front,True,1.0
C:\Users\jackm\CodingFolder\Electronics-Manufacturing-Capstone-26-27\data_grouped\val\def_front\cast_def_0_4194.jpeg,def_front,def_front,True,1.0
C:\Users\jackm\CodingFolder\Electronics-Manufacturing-Capstone-26-27\data_grouped\val\def_front\cast_def_0_4195.jpeg,def_front,def_front,True,1.0
C:\Users\jackm\CodingFolder\Electronics-Manufacturing-Capstone-26-27\data_grouped\val\def_front\cast_def_0_4200.jpeg,def_front,def_front,True,1.0
C:\Users\jackm\CodingFolder\Electronics-Manufacturing-Capstone-26-27\data_grouped\val\def_front\cast_def_0_4217.jpeg,def_front,def_front,True,1.0
C:\Users\jackm\CodingFolder\Electronics-Manufacturing-Capstone-26-27\data_grouped\val\def_front\cast_def_0_4225.jpeg,def_front,def_front,True,1.0
C:\Users\jackm\CodingFolder\Electronics-Manufacturing-Capstone-26-27\data_grouped\val\def_front\cast_def_0_4238.jpeg,def_front,def_front,True,1.0
C:\Users\jackm\CodingFolder\Electronics-Manufacturing-Capstone-26-27\data_grouped\val\def_front\cast_def_0_426.jpeg,def_front,def_front,True,1.0
C:\Users\jackm\CodingFolder\Electronics-Manufacturing-Capstone-26-27\data_grouped\val\def_front\cast_def_0_4288.jpeg,def_front,def_front,True,1.0
C:\Users\jackm\CodingFolder\Electronics-Manufacturing-Capstone-26-27\data_grouped\val\def_front\cast_def_0_4297.jpeg,def_front,def_front,True,1.0
C:\Users\jackm\CodingFolder\Electronics-Manufacturing-Capstone-26-27\data_grouped\val\def_front\cast_def_0_4321.jpeg,def_front,def_front,True,1.0
C:\Users\jackm\CodingFolder\Electronics-Manufacturing-Capstone-26-27\data_grouped\val\def_front\cast_def_0_4327.jpeg,def_front,def_front,True,1.0
C:\Users\jackm\CodingFolder\Electronics-Manufacturing-Capstone-26-27\data_grouped\val\def_front\cast_def_0_4337.jpeg,def_front,def_front,True,1.0
C:\Users\jackm\CodingFolder\Electronics-Manufacturing-Capstone-26-27\data_grouped\val\def_front\cast_def_0_436.jpeg,def_front,def_front,True,1.0
C:\Users\jackm\CodingFolder\Electronics-Manufacturing-Capstone-26-27\data_grouped\val\def_front\cast_def_0_4386.jpeg,def_front,def_front,True,1.0
C:\Users\jackm\CodingFolder\Electronics-Manufacturing-Capstone-26-27\data_grouped\val\def_front\cast_def_0_4429.jpeg,def_front,def_front,True,1.0
C:\Users\jackm\CodingFolder\Electronics-Manufacturing-Capstone-26-27\data_grouped\val\def_front\cast_def_0_4430.jpeg,def_front,def_front,True,1.0
C:\Users\jackm\CodingFolder\Electronics-Manufacturing-Capstone-26-27\data_grouped\val\def_front\cast_def_0_4434.jpeg,def_front,def_front,True,1.0
C:\Users\jackm\CodingFolder\Electronics-Manufacturing-Capstone-26-27\data_grouped\val\def_front\cast_def_0_4436.jpeg,def_front,def_front,True,1.0
C:\Users\jackm\CodingFolder\Electronics-Manufacturing-Capstone-26-27\data_grouped\val\def_front\cast_def_0_4458.jpeg,def_front,def_front,True,1.0
C:\Users\jackm\CodingFolder\Electronics-Manufacturing-Capstone-26-27\data_grouped\val\def_front\cast_def_0_4475.jpeg,def_front,def_front,True,1.0
C:\Users\jackm\CodingFolder\Electronics-Manufacturing-Capstone-26-27\data_grouped\val\def_front\cast_def_0_4476.jpeg,def_front,def_front,True,1.0
C:\Users\jackm\CodingFolder\Electronics-Manufacturing-Capstone-26-27\data_grouped\val\def_front\cast_def_0_451.jpeg,def_front,def_front,True,1.0
C:\Users\jackm\CodingFolder\Electronics-Manufacturing-Capstone-26-27\data_grouped\val\def_front\cast_def_0_452.jpeg,def_front,def_front,True,1.0
C:\Users\jackm\CodingFolder\Electronics-Manufacturing-Capstone-26-27\data_grouped\val\def_front\cast_def_0_4527.jpeg,def_front,def_front,True,1.0
C:\Users\jackm\CodingFolder\Electronics-Manufacturing-Capstone-26-27\data_grouped\val\def_front\cast_def_0_459.jpeg,def_front,def_front,True,1.0
C:\Users\jackm\CodingFolder\Electronics-Manufacturing-Capstone-26-27\data_grouped\val\def_front\cast_def_0_4592.jpeg,def_front,def_front,True,1.0
C:\Users\jackm\CodingFolder\Electronics-Manufacturing-Capstone-26-27\data_grouped\val\def_front\cast_def_0_4609.jpeg,def_front,def_front,True,1.0
C:\Users\jackm\CodingFolder\Electronics-Manufacturing-Capstone-26-27\data_grouped\val\def_front\cast_def_0_4625.jpeg,def_front,def_front,True,1.0
C:\Users\jackm\CodingFolder\Electronics-Manufacturing-Capstone-26-27\data_grouped\val\def_front\cast_def_0_4654.jpeg,def_front,def_front,True,1.0
C:\Users\jackm\CodingFolder\Electronics-Manufacturing-Capstone-26-27\data_grouped\val\def_front\cast_def_0_4668.jpeg,def_front,def_front,True,1.0
C:\Users\jackm\CodingFolder\Electronics-Manufacturing-Capstone-26-27\data_grouped\val\def_front\cast_def_0_4704.jpeg,def_front,def_front,True,1.0
C:\Users\jackm\CodingFolder\Electronics-Manufacturing-Capstone-26-27\data_grouped\val\def_front\cast_def_0_4719.jpeg,def_front,def_front,True,1.0
C:\Users\jackm\CodingFolder\Electronics-Manufacturing-Capstone-26-27\data_grouped\val\def_front\cast_def_0_4765.jpeg,def_front,def_front,True,1.0
C:\Users\jackm\CodingFolder\Electronics-Manufacturing-Capstone-26-27\data_grouped\val\def_front\cast_def_0_485.jpeg,def_front,def_front,True,1.0
C:\Users\jackm\CodingFolder\Electronics-Manufacturing-Capstone-26-27\data_grouped\val\def_front\cast_def_0_4884.jpeg,def_front,def_front,True,1.0
C:\Users\jackm\CodingFolder\Electronics-Manufacturing-Capstone-26-27\data_grouped\val\def_front\cast_def_0_4889.jpeg,def_front,def_front,True,1.0
C:\Users\jackm\CodingFolder\Electronics-Manufacturing-Capstone-26-27\data_grouped\val\def_front\cast_def_0_4900.jpeg,def_front,def_front,True,1.0
C:\Users\jackm\CodingFolder\Electronics-Manufacturing-Capstone-26-27\data_grouped\val\def_front\cast_def_0_4937.jpeg,def_front,def_front,True,1.0
C:\Users\jackm\CodingFolder\Electronics-Manufacturing-Capstone-26-27\data_grouped\val\def_front\cast_def_0_4944.jpeg,def_front,def_front,True,1.0
C:\Users\jackm\CodingFolder\Electronics-Manufacturing-Capstone-26-27\data_grouped\val\def_front\cast_def_0_4951.jpeg,def_front,def_front,True,1.0
C:\Users\jackm\CodingFolder\Electronics-Manufacturing-Capstone-26-27\data_grouped\val\def_front\cast_def_0_4954.jpeg,def_front,def_front,True,1.0
C:\Users\jackm\CodingFolder\Electronics-Manufacturing-Capstone-26-27\data_grouped\val\def_front\cast_def_0_5018.jpeg,def_front,def_front,True,1.0
C:\Users\jackm\CodingFolder\Electronics-Manufacturing-Capstone-26-27\data_grouped\val\def_front\cast_def_0_5039.jpeg,def_front,def_front,True,1.0
C:\Users\jackm\CodingFolder\Electronics-Manufacturing-Capstone-26-27\data_grouped\val\def_front\cast_def_0_5070.jpeg,def_front,def_front,True,1.0
C:\Users\jackm\CodingFolder\Electronics-Manufacturing-Capstone-26-27\data_grouped\val\def_front\cast_def_0_5117.jpeg,def_front,def_front,True,1.0
C:\Users\jackm\CodingFolder\Electronics-Manufacturing-Capstone-26-27\data_grouped\val\def_front\cast_def_0_5124.jpeg,def_front,def_front,True,1.0
C:\Users\jackm\CodingFolder\Electronics-Manufacturing-Capstone-26-27\data_grouped\val\def_front\cast_def_0_5134.jpeg,def_front,def_front,True,1.0
C:\Users\jackm\CodingFolder\Electronics-Manufacturing-Capstone-26-27\data_grouped\val\def_front\cast_def_0_5141.jpeg,def_front,def_front,True,1.0
C:\Users\jackm\CodingFolder\Electronics-Manufacturing-Capstone-26-27\data_grouped\val\def_front\cast_def_0_515.jpeg,def_front,def_front,True,1.0
C:\Users\jackm\CodingFolder\Electronics-Manufacturing-Capstone-26-27\data_grouped\val\def_front\cast_def_0_5185.jpeg,def_front,def_front,True,1.0
C:\Users\jackm\CodingFolder\Electronics-Manufacturing-Capstone-26-27\data_grouped\val\def_front\cast_def_0_5199.jpeg,def_front,def_front,True,1.0
C:\Users\jackm\CodingFolder\Electronics-Manufacturing-Capstone-26-27\data_grouped\val\def_front\cast_def_0_5207.jpeg,def_front,def_front,True,1.0
C:\Users\jackm\CodingFolder\Electronics-Manufacturing-Capstone-26-27\data_grouped\val\def_front\cast_def_0_5230.jpeg,def_front,def_front,True,1.0
C:\Users\jackm\CodingFolder\Electronics-Manufacturing-Capstone-26-27\data_grouped\val\def_front\cast_def_0_5260.jpeg,def_front,def_front,True,1.0
C:\Users\jackm\CodingFolder\Electronics-Manufacturing-Capstone-26-27\data_grouped\val\def_front\cast_def_0_5310.jpeg,def_front,def_front,True,1.0
C:\Users\jackm\CodingFolder\Electronics-Manufacturing-Capstone-26-27\data_grouped\val\def_front\cast_def_0_5319.jpeg,def_front,def_front,True,1.0
C:\Users\jackm\CodingFolder\Electronics-Manufacturing-Capstone-26-27\data_grouped\val\def_front\cast_def_0_535.jpeg,def_front,def_front,True,1.0
C:\Users\jackm\CodingFolder\Electronics-Manufacturing-Capstone-26-27\data_grouped\val\def_front\cast_def_0_5362.jpeg,def_front,def_front,True,1.0
C:\Users\jackm\CodingFolder\Electronics-Manufacturing-Capstone-26-27\data_grouped\val\def_front\cast_def_0_5363.jpeg,def_front,def_front,True,1.0
C:\Users\jackm\CodingFolder\Electronics-Manufacturing-Capstone-26-27\data_grouped\val\def_front\cast_def_0_5371.jpeg,def_front,def_front,True,1.0
C:\Users\jackm\CodingFolder\Electronics-Manufacturing-Capstone-26-27\data_grouped\val\def_front\cast_def_0_5426.jpeg,def_front,def_front,True,1.0
C:\Users\jackm\CodingFolder\Electronics-Manufacturing-Capstone-26-27\data_grouped\val\def_front\cast_def_0_543.jpeg,def_front,def_front,True,1.0
C:\Users\jackm\CodingFolder\Electronics-Manufacturing-Capstone-26-27\data_grouped\val\def_front\cast_def_0_5459.jpeg,def_front,def_front,True,1.0
C:\Users\jackm\CodingFolder\Electronics-Manufacturing-Capstone-26-27\data_grouped\val\def_front\cast_def_0_5518.jpeg,def_front,def_front,True,1.0
C:\Users\jackm\CodingFolder\Electronics-Manufacturing-Capstone-26-27\data_grouped\val\def_front\cast_def_0_5546.jpeg,def_front,def_front,True,1.0
C:\Users\jackm\CodingFolder\Electronics-Manufacturing-Capstone-26-27\data_grouped\val\def_front\cast_def_0_5557.jpeg,def_front,def_front,True,1.0
C:\Users\jackm\CodingFolder\Electronics-Manufacturing-Capstone-26-27\data_grouped\val\def_front\cast_def_0_5604.jpeg,def_front,def_front,True,1.0
C:\Users\jackm\CodingFolder\Electronics-Manufacturing-Capstone-26-27\data_grouped\val\def_front\cast_def_0_566.jpeg,def_front,def_front,True,1.0
C:\Users\jackm\CodingFolder\Electronics-Manufacturing-Capstone-26-27\data_grouped\val\def_front\cast_def_0_5688.jpeg,def_front,def_front,True,1.0
C:\Users\jackm\CodingFolder\Electronics-Manufacturing-Capstone-26-27\data_grouped\val\def_front\cast_def_0_5689.jpeg,def_front,def_front,True,1.0
C:\Users\jackm\CodingFolder\Electronics-Manufacturing-Capstone-26-27\data_grouped\val\def_front\cast_def_0_5708.jpeg,def_front,def_front,True,1.0
C:\Users\jackm\CodingFolder\Electronics-Manufacturing-Capstone-26-27\data_grouped\val\def_front\cast_def_0_571.jpeg,def_front,def_front,True,1.0
C:\Users\jackm\CodingFolder\Electronics-Manufacturing-Capstone-26-27\data_grouped\val\def_front\cast_def_0_5722.jpeg,def_front,def_front,True,1.0
C:\Users\jackm\CodingFolder\Electronics-Manufacturing-Capstone-26-27\data_grouped\val\def_front\cast_def_0_5733.jpeg,def_front,def_front,True,1.0
C:\Users\jackm\CodingFolder\Electronics-Manufacturing-Capstone-26-27\data_grouped\val\def_front\cast_def_0_5753.jpeg,def_front,def_front,True,1.0
C:\Users\jackm\CodingFolder\Electronics-Manufacturing-Capstone-26-27\data_grouped\val\def_front\cast_def_0_5766.jpeg,def_front,def_front,True,1.0
C:\Users\jackm\CodingFolder\Electronics-Manufacturing-Capstone-26-27\data_grouped\val\def_front\cast_def_0_5768.jpeg,def_front,def_front,True,1.0
C:\Users\jackm\CodingFolder\Electronics-Manufacturing-Capstone-26-27\data_grouped\val\def_front\cast_def_0_5776.jpeg,def_front,def_front,True,1.0
C:\Users\jackm\CodingFolder\Electronics-Manufacturing-Capstone-26-27\data_grouped\val\def_front\cast_def_0_5799.jpeg,def_front,def_front,True,1.0
C:\Users\jackm\CodingFolder\Electronics-Manufacturing-Capstone-26-27\data_grouped\val\def_front\cast_def_0_5806.jpeg,def_front,def_front,True,1.0
C:\Users\jackm\CodingFolder\Electronics-Manufacturing-Capstone-26-27\data_grouped\val\def_front\cast_def_0_5858.jpeg,def_front,def_front,True,1.0
C:\Users\jackm\CodingFolder\Electronics-Manufacturing-Capstone-26-27\data_grouped\val\def_front\cast_def_0_5872.jpeg,def_front,def_front,True,1.0
C:\Users\jackm\CodingFolder\Electronics-Manufacturing-Capstone-26-27\data_grouped\val\def_front\cast_def_0_5896.jpeg,def_front,def_front,True,1.0
C:\Users\jackm\CodingFolder\Electronics-Manufacturing-Capstone-26-27\data_grouped\val\def_front\cast_def_0_590.jpeg,def_front,def_front,True,1.0
C:\Users\jackm\CodingFolder\Electronics-Manufacturing-Capstone-26-27\data_grouped\val\def_front\cast_def_0_591.jpeg,def_front,def_front,True,1.0
C:\Users\jackm\CodingFolder\Electronics-Manufacturing-Capstone-26-27\data_grouped\val\def_front\cast_def_0_5962.jpeg,def_front,def_front,True,1.0
C:\Users\jackm\CodingFolder\Electronics-Manufacturing-Capstone-26-27\data_grouped\val\def_front\cast_def_0_5963.jpeg,def_front,def_front,True,1.0
C:\Users\jackm\CodingFolder\Electronics-Manufacturing-Capstone-26-27\data_grouped\val\def_front\cast_def_0_5976.jpeg,def_front,def_front,True,1.0
C:\Users\jackm\CodingFolder\Electronics-Manufacturing-Capstone-26-27\data_grouped\val\def_front\cast_def_0_6017.jpeg,def_front,def_front,True,1.0
C:\Users\jackm\CodingFolder\Electronics-Manufacturing-Capstone-26-27\data_grouped\val\def_front\cast_def_0_6055.jpeg,def_front,def_front,True,1.0
C:\Users\jackm\CodingFolder\Electronics-Manufacturing-Capstone-26-27\data_grouped\val\def_front\cast_def_0_6135.jpeg,def_front,def_front,True,1.0
C:\Users\jackm\CodingFolder\Electronics-Manufacturing-Capstone-26-27\data_grouped\val\def_front\cast_def_0_6174.jpeg,def_front,def_front,True,1.0
C:\Users\jackm\CodingFolder\Electronics-Manufacturing-Capstone-26-27\data_grouped\val\def_front\cast_def_0_6213.jpeg,def_front,def_front,True,1.0
C:\Users\jackm\CodingFolder\Electronics-Manufacturing-Capstone-26-27\data_grouped\val\def_front\cast_def_0_6227.jpeg,def_front,def_front,True,1.0
C:\Users\jackm\CodingFolder\Electronics-Manufacturing-Capstone-26-27\data_grouped\val\def_front\cast_def_0_6255.jpeg,def_front,def_front,True,1.0
C:\Users\jackm\CodingFolder\Electronics-Manufacturing-Capstone-26-27\data_grouped\val\def_front\cast_def_0_6264.jpeg,def_front,def_front,True,1.0
C:\Users\jackm\CodingFolder\Electronics-Manufacturing-Capstone-26-27\data_grouped\val\def_front\cast_def_0_6269.jpeg,def_front,def_front,True,1.0
C:\Users\jackm\CodingFolder\Electronics-Manufacturing-Capstone-26-27\data_grouped\val\def_front\cast_def_0_6285.jpeg,def_front,def_front,True,1.0
C:\Users\jackm\CodingFolder\Electronics-Manufacturing-Capstone-26-27\data_grouped\val\def_front\cast_def_0_6326.jpeg,def_front,def_front,True,1.0
C:\Users\jackm\CodingFolder\Electronics-Manufacturing-Capstone-26-27\data_grouped\val\def_front\cast_def_0_6339.jpeg,def_front,def_front,True,1.0
C:\Users\jackm\CodingFolder\Electronics-Manufacturing-Capstone-26-27\data_grouped\val\def_front\cast_def_0_6374.jpeg,def_front,def_front,True,1.0
C:\Users\jackm\CodingFolder\Electronics-Manufacturing-Capstone-26-27\data_grouped\val\def_front\cast_def_0_640.jpeg,def_front,def_front,True,1.0
C:\Users\jackm\CodingFolder\Electronics-Manufacturing-Capstone-26-27\data_grouped\val\def_front\cast_def_0_6420.jpeg,def_front,def_front,True,1.0
C:\Users\jackm\CodingFolder\Electronics-Manufacturing-Capstone-26-27\data_grouped\val\def_front\cast_def_0_6422.jpeg,def_front,def_front,True,1.0
C:\Users\jackm\CodingFolder\Electronics-Manufacturing-Capstone-26-27\data_grouped\val\def_front\cast_def_0_6456.jpeg,def_front,def_front,True,1.0
C:\Users\jackm\CodingFolder\Electronics-Manufacturing-Capstone-26-27\data_grouped\val\def_front\cast_def_0_6480.jpeg,def_front,def_front,True,1.0
C:\Users\jackm\CodingFolder\Electronics-Manufacturing-Capstone-26-27\data_grouped\val\def_front\cast_def_0_650.jpeg,def_front,def_front,True,1.0
C:\Users\jackm\CodingFolder\Electronics-Manufacturing-Capstone-26-27\data_grouped\val\def_front\cast_def_0_6577.jpeg,def_front,def_front,True,1.0
C:\Users\jackm\CodingFolder\Electronics-Manufacturing-Capstone-26-27\data_grouped\val\def_front\cast_def_0_6584.jpeg,def_front,def_front,True,1.0
C:\Users\jackm\CodingFolder\Electronics-Manufacturing-Capstone-26-27\data_grouped\val\def_front\cast_def_0_659.jpeg,def_front,def_front,True,1.0
C:\Users\jackm\CodingFolder\Electronics-Manufacturing-Capstone-26-27\data_grouped\val\def_front\cast_def_0_6605.jpeg,def_front,def_front,True,1.0
C:\Users\jackm\CodingFolder\Electronics-Manufacturing-Capstone-26-27\data_grouped\val\def_front\cast_def_0_6616.jpeg,def_front,def_front,True,1.0
C:\Users\jackm\CodingFolder\Electronics-Manufacturing-Capstone-26-27\data_grouped\val\def_front\cast_def_0_6626.jpeg,def_front,def_front,True,1.0
C:\Users\jackm\CodingFolder\Electronics-Manufacturing-Capstone-26-27\data_grouped\val\def_front\cast_def_0_6648.jpeg,def_front,def_front,True,1.0
C:\Users\jackm\CodingFolder\Electronics-Manufacturing-Capstone-26-27\data_grouped\val\def_front\cast_def_0_6660.jpeg,def_front,def_front,True,1.0
C:\Users\jackm\CodingFolder\Electronics-Manufacturing-Capstone-26-27\data_grouped\val\def_front\cast_def_0_6676.jpeg,def_front,def_front,True,1.0
C:\Users\jackm\CodingFolder\Electronics-Manufacturing-Capstone-26-27\data_grouped\val\def_front\cast_def_0_6687.jpeg,def_front,def_front,True,1.0
C:\Users\jackm\CodingFolder\Electronics-Manufacturing-Capstone-26-27\data_grouped\val\def_front\cast_def_0_669.jpeg,def_front,def_front,True,1.0
C:\Users\jackm\CodingFolder\Electronics-Manufacturing-Capstone-26-27\data_grouped\val\def_front\cast_def_0_6706.jpeg,def_front,def_front,True,1.0
C:\Users\jackm\CodingFolder\Electronics-Manufacturing-Capstone-26-27\data_grouped\val\def_front\cast_def_0_6734.jpeg,def_front,def_front,True,1.0
C:\Users\jackm\CodingFolder\Electronics-Manufacturing-Capstone-26-27\data_grouped\val\def_front\cast_def_0_6750.jpeg,def_front,def_front,True,1.0
C:\Users\jackm\CodingFolder\Electronics-Manufacturing-Capstone-26-27\data_grouped\val\def_front\cast_def_0_6776.jpeg,def_front,def_front,True,1.0
C:\Users\jackm\CodingFolder\Electronics-Manufacturing-Capstone-26-27\data_grouped\val\def_front\cast_def_0_6779.jpeg,def_front,def_front,True,1.0
C:\Users\jackm\CodingFolder\Electronics-Manufacturing-Capstone-26-27\data_grouped\val\def_front\cast_def_0_682.jpeg,def_front,def_front,True,1.0
C:\Users\jackm\CodingFolder\Electronics-Manufacturing-Capstone-26-27\data_grouped\val\def_front\cast_def_0_6853.jpeg,def_front,def_front,True,1.0
C:\Users\jackm\CodingFolder\Electronics-Manufacturing-Capstone-26-27\data_grouped\val\def_front\cast_def_0_6885.jpeg,def_front,def_front,True,1.0
C:\Users\jackm\CodingFolder\Electronics-Manufacturing-Capstone-26-27\data_grouped\val\def_front\cast_def_0_6890.jpeg,def_front,def_front,True,1.0
C:\Users\jackm\CodingFolder\Electronics-Manufacturing-Capstone-26-27\data_grouped\val\def_front\cast_def_0_69.jpeg,def_front,def_front,True,1.0
C:\Users\jackm\CodingFolder\Electronics-Manufacturing-Capstone-26-27\data_grouped\val\def_front\cast_def_0_6906.jpeg,def_front,def_front,True,1.0
C:\Users\jackm\CodingFolder\Electronics-Manufacturing-Capstone-26-27\data_grouped\val\def_front\cast_def_0_6947.jpeg,def_front,def_front,True,1.0
C:\Users\jackm\CodingFolder\Electronics-Manufacturing-Capstone-26-27\data_grouped\val\def_front\cast_def_0_695.jpeg,def_front,def_front,True,1.0
C:\Users\jackm\CodingFolder\Electronics-Manufacturing-Capstone-26-27\data_grouped\val\def_front\cast_def_0_6960.jpeg,def_front,def_front,True,1.0
C:\Users\jackm\CodingFolder\Electronics-Manufacturing-Capstone-26-27\data_grouped\val\def_front\cast_def_0_6968.jpeg,def_front,def_front,True,1.0
C:\Users\jackm\CodingFolder\Electronics-Manufacturing-Capstone-26-27\data_grouped\val\def_front\cast_def_0_6978.jpeg,def_front,def_front,True,1.0
C:\Users\jackm\CodingFolder\Electronics-Manufacturing-Capstone-26-27\data_grouped\val\def_front\cast_def_0_6996.jpeg,def_front,def_front,True,1.0
C:\Users\jackm\CodingFolder\Electronics-Manufacturing-Capstone-26-27\data_grouped\val\def_front\cast_def_0_7002.jpeg,def_front,def_front,True,1.0
C:\Users\jackm\CodingFolder\Electronics-Manufacturing-Capstone-26-27\data_grouped\val\def_front\cast_def_0_7003.jpeg,def_front,def_front,True,1.0
C:\Users\jackm\CodingFolder\Electronics-Manufacturing-Capstone-26-27\data_grouped\val\def_front\cast_def_0_7011.jpeg,def_front,def_front,True,1.0
C:\Users\jackm\CodingFolder\Electronics-Manufacturing-Capstone-26-27\data_grouped\val\def_front\cast_def_0_7126.jpeg,def_front,def_front,True,1.0
C:\Users\jackm\CodingFolder\Electronics-Manufacturing-Capstone-26-27\data_grouped\val\def_front\cast_def_0_7149.jpeg,def_front,def_front,True,1.0
C:\Users\jackm\CodingFolder\Electronics-Manufacturing-Capstone-26-27\data_grouped\val\def_front\cast_def_0_7163.jpeg,def_front,def_front,True,1.0
C:\Users\jackm\CodingFolder\Electronics-Manufacturing-Capstone-26-27\data_grouped\val\def_front\cast_def_0_7186.jpeg,def_front,def_front,True,1.0
C:\Users\jackm\CodingFolder\Electronics-Manufacturing-Capstone-26-27\data_grouped\val\def_front\cast_def_0_7206.jpeg,def_front,def_front,True,1.0
C:\Users\jackm\CodingFolder\Electronics-Manufacturing-Capstone-26-27\data_grouped\val\def_front\cast_def_0_7209.jpeg,def_front,def_front,True,1.0
C:\Users\jackm\CodingFolder\Electronics-Manufacturing-Capstone-26-27\data_grouped\val\def_front\cast_def_0_7212.jpeg,def_front,def_front,True,1.0
C:\Users\jackm\CodingFolder\Electronics-Manufacturing-Capstone-26-27\data_grouped\val\def_front\cast_def_0_7224.jpeg,def_front,def_front,True,1.0
C:\Users\jackm\CodingFolder\Electronics-Manufacturing-Capstone-26-27\data_grouped\val\def_front\cast_def_0_7273.jpeg,def_front,def_front,True,1.0
C:\Users\jackm\CodingFolder\Electronics-Manufacturing-Capstone-26-27\data_grouped\val\def_front\cast_def_0_729.jpeg,def_front,def_front,True,1.0
C:\Users\jackm\CodingFolder\Electronics-Manufacturing-Capstone-26-27\data_grouped\val\def_front\cast_def_0_732.jpeg,def_front,def_front,True,1.0
C:\Users\jackm\CodingFolder\Electronics-Manufacturing-Capstone-26-27\data_grouped\val\def_front\cast_def_0_7331.jpeg,def_front,def_front,True,1.0
C:\Users\jackm\CodingFolder\Electronics-Manufacturing-Capstone-26-27\data_grouped\val\def_front\cast_def_0_7332.jpeg,def_front,def_front,True,1.0
C:\Users\jackm\CodingFolder\Electronics-Manufacturing-Capstone-26-27\data_grouped\val\def_front\cast_def_0_734.jpeg,def_front,def_front,True,1.0
C:\Users\jackm\CodingFolder\Electronics-Manufacturing-Capstone-26-27\data_grouped\val\def_front\cast_def_0_7366.jpeg,def_front,def_front,True,1.0
C:\Users\jackm\CodingFolder\Electronics-Manufacturing-Capstone-26-27\data_grouped\val\def_front\cast_def_0_7397.jpeg,def_front,def_front,True,1.0
C:\Users\jackm\CodingFolder\Electronics-Manufacturing-Capstone-26-27\data_grouped\val\def_front\cast_def_0_7407.jpeg,def_front,def_front,True,1.0
C:\Users\jackm\CodingFolder\Electronics-Manufacturing-Capstone-26-27\data_grouped\val\def_front\cast_def_0_7416.jpeg,def_front,def_front,True,1.0
C:\Users\jackm\CodingFolder\Electronics-Manufacturing-Capstone-26-27\data_grouped\val\def_front\cast_def_0_7420.jpeg,def_front,def_front,True,1.0
C:\Users\jackm\CodingFolder\Electronics-Manufacturing-Capstone-26-27\data_grouped\val\def_front\cast_def_0_7442.jpeg,def_front,def_front,True,1.0
C:\Users\jackm\CodingFolder\Electronics-Manufacturing-Capstone-26-27\data_grouped\val\def_front\cast_def_0_7495.jpeg,def_front,def_front,True,1.0
C:\Users\jackm\CodingFolder\Electronics-Manufacturing-Capstone-26-27\data_grouped\val\def_front\cast_def_0_7501.jpeg,def_front,def_front,True,1.0
C:\Users\jackm\CodingFolder\Electronics-Manufacturing-Capstone-26-27\data_grouped\val\def_front\cast_def_0_7556.jpeg,def_front,def_front,True,1.0
C:\Users\jackm\CodingFolder\Electronics-Manufacturing-Capstone-26-27\data_grouped\val\def_front\cast_def_0_7580.jpeg,def_front,def_front,True,1.0
C:\Users\jackm\CodingFolder\Electronics-Manufacturing-Capstone-26-27\data_grouped\val\def_front\cast_def_0_7596.jpeg,def_front,def_front,True,1.0
C:\Users\jackm\CodingFolder\Electronics-Manufacturing-Capstone-26-27\data_grouped\val\def_front\cast_def_0_7610.jpeg,def_front,def_front,True,1.0
C:\Users\jackm\CodingFolder\Electronics-Manufacturing-Capstone-26-27\data_grouped\val\def_front\cast_def_0_7653.jpeg,def_front,def_front,True,1.0
C:\Users\jackm\CodingFolder\Electronics-Manufacturing-Capstone-26-27\data_grouped\val\def_front\cast_def_0_7679.jpeg,def_front,def_front,True,1.0
C:\Users\jackm\CodingFolder\Electronics-Manufacturing-Capstone-26-27\data_grouped\val\def_front\cast_def_0_7692.jpeg,def_front,def_front,True,1.0
C:\Users\jackm\CodingFolder\Electronics-Manufacturing-Capstone-26-27\data_grouped\val\def_front\cast_def_0_7713.jpeg,def_front,def_front,True,1.0
C:\Users\jackm\CodingFolder\Electronics-Manufacturing-Capstone-26-27\data_grouped\val\def_front\cast_def_0_7726.jpeg,def_front,def_front,True,1.0
C:\Users\jackm\CodingFolder\Electronics-Manufacturing-Capstone-26-27\data_grouped\val\def_front\cast_def_0_7774.jpeg,def_front,def_front,True,1.0
C:\Users\jackm\CodingFolder\Electronics-Manufacturing-Capstone-26-27\data_grouped\val\def_front\cast_def_0_7805.jpeg,def_front,def_front,True,1.0
C:\Users\jackm\CodingFolder\Electronics-Manufacturing-Capstone-26-27\data_grouped\val\def_front\cast_def_0_7814.jpeg,def_front,def_front,True,1.0
C:\Users\jackm\CodingFolder\Electronics-Manufacturing-Capstone-26-27\data_grouped\val\def_front\cast_def_0_7863.jpeg,def_front,def_front,True,1.0
C:\Users\jackm\CodingFolder\Electronics-Manufacturing-Capstone-26-27\data_grouped\val\def_front\cast_def_0_7875.jpeg,def_front,def_front,True,1.0
C:\Users\jackm\CodingFolder\Electronics-Manufacturing-Capstone-26-27\data_grouped\val\def_front\cast_def_0_7892.jpeg,def_front,def_front,True,1.0
C:\Users\jackm\CodingFolder\Electronics-Manufacturing-Capstone-26-27\data_grouped\val\def_front\cast_def_0_7910.jpeg,def_front,def_front,True,1.0
C:\Users\jackm\CodingFolder\Electronics-Manufacturing-Capstone-26-27\data_grouped\val\def_front\cast_def_0_7911.jpeg,def_front,def_front,True,1.0
C:\Users\jackm\CodingFolder\Electronics-Manufacturing-Capstone-26-27\data_grouped\val\def_front\cast_def_0_7929.jpeg,def_front,def_front,True,1.0
C:\Users\jackm\CodingFolder\Electronics-Manufacturing-Capstone-26-27\data_grouped\val\def_front\cast_def_0_7953.jpeg,def_front,def_front,True,1.0
C:\Users\jackm\CodingFolder\Electronics-Manufacturing-Capstone-26-27\data_grouped\val\def_front\cast_def_0_8066.jpeg,def_front,def_front,True,1.0
C:\Users\jackm\CodingFolder\Electronics-Manufacturing-Capstone-26-27\data_grouped\val\def_front\cast_def_0_8069.jpeg,def_front,def_front,True,1.0
C:\Users\jackm\CodingFolder\Electronics-Manufacturing-Capstone-26-27\data_grouped\val\def_front\cast_def_0_8072.jpeg,def_front,def_front,True,1.0
C:\Users\jackm\CodingFolder\Electronics-Manufacturing-Capstone-26-27\data_grouped\val\def_front\cast_def_0_808.jpeg,def_front,def_front,True,1.0
C:\Users\jackm\CodingFolder\Electronics-Manufacturing-Capstone-26-27\data_grouped\val\def_front\cast_def_0_8106.jpeg,def_front,def_front,True,1.0
C:\Users\jackm\CodingFolder\Electronics-Manufacturing-Capstone-26-27\data_grouped\val\def_front\cast_def_0_8113.jpeg,def_front,def_front,True,1.0
C:\Users\jackm\CodingFolder\Electronics-Manufacturing-Capstone-26-27\data_grouped\val\def_front\cast_def_0_8129.jpeg,def_front,def_front,True,1.0
C:\Users\jackm\CodingFolder\Electronics-Manufacturing-Capstone-26-27\data_grouped\val\def_front\cast_def_0_8139.jpeg,def_front,def_front,True,1.0
C:\Users\jackm\CodingFolder\Electronics-Manufacturing-Capstone-26-27\data_grouped\val\def_front\cast_def_0_8167.jpeg,def_front,def_front,True,1.0
C:\Users\jackm\CodingFolder\Electronics-Manufacturing-Capstone-26-27\data_grouped\val\def_front\cast_def_0_819.jpeg,def_front,def_front,True,1.0
C:\Users\jackm\CodingFolder\Electronics-Manufacturing-Capstone-26-27\data_grouped\val\def_front\cast_def_0_8215.jpeg,def_front,def_front,True,1.0
C:\Users\jackm\CodingFolder\Electronics-Manufacturing-Capstone-26-27\data_grouped\val\def_front\cast_def_0_8238.jpeg,def_front,def_front,True,1.0
C:\Users\jackm\CodingFolder\Electronics-Manufacturing-Capstone-26-27\data_grouped\val\def_front\cast_def_0_8243.jpeg,def_front,def_front,True,1.0
C:\Users\jackm\CodingFolder\Electronics-Manufacturing-Capstone-26-27\data_grouped\val\def_front\cast_def_0_8252.jpeg,def_front,def_front,True,1.0
C:\Users\jackm\CodingFolder\Electronics-Manufacturing-Capstone-26-27\data_grouped\val\def_front\cast_def_0_8256.jpeg,def_front,def_front,True,1.0
C:\Users\jackm\CodingFolder\Electronics-Manufacturing-Capstone-26-27\data_grouped\val\def_front\cast_def_0_826.jpeg,def_front,def_front,True,1.0
C:\Users\jackm\CodingFolder\Electronics-Manufacturing-Capstone-26-27\data_grouped\val\def_front\cast_def_0_8260.jpeg,def_front,def_front,True,1.0
C:\Users\jackm\CodingFolder\Electronics-Manufacturing-Capstone-26-27\data_grouped\val\def_front\cast_def_0_8265.jpeg,def_front,def_front,True,1.0
C:\Users\jackm\CodingFolder\Electronics-Manufacturing-Capstone-26-27\data_grouped\val\def_front\cast_def_0_8266.jpeg,def_front,def_front,True,1.0
C:\Users\jackm\CodingFolder\Electronics-Manufacturing-Capstone-26-27\data_grouped\val\def_front\cast_def_0_8323.jpeg,def_front,def_front,True,1.0
C:\Users\jackm\CodingFolder\Electronics-Manufacturing-Capstone-26-27\data_grouped\val\def_front\cast_def_0_8331.jpeg,def_front,def_front,True,1.0
C:\Users\jackm\CodingFolder\Electronics-Manufacturing-Capstone-26-27\data_grouped\val\def_front\cast_def_0_8333.jpeg,def_front,def_front,True,1.0
C:\Users\jackm\CodingFolder\Electronics-Manufacturing-Capstone-26-27\data_grouped\val\def_front\cast_def_0_8356.jpeg,def_front,def_front,True,1.0
C:\Users\jackm\CodingFolder\Electronics-Manufacturing-Capstone-26-27\data_grouped\val\def_front\cast_def_0_8358.jpeg,def_front,def_front,True,1.0
C:\Users\jackm\CodingFolder\Electronics-Manufacturing-Capstone-26-27\data_grouped\val\def_front\cast_def_0_8359.jpeg,def_front,def_front,True,1.0
C:\Users\jackm\CodingFolder\Electronics-Manufacturing-Capstone-26-27\data_grouped\val\def_front\cast_def_0_8376.jpeg,def_front,def_front,True,1.0
C:\Users\jackm\CodingFolder\Electronics-Manufacturing-Capstone-26-27\data_grouped\val\def_front\cast_def_0_8403.jpeg,def_front,def_front,True,1.0
C:\Users\jackm\CodingFolder\Electronics-Manufacturing-Capstone-26-27\data_grouped\val\def_front\cast_def_0_8409.jpeg,def_front,def_front,True,1.0
C:\Users\jackm\CodingFolder\Electronics-Manufacturing-Capstone-26-27\data_grouped\val\def_front\cast_def_0_8413.jpeg,def_front,def_front,True,1.0
C:\Users\jackm\CodingFolder\Electronics-Manufacturing-Capstone-26-27\data_grouped\val\def_front\cast_def_0_8416.jpeg,def_front,def_front,True,1.0
C:\Users\jackm\CodingFolder\Electronics-Manufacturing-Capstone-26-27\data_grouped\val\def_front\cast_def_0_8417.jpeg,def_front,def_front,True,1.0
C:\Users\jackm\CodingFolder\Electronics-Manufacturing-Capstone-26-27\data_grouped\val\def_front\cast_def_0_8418.jpeg,def_front,def_front,True,1.0
C:\Users\jackm\CodingFolder\Electronics-Manufacturing-Capstone-26-27\data_grouped\val\def_front\cast_def_0_8483.jpeg,def_front,def_front,True,1.0
C:\Users\jackm\CodingFolder\Electronics-Manufacturing-Capstone-26-27\data_grouped\val\def_front\cast_def_0_8487.jpeg,def_front,def_front,True,1.0
C:\Users\jackm\CodingFolder\Electronics-Manufacturing-Capstone-26-27\data_grouped\val\def_front\cast_def_0_8583.jpeg,def_front,def_front,True,1.0
C:\Users\jackm\CodingFolder\Electronics-Manufacturing-Capstone-26-27\data_grouped\val\def_front\cast_def_0_8594.jpeg,def_front,def_front,True,1.0
C:\Users\jackm\CodingFolder\Electronics-Manufacturing-Capstone-26-27\data_grouped\val\def_front\cast_def_0_8610.jpeg,def_front,def_front,True,1.0
C:\Users\jackm\CodingFolder\Electronics-Manufacturing-Capstone-26-27\data_grouped\val\def_front\cast_def_0_8616.jpeg,def_front,def_front,True,1.0
C:\Users\jackm\CodingFolder\Electronics-Manufacturing-Capstone-26-27\data_grouped\val\def_front\cast_def_0_8651.jpeg,def_front,def_front,True,1.0
C:\Users\jackm\CodingFolder\Electronics-Manufacturing-Capstone-26-27\data_grouped\val\def_front\cast_def_0_866.jpeg,def_front,def_front,True,1.0
C:\Users\jackm\CodingFolder\Electronics-Manufacturing-Capstone-26-27\data_grouped\val\def_front\cast_def_0_8679.jpeg,def_front,def_front,True,1.0
C:\Users\jackm\CodingFolder\Electronics-Manufacturing-Capstone-26-27\data_grouped\val\def_front\cast_def_0_8715.jpeg,def_front,def_front,True,1.0
C:\Users\jackm\CodingFolder\Electronics-Manufacturing-Capstone-26-27\data_grouped\val\def_front\cast_def_0_8728.jpeg,def_front,def_front,True,1.0
C:\Users\jackm\CodingFolder\Electronics-Manufacturing-Capstone-26-27\data_grouped\val\def_front\cast_def_0_8734.jpeg,def_front,def_front,True,1.0
C:\Users\jackm\CodingFolder\Electronics-Manufacturing-Capstone-26-27\data_grouped\val\def_front\cast_def_0_875.jpeg,def_front,def_front,True,1.0
C:\Users\jackm\CodingFolder\Electronics-Manufacturing-Capstone-26-27\data_grouped\val\def_front\cast_def_0_8787.jpeg,def_front,def_front,True,1.0
C:\Users\jackm\CodingFolder\Electronics-Manufacturing-Capstone-26-27\data_grouped\val\def_front\cast_def_0_8823.jpeg,def_front,def_front,True,1.0
C:\Users\jackm\CodingFolder\Electronics-Manufacturing-Capstone-26-27\data_grouped\val\def_front\cast_def_0_8837.jpeg,def_front,def_front,True,1.0
C:\Users\jackm\CodingFolder\Electronics-Manufacturing-Capstone-26-27\data_grouped\val\def_front\cast_def_0_884.jpeg,def_front,def_front,True,1.0
C:\Users\jackm\CodingFolder\Electronics-Manufacturing-Capstone-26-27\data_grouped\val\def_front\cast_def_0_8856.jpeg,def_front,def_front,True,1.0
C:\Users\jackm\CodingFolder\Electronics-Manufacturing-Capstone-26-27\data_grouped\val\def_front\cast_def_0_8876.jpeg,def_front,def_front,True,1.0
C:\Users\jackm\CodingFolder\Electronics-Manufacturing-Capstone-26-27\data_grouped\val\def_front\cast_def_0_8904.jpeg,def_front,def_front,True,1.0
C:\Users\jackm\CodingFolder\Electronics-Manufacturing-Capstone-26-27\data_grouped\val\def_front\cast_def_0_8943.jpeg,def_front,def_front,True,1.0
C:\Users\jackm\CodingFolder\Electronics-Manufacturing-Capstone-26-27\data_grouped\val\def_front\cast_def_0_8990.jpeg,def_front,def_front,True,1.0
C:\Users\jackm\CodingFolder\Electronics-Manufacturing-Capstone-26-27\data_grouped\val\def_front\cast_def_0_9.jpeg,def_front,def_front,True,1.0
C:\Users\jackm\CodingFolder\Electronics-Manufacturing-Capstone-26-27\data_grouped\val\def_front\cast_def_0_9008.jpeg,def_front,def_front,True,1.0
C:\Users\jackm\CodingFolder\Electronics-Manufacturing-Capstone-26-27\data_grouped\val\def_front\cast_def_0_9027.jpeg,def_front,def_front,True,1.0
C:\Users\jackm\CodingFolder\Electronics-Manufacturing-Capstone-26-27\data_grouped\val\def_front\cast_def_0_9051.jpeg,def_front,def_front,True,1.0
C:\Users\jackm\CodingFolder\Electronics-Manufacturing-Capstone-26-27\data_grouped\val\def_front\cast_def_0_9062.jpeg,def_front,def_front,True,1.0
C:\Users\jackm\CodingFolder\Electronics-Manufacturing-Capstone-26-27\data_grouped\val\def_front\cast_def_0_9064.jpeg,def_front,def_front,True,1.0
C:\Users\jackm\CodingFolder\Electronics-Manufacturing-Capstone-26-27\data_grouped\val\def_front\cast_def_0_907.jpeg,def_front,def_front,True,1.0
C:\Users\jackm\CodingFolder\Electronics-Manufacturing-Capstone-26-27\data_grouped\val\def_front\cast_def_0_9088.jpeg,def_front,def_front,True,1.0
C:\Users\jackm\CodingFolder\Electronics-Manufacturing-Capstone-26-27\data_grouped\val\def_front\cast_def_0_909.jpeg,def_front,def_front,True,1.0
C:\Users\jackm\CodingFolder\Electronics-Manufacturing-Capstone-26-27\data_grouped\val\def_front\cast_def_0_9091.jpeg,def_front,def_front,True,1.0
C:\Users\jackm\CodingFolder\Electronics-Manufacturing-Capstone-26-27\data_grouped\val\def_front\cast_def_0_9098.jpeg,def_front,def_front,True,1.0
C:\Users\jackm\CodingFolder\Electronics-Manufacturing-Capstone-26-27\data_grouped\val\def_front\cast_def_0_9119.jpeg,def_front,def_front,True,1.0
C:\Users\jackm\CodingFolder\Electronics-Manufacturing-Capstone-26-27\data_grouped\val\def_front\cast_def_0_9165.jpeg,def_front,def_front,True,1.0
C:\Users\jackm\CodingFolder\Electronics-Manufacturing-Capstone-26-27\data_grouped\val\def_front\cast_def_0_9180.jpeg,def_front,def_front,True,1.0
C:\Users\jackm\CodingFolder\Electronics-Manufacturing-Capstone-26-27\data_grouped\val\def_front\cast_def_0_9191.jpeg,def_front,def_front,True,1.0
C:\Users\jackm\CodingFolder\Electronics-Manufacturing-Capstone-26-27\data_grouped\val\def_front\cast_def_0_9195.jpeg,def_front,def_front,True,1.0
C:\Users\jackm\CodingFolder\Electronics-Manufacturing-Capstone-26-27\data_grouped\val\def_front\cast_def_0_9217.jpeg,def_front,def_front,True,1.0
C:\Users\jackm\CodingFolder\Electronics-Manufacturing-Capstone-26-27\data_grouped\val\def_front\cast_def_0_9229.jpeg,def_front,def_front,True,1.0
C:\Users\jackm\CodingFolder\Electronics-Manufacturing-Capstone-26-27\data_grouped\val\def_front\cast_def_0_9234.jpeg,def_front,def_front,True,1.0
C:\Users\jackm\CodingFolder\Electronics-Manufacturing-Capstone-26-27\data_grouped\val\def_front\cast_def_0_9238.jpeg,def_front,def_front,True,1.0
C:\Users\jackm\CodingFolder\Electronics-Manufacturing-Capstone-26-27\data_grouped\val\def_front\cast_def_0_9248.jpeg,def_front,def_front,True,1.0
C:\Users\jackm\CodingFolder\Electronics-Manufacturing-Capstone-26-27\data_grouped\val\def_front\cast_def_0_9254.jpeg,def_front,def_front,True,1.0
C:\Users\jackm\CodingFolder\Electronics-Manufacturing-Capstone-26-27\data_grouped\val\def_front\cast_def_0_9270.jpeg,def_front,def_front,True,1.0
C:\Users\jackm\CodingFolder\Electronics-Manufacturing-Capstone-26-27\data_grouped\val\def_front\cast_def_0_9301.jpeg,def_front,def_front,True,1.0
C:\Users\jackm\CodingFolder\Electronics-Manufacturing-Capstone-26-27\data_grouped\val\def_front\cast_def_0_9313.jpeg,def_front,def_front,True,1.0
C:\Users\jackm\CodingFolder\Electronics-Manufacturing-Capstone-26-27\data_grouped\val\def_front\cast_def_0_9325.jpeg,def_front,def_front,True,1.0
C:\Users\jackm\CodingFolder\Electronics-Manufacturing-Capstone-26-27\data_grouped\val\def_front\cast_def_0_9378.jpeg,def_front,def_front,True,1.0
C:\Users\jackm\CodingFolder\Electronics-Manufacturing-Capstone-26-27\data_grouped\val\def_front\cast_def_0_9387.jpeg,def_front,def_front,True,1.0
C:\Users\jackm\CodingFolder\Electronics-Manufacturing-Capstone-26-27\data_grouped\val\def_front\cast_def_0_9389.jpeg,def_front,def_front,True,1.0
C:\Users\jackm\CodingFolder\Electronics-Manufacturing-Capstone-26-27\data_grouped\val\def_front\cast_def_0_9406.jpeg,def_front,def_front,True,1.0
C:\Users\jackm\CodingFolder\Electronics-Manufacturing-Capstone-26-27\data_grouped\val\def_front\cast_def_0_9422.jpeg,def_front,def_front,True,1.0
C:\Users\jackm\CodingFolder\Electronics-Manufacturing-Capstone-26-27\data_grouped\val\def_front\cast_def_0_9423.jpeg,def_front,def_front,True,1.0
C:\Users\jackm\CodingFolder\Electronics-Manufacturing-Capstone-26-27\data_grouped\val\def_front\cast_def_0_9466.jpeg,def_front,def_front,True,1.0
C:\Users\jackm\CodingFolder\Electronics-Manufacturing-Capstone-26-27\data_grouped\val\def_front\cast_def_0_9480.jpeg,def_front,def_front,True,1.0
C:\Users\jackm\CodingFolder\Electronics-Manufacturing-Capstone-26-27\data_grouped\val\def_front\cast_def_0_9482.jpeg,def_front,def_front,True,1.0
C:\Users\jackm\CodingFolder\Electronics-Manufacturing-Capstone-26-27\data_grouped\val\def_front\cast_def_0_9500.jpeg,def_front,def_front,True,1.0
C:\Users\jackm\CodingFolder\Electronics-Manufacturing-Capstone-26-27\data_grouped\val\def_front\cast_def_0_9523.jpeg,def_front,def_front,True,1.0
C:\Users\jackm\CodingFolder\Electronics-Manufacturing-Capstone-26-27\data_grouped\val\def_front\cast_def_0_9538.jpeg,def_front,def_front,True,1.0
C:\Users\jackm\CodingFolder\Electronics-Manufacturing-Capstone-26-27\data_grouped\val\def_front\cast_def_0_9553.jpeg,def_front,def_front,True,1.0
C:\Users\jackm\CodingFolder\Electronics-Manufacturing-Capstone-26-27\data_grouped\val\def_front\cast_def_0_9555.jpeg,def_front,def_front,True,1.0
C:\Users\jackm\CodingFolder\Electronics-Manufacturing-Capstone-26-27\data_grouped\val\def_front\cast_def_0_9560.jpeg,def_front,def_front,True,1.0
C:\Users\jackm\CodingFolder\Electronics-Manufacturing-Capstone-26-27\data_grouped\val\def_front\cast_def_0_9564.jpeg,def_front,def_front,True,1.0
C:\Users\jackm\CodingFolder\Electronics-Manufacturing-Capstone-26-27\data_grouped\val\def_front\cast_def_0_9621.jpeg,def_front,def_front,True,1.0
C:\Users\jackm\CodingFolder\Electronics-Manufacturing-Capstone-26-27\data_grouped\val\def_front\cast_def_0_9673.jpeg,def_front,def_front,True,1.0
C:\Users\jackm\CodingFolder\Electronics-Manufacturing-Capstone-26-27\data_grouped\val\def_front\cast_def_0_9677.jpeg,def_front,def_front,True,1.0
C:\Users\jackm\CodingFolder\Electronics-Manufacturing-Capstone-26-27\data_grouped\val\def_front\cast_def_0_9691.jpeg,def_front,def_front,True,1.0
C:\Users\jackm\CodingFolder\Electronics-Manufacturing-Capstone-26-27\data_grouped\val\def_front\cast_def_0_9702.jpeg,def_front,def_front,True,1.0
C:\Users\jackm\CodingFolder\Electronics-Manufacturing-Capstone-26-27\data_grouped\val\def_front\cast_def_0_9703.jpeg,def_front,def_front,True,1.0
C:\Users\jackm\CodingFolder\Electronics-Manufacturing-Capstone-26-27\data_grouped\val\def_front\cast_def_0_9736.jpeg,def_front,def_front,True,1.0
C:\Users\jackm\CodingFolder\Electronics-Manufacturing-Capstone-26-27\data_grouped\val\def_front\cast_def_0_974.jpeg,def_front,def_front,True,1.0
C:\Users\jackm\CodingFolder\Electronics-Manufacturing-Capstone-26-27\data_grouped\val\def_front\cast_def_0_9747.jpeg,def_front,def_front,True,1.0
C:\Users\jackm\CodingFolder\Electronics-Manufacturing-Capstone-26-27\data_grouped\val\def_front\cast_def_0_9808.jpeg,def_front,def_front,True,1.0
C:\Users\jackm\CodingFolder\Electronics-Manufacturing-Capstone-26-27\data_grouped\val\def_front\cast_def_0_9817.jpeg,def_front,def_front,True,1.0
C:\Users\jackm\CodingFolder\Electronics-Manufacturing-Capstone-26-27\data_grouped\val\def_front\cast_def_0_982.jpeg,def_front,def_front,True,1.0
C:\Users\jackm\CodingFolder\Electronics-Manufacturing-Capstone-26-27\data_grouped\val\def_front\cast_def_0_9825.jpeg,def_front,def_front,True,1.0
C:\Users\jackm\CodingFolder\Electronics-Manufacturing-Capstone-26-27\data_grouped\val\def_front\cast_def_0_985.jpeg,def_front,def_front,True,1.0
C:\Users\jackm\CodingFolder\Electronics-Manufacturing-Capstone-26-27\data_grouped\val\def_front\cast_def_0_9855.jpeg,def_front,def_front,True,1.0
C:\Users\jackm\CodingFolder\Electronics-Manufacturing-Capstone-26-27\data_grouped\val\def_front\cast_def_0_9864.jpeg,def_front,def_front,True,1.0
C:\Users\jackm\CodingFolder\Electronics-Manufacturing-Capstone-26-27\data_grouped\val\def_front\cast_def_0_9871.jpeg,def_front,def_front,True,1.0
C:\Users\jackm\CodingFolder\Electronics-Manufacturing-Capstone-26-27\data_grouped\val\def_front\cast_def_0_9872.jpeg,def_front,def_front,True,1.0
C:\Users\jackm\CodingFolder\Electronics-Manufacturing-Capstone-26-27\data_grouped\val\def_front\cast_def_0_9878.jpeg,def_front,def_front,True,1.0
C:\Users\jackm\CodingFolder\Electronics-Manufacturing-Capstone-26-27\data_grouped\val\def_front\cast_def_0_9889.jpeg,def_front,def_front,True,1.0
C:\Users\jackm\CodingFolder\Electronics-Manufacturing-Capstone-26-27\data_grouped\val\def_front\cast_def_0_9917.jpeg,def_front,def_front,True,1.0
C:\Users\jackm\CodingFolder\Electronics-Manufacturing-Capstone-26-27\data_grouped\val\def_front\cast_def_0_9921.jpeg,def_front,def_front,True,1.0
C:\Users\jackm\CodingFolder\Electronics-Manufacturing-Capstone-26-27\data_grouped\val\def_front\cast_def_0_9956.jpeg,def_front,def_front,True,1.0
C:\Users\jackm\CodingFolder\Electronics-Manufacturing-Capstone-26-27\data_grouped\val\def_front\cast_def_0_9960.jpeg,def_front,def_front,True,1.0
C:\Users\jackm\CodingFolder\Electronics-Manufacturing-Capstone-26-27\data_grouped\val\def_front\cast_def_0_997.jpeg,def_front,def_front,True,1.0
C:\Users\jackm\CodingFolder\Electronics-Manufacturing-Capstone-26-27\data_grouped\val\def_front\cast_def_0_9982.jpeg,def_front,def_front,True,1.0
C:\Users\jackm\CodingFolder\Electronics-Manufacturing-Capstone-26-27\data_grouped\val\def_front\cast_def_0_9986.jpeg,def_front,def_front,True,1.0
C:\Users\jackm\CodingFolder\Electronics-Manufacturing-Capstone-26-27\data_grouped\val\ok_front\cast_ok_0_1001.jpeg,ok_front,ok_front,True,1.0
C:\Users\jackm\CodingFolder\Electronics-Manufacturing-Capstone-26-27\data_grouped\val\ok_front\cast_ok_0_1021.jpeg,ok_front,ok_front,True,1.0
C:\Users\jackm\CodingFolder\Electronics-Manufacturing-Capstone-26-27\data_grouped\val\ok_front\cast_ok_0_1062.jpeg,ok_front,ok_front,True,1.0
C:\Users\jackm\CodingFolder\Electronics-Manufacturing-Capstone-26-27\data_grouped\val\ok_front\cast_ok_0_1069.jpeg,ok_front,ok_front,True,1.0
C:\Users\jackm\CodingFolder\Electronics-Manufacturing-Capstone-26-27\data_grouped\val\ok_front\cast_ok_0_1176.jpeg,ok_front,ok_front,True,1.0
C:\Users\jackm\CodingFolder\Electronics-Manufacturing-Capstone-26-27\data_grouped\val\ok_front\cast_ok_0_1193.jpeg,ok_front,ok_front,True,1.0
C:\Users\jackm\CodingFolder\Electronics-Manufacturing-Capstone-26-27\data_grouped\val\ok_front\cast_ok_0_125.jpeg,ok_front,ok_front,True,1.0
C:\Users\jackm\CodingFolder\Electronics-Manufacturing-Capstone-26-27\data_grouped\val\ok_front\cast_ok_0_1268.jpeg,ok_front,ok_front,True,1.0
C:\Users\jackm\CodingFolder\Electronics-Manufacturing-Capstone-26-27\data_grouped\val\ok_front\cast_ok_0_128.jpeg,ok_front,ok_front,True,1.0
C:\Users\jackm\CodingFolder\Electronics-Manufacturing-Capstone-26-27\data_grouped\val\ok_front\cast_ok_0_1301.jpeg,ok_front,ok_front,True,1.0
C:\Users\jackm\CodingFolder\Electronics-Manufacturing-Capstone-26-27\data_grouped\val\ok_front\cast_ok_0_1308.jpeg,ok_front,ok_front,True,1.0
C:\Users\jackm\CodingFolder\Electronics-Manufacturing-Capstone-26-27\data_grouped\val\ok_front\cast_ok_0_1323.jpeg,ok_front,ok_front,True,1.0
C:\Users\jackm\CodingFolder\Electronics-Manufacturing-Capstone-26-27\data_grouped\val\ok_front\cast_ok_0_1328.jpeg,ok_front,ok_front,True,1.0
C:\Users\jackm\CodingFolder\Electronics-Manufacturing-Capstone-26-27\data_grouped\val\ok_front\cast_ok_0_1421.jpeg,ok_front,ok_front,True,1.0
C:\Users\jackm\CodingFolder\Electronics-Manufacturing-Capstone-26-27\data_grouped\val\ok_front\cast_ok_0_1534.jpeg,ok_front,ok_front,True,1.0
C:\Users\jackm\CodingFolder\Electronics-Manufacturing-Capstone-26-27\data_grouped\val\ok_front\cast_ok_0_157.jpeg,ok_front,ok_front,True,1.0
C:\Users\jackm\CodingFolder\Electronics-Manufacturing-Capstone-26-27\data_grouped\val\ok_front\cast_ok_0_1602.jpeg,ok_front,ok_front,True,1.0
C:\Users\jackm\CodingFolder\Electronics-Manufacturing-Capstone-26-27\data_grouped\val\ok_front\cast_ok_0_1607.jpeg,ok_front,ok_front,True,1.0
C:\Users\jackm\CodingFolder\Electronics-Manufacturing-Capstone-26-27\data_grouped\val\ok_front\cast_ok_0_1611.jpeg,ok_front,ok_front,True,1.0
C:\Users\jackm\CodingFolder\Electronics-Manufacturing-Capstone-26-27\data_grouped\val\ok_front\cast_ok_0_1655.jpeg,ok_front,ok_front,True,1.0
C:\Users\jackm\CodingFolder\Electronics-Manufacturing-Capstone-26-27\data_grouped\val\ok_front\cast_ok_0_1665.jpeg,ok_front,ok_front,True,1.0
C:\Users\jackm\CodingFolder\Electronics-Manufacturing-Capstone-26-27\data_grouped\val\ok_front\cast_ok_0_1688.jpeg,ok_front,ok_front,True,1.0
C:\Users\jackm\CodingFolder\Electronics-Manufacturing-Capstone-26-27\data_grouped\val\ok_front\cast_ok_0_1692.jpeg,ok_front,ok_front,True,1.0
C:\Users\jackm\CodingFolder\Electronics-Manufacturing-Capstone-26-27\data_grouped\val\ok_front\cast_ok_0_1781.jpeg,ok_front,ok_front,True,1.0
C:\Users\jackm\CodingFolder\Electronics-Manufacturing-Capstone-26-27\data_grouped\val\ok_front\cast_ok_0_1795.jpeg,ok_front,ok_front,True,1.0
C:\Users\jackm\CodingFolder\Electronics-Manufacturing-Capstone-26-27\data_grouped\val\ok_front\cast_ok_0_186.jpeg,ok_front,ok_front,True,1.0
C:\Users\jackm\CodingFolder\Electronics-Manufacturing-Capstone-26-27\data_grouped\val\ok_front\cast_ok_0_1918.jpeg,ok_front,ok_front,True,1.0
C:\Users\jackm\CodingFolder\Electronics-Manufacturing-Capstone-26-27\data_grouped\val\ok_front\cast_ok_0_1935.jpeg,ok_front,ok_front,True,1.0
C:\Users\jackm\CodingFolder\Electronics-Manufacturing-Capstone-26-27\data_grouped\val\ok_front\cast_ok_0_1962.jpeg,ok_front,ok_front,True,1.0
C:\Users\jackm\CodingFolder\Electronics-Manufacturing-Capstone-26-27\data_grouped\val\ok_front\cast_ok_0_1968.jpeg,ok_front,ok_front,True,1.0
C:\Users\jackm\CodingFolder\Electronics-Manufacturing-Capstone-26-27\data_grouped\val\ok_front\cast_ok_0_198.jpeg,ok_front,ok_front,True,1.0
C:\Users\jackm\CodingFolder\Electronics-Manufacturing-Capstone-26-27\data_grouped\val\ok_front\cast_ok_0_2042.jpeg,ok_front,ok_front,True,1.0
C:\Users\jackm\CodingFolder\Electronics-Manufacturing-Capstone-26-27\data_grouped\val\ok_front\cast_ok_0_2051.jpeg,ok_front,ok_front,True,1.0
C:\Users\jackm\CodingFolder\Electronics-Manufacturing-Capstone-26-27\data_grouped\val\ok_front\cast_ok_0_2057.jpeg,ok_front,ok_front,True,1.0
C:\Users\jackm\CodingFolder\Electronics-Manufacturing-Capstone-26-27\data_grouped\val\ok_front\cast_ok_0_2058.jpeg,ok_front,ok_front,True,1.0
C:\Users\jackm\CodingFolder\Electronics-Manufacturing-Capstone-26-27\data_grouped\val\ok_front\cast_ok_0_2082.jpeg,ok_front,ok_front,True,1.0
C:\Users\jackm\CodingFolder\Electronics-Manufacturing-Capstone-26-27\data_grouped\val\ok_front\cast_ok_0_2129.jpeg,ok_front,ok_front,True,1.0
C:\Users\jackm\CodingFolder\Electronics-Manufacturing-Capstone-26-27\data_grouped\val\ok_front\cast_ok_0_2138.jpeg,ok_front,ok_front,True,1.0
C:\Users\jackm\CodingFolder\Electronics-Manufacturing-Capstone-26-27\data_grouped\val\ok_front\cast_ok_0_2195.jpeg,ok_front,ok_front,True,1.0
C:\Users\jackm\CodingFolder\Electronics-Manufacturing-Capstone-26-27\data_grouped\val\ok_front\cast_ok_0_2237.jpeg,ok_front,ok_front,True,1.0
C:\Users\jackm\CodingFolder\Electronics-Manufacturing-Capstone-26-27\data_grouped\val\ok_front\cast_ok_0_2249.jpeg,ok_front,ok_front,True,1.0
C:\Users\jackm\CodingFolder\Electronics-Manufacturing-Capstone-26-27\data_grouped\val\ok_front\cast_ok_0_2317.jpeg,ok_front,ok_front,True,1.0
C:\Users\jackm\CodingFolder\Electronics-Manufacturing-Capstone-26-27\data_grouped\val\ok_front\cast_ok_0_2439.jpeg,ok_front,ok_front,True,1.0
C:\Users\jackm\CodingFolder\Electronics-Manufacturing-Capstone-26-27\data_grouped\val\ok_front\cast_ok_0_2440.jpeg,ok_front,ok_front,True,1.0
C:\Users\jackm\CodingFolder\Electronics-Manufacturing-Capstone-26-27\data_grouped\val\ok_front\cast_ok_0_2529.jpeg,ok_front,ok_front,True,1.0
C:\Users\jackm\CodingFolder\Electronics-Manufacturing-Capstone-26-27\data_grouped\val\ok_front\cast_ok_0_2531.jpeg,ok_front,ok_front,True,1.0
C:\Users\jackm\CodingFolder\Electronics-Manufacturing-Capstone-26-27\data_grouped\val\ok_front\cast_ok_0_2710.jpeg,ok_front,ok_front,True,1.0
C:\Users\jackm\CodingFolder\Electronics-Manufacturing-Capstone-26-27\data_grouped\val\ok_front\cast_ok_0_273.jpeg,ok_front,ok_front,True,1.0
C:\Users\jackm\CodingFolder\Electronics-Manufacturing-Capstone-26-27\data_grouped\val\ok_front\cast_ok_0_2773.jpeg,ok_front,ok_front,True,1.0
C:\Users\jackm\CodingFolder\Electronics-Manufacturing-Capstone-26-27\data_grouped\val\ok_front\cast_ok_0_2805.jpeg,ok_front,ok_front,True,1.0
C:\Users\jackm\CodingFolder\Electronics-Manufacturing-Capstone-26-27\data_grouped\val\ok_front\cast_ok_0_2844.jpeg,ok_front,ok_front,True,1.0
C:\Users\jackm\CodingFolder\Electronics-Manufacturing-Capstone-26-27\data_grouped\val\ok_front\cast_ok_0_2885.jpeg,ok_front,ok_front,True,1.0
C:\Users\jackm\CodingFolder\Electronics-Manufacturing-Capstone-26-27\data_grouped\val\ok_front\cast_ok_0_2932.jpeg,ok_front,ok_front,True,1.0
C:\Users\jackm\CodingFolder\Electronics-Manufacturing-Capstone-26-27\data_grouped\val\ok_front\cast_ok_0_2935.jpeg,ok_front,ok_front,True,1.0
C:\Users\jackm\CodingFolder\Electronics-Manufacturing-Capstone-26-27\data_grouped\val\ok_front\cast_ok_0_296.jpeg,ok_front,ok_front,True,1.0
C:\Users\jackm\CodingFolder\Electronics-Manufacturing-Capstone-26-27\data_grouped\val\ok_front\cast_ok_0_2976.jpeg,ok_front,ok_front,True,1.0
C:\Users\jackm\CodingFolder\Electronics-Manufacturing-Capstone-26-27\data_grouped\val\ok_front\cast_ok_0_3007.jpeg,ok_front,ok_front,True,1.0
C:\Users\jackm\CodingFolder\Electronics-Manufacturing-Capstone-26-27\data_grouped\val\ok_front\cast_ok_0_3018.jpeg,ok_front,ok_front,True,1.0
C:\Users\jackm\CodingFolder\Electronics-Manufacturing-Capstone-26-27\data_grouped\val\ok_front\cast_ok_0_3025.jpeg,ok_front,ok_front,True,1.0
C:\Users\jackm\CodingFolder\Electronics-Manufacturing-Capstone-26-27\data_grouped\val\ok_front\cast_ok_0_3028.jpeg,ok_front,ok_front,True,1.0
C:\Users\jackm\CodingFolder\Electronics-Manufacturing-Capstone-26-27\data_grouped\val\ok_front\cast_ok_0_3047.jpeg,ok_front,ok_front,True,1.0
C:\Users\jackm\CodingFolder\Electronics-Manufacturing-Capstone-26-27\data_grouped\val\ok_front\cast_ok_0_3054.jpeg,ok_front,ok_front,True,1.0
C:\Users\jackm\CodingFolder\Electronics-Manufacturing-Capstone-26-27\data_grouped\val\ok_front\cast_ok_0_3070.jpeg,ok_front,ok_front,True,1.0
C:\Users\jackm\CodingFolder\Electronics-Manufacturing-Capstone-26-27\data_grouped\val\ok_front\cast_ok_0_3156.jpeg,ok_front,ok_front,True,1.0
C:\Users\jackm\CodingFolder\Electronics-Manufacturing-Capstone-26-27\data_grouped\val\ok_front\cast_ok_0_3225.jpeg,ok_front,ok_front,True,1.0
C:\Users\jackm\CodingFolder\Electronics-Manufacturing-Capstone-26-27\data_grouped\val\ok_front\cast_ok_0_3292.jpeg,ok_front,ok_front,True,1.0
C:\Users\jackm\CodingFolder\Electronics-Manufacturing-Capstone-26-27\data_grouped\val\ok_front\cast_ok_0_3305.jpeg,ok_front,ok_front,True,1.0
C:\Users\jackm\CodingFolder\Electronics-Manufacturing-Capstone-26-27\data_grouped\val\ok_front\cast_ok_0_3312.jpeg,ok_front,ok_front,True,1.0
C:\Users\jackm\CodingFolder\Electronics-Manufacturing-Capstone-26-27\data_grouped\val\ok_front\cast_ok_0_3334.jpeg,ok_front,ok_front,True,1.0
C:\Users\jackm\CodingFolder\Electronics-Manufacturing-Capstone-26-27\data_grouped\val\ok_front\cast_ok_0_3420.jpeg,ok_front,ok_front,True,1.0
C:\Users\jackm\CodingFolder\Electronics-Manufacturing-Capstone-26-27\data_grouped\val\ok_front\cast_ok_0_3424.jpeg,ok_front,ok_front,True,1.0
C:\Users\jackm\CodingFolder\Electronics-Manufacturing-Capstone-26-27\data_grouped\val\ok_front\cast_ok_0_3426.jpeg,ok_front,ok_front,True,1.0
C:\Users\jackm\CodingFolder\Electronics-Manufacturing-Capstone-26-27\data_grouped\val\ok_front\cast_ok_0_3434.jpeg,ok_front,ok_front,True,1.0
C:\Users\jackm\CodingFolder\Electronics-Manufacturing-Capstone-26-27\data_grouped\val\ok_front\cast_ok_0_3440.jpeg,ok_front,ok_front,True,1.0
C:\Users\jackm\CodingFolder\Electronics-Manufacturing-Capstone-26-27\data_grouped\val\ok_front\cast_ok_0_3450.jpeg,ok_front,ok_front,True,1.0
C:\Users\jackm\CodingFolder\Electronics-Manufacturing-Capstone-26-27\data_grouped\val\ok_front\cast_ok_0_3457.jpeg,ok_front,ok_front,True,1.0
C:\Users\jackm\CodingFolder\Electronics-Manufacturing-Capstone-26-27\data_grouped\val\ok_front\cast_ok_0_3469.jpeg,ok_front,ok_front,True,1.0
C:\Users\jackm\CodingFolder\Electronics-Manufacturing-Capstone-26-27\data_grouped\val\ok_front\cast_ok_0_3574.jpeg,ok_front,ok_front,True,1.0
C:\Users\jackm\CodingFolder\Electronics-Manufacturing-Capstone-26-27\data_grouped\val\ok_front\cast_ok_0_3624.jpeg,ok_front,ok_front,True,1.0
C:\Users\jackm\CodingFolder\Electronics-Manufacturing-Capstone-26-27\data_grouped\val\ok_front\cast_ok_0_3701.jpeg,ok_front,ok_front,True,1.0
C:\Users\jackm\CodingFolder\Electronics-Manufacturing-Capstone-26-27\data_grouped\val\ok_front\cast_ok_0_3790.jpeg,ok_front,ok_front,True,1.0
C:\Users\jackm\CodingFolder\Electronics-Manufacturing-Capstone-26-27\data_grouped\val\ok_front\cast_ok_0_3799.jpeg,ok_front,ok_front,True,1.0
C:\Users\jackm\CodingFolder\Electronics-Manufacturing-Capstone-26-27\data_grouped\val\ok_front\cast_ok_0_3805.jpeg,ok_front,ok_front,True,1.0
C:\Users\jackm\CodingFolder\Electronics-Manufacturing-Capstone-26-27\data_grouped\val\ok_front\cast_ok_0_3812.jpeg,ok_front,ok_front,True,1.0
C:\Users\jackm\CodingFolder\Electronics-Manufacturing-Capstone-26-27\data_grouped\val\ok_front\cast_ok_0_3863.jpeg,ok_front,ok_front,True,1.0
C:\Users\jackm\CodingFolder\Electronics-Manufacturing-Capstone-26-27\data_grouped\val\ok_front\cast_ok_0_3899.jpeg,ok_front,ok_front,True,1.0
C:\Users\jackm\CodingFolder\Electronics-Manufacturing-Capstone-26-27\data_grouped\val\ok_front\cast_ok_0_3909.jpeg,ok_front,ok_front,True,1.0
C:\Users\jackm\CodingFolder\Electronics-Manufacturing-Capstone-26-27\data_grouped\val\ok_front\cast_ok_0_3916.jpeg,ok_front,ok_front,True,1.0
C:\Users\jackm\CodingFolder\Electronics-Manufacturing-Capstone-26-27\data_grouped\val\ok_front\cast_ok_0_3960.jpeg,ok_front,ok_front,True,1.0
C:\Users\jackm\CodingFolder\Electronics-Manufacturing-Capstone-26-27\data_grouped\val\ok_front\cast_ok_0_3962.jpeg,ok_front,ok_front,True,1.0
C:\Users\jackm\CodingFolder\Electronics-Manufacturing-Capstone-26-27\data_grouped\val\ok_front\cast_ok_0_4006.jpeg,ok_front,ok_front,True,1.0
C:\Users\jackm\CodingFolder\Electronics-Manufacturing-Capstone-26-27\data_grouped\val\ok_front\cast_ok_0_4008.jpeg,ok_front,ok_front,True,1.0
C:\Users\jackm\CodingFolder\Electronics-Manufacturing-Capstone-26-27\data_grouped\val\ok_front\cast_ok_0_4016.jpeg,ok_front,ok_front,True,1.0
C:\Users\jackm\CodingFolder\Electronics-Manufacturing-Capstone-26-27\data_grouped\val\ok_front\cast_ok_0_402.jpeg,ok_front,ok_front,True,1.0
C:\Users\jackm\CodingFolder\Electronics-Manufacturing-Capstone-26-27\data_grouped\val\ok_front\cast_ok_0_4034.jpeg,ok_front,ok_front,True,1.0
C:\Users\jackm\CodingFolder\Electronics-Manufacturing-Capstone-26-27\data_grouped\val\ok_front\cast_ok_0_4109.jpeg,ok_front,ok_front,True,1.0
C:\Users\jackm\CodingFolder\Electronics-Manufacturing-Capstone-26-27\data_grouped\val\ok_front\cast_ok_0_4160.jpeg,ok_front,ok_front,True,1.0
C:\Users\jackm\CodingFolder\Electronics-Manufacturing-Capstone-26-27\data_grouped\val\ok_front\cast_ok_0_4170.jpeg,ok_front,ok_front,True,1.0
C:\Users\jackm\CodingFolder\Electronics-Manufacturing-Capstone-26-27\data_grouped\val\ok_front\cast_ok_0_420.jpeg,ok_front,ok_front,True,1.0
C:\Users\jackm\CodingFolder\Electronics-Manufacturing-Capstone-26-27\data_grouped\val\ok_front\cast_ok_0_4214.jpeg,ok_front,ok_front,True,1.0
C:\Users\jackm\CodingFolder\Electronics-Manufacturing-Capstone-26-27\data_grouped\val\ok_front\cast_ok_0_4281.jpeg,ok_front,ok_front,True,1.0
C:\Users\jackm\CodingFolder\Electronics-Manufacturing-Capstone-26-27\data_grouped\val\ok_front\cast_ok_0_4321.jpeg,ok_front,ok_front,True,1.0
C:\Users\jackm\CodingFolder\Electronics-Manufacturing-Capstone-26-27\data_grouped\val\ok_front\cast_ok_0_4337.jpeg,ok_front,ok_front,True,1.0
C:\Users\jackm\CodingFolder\Electronics-Manufacturing-Capstone-26-27\data_grouped\val\ok_front\cast_ok_0_4369.jpeg,ok_front,ok_front,True,1.0
C:\Users\jackm\CodingFolder\Electronics-Manufacturing-Capstone-26-27\data_grouped\val\ok_front\cast_ok_0_4373.jpeg,ok_front,ok_front,True,1.0
C:\Users\jackm\CodingFolder\Electronics-Manufacturing-Capstone-26-27\data_grouped\val\ok_front\cast_ok_0_4389.jpeg,ok_front,ok_front,True,1.0
C:\Users\jackm\CodingFolder\Electronics-Manufacturing-Capstone-26-27\data_grouped\val\ok_front\cast_ok_0_440.jpeg,ok_front,ok_front,True,1.0
C:\Users\jackm\CodingFolder\Electronics-Manufacturing-Capstone-26-27\data_grouped\val\ok_front\cast_ok_0_4403.jpeg,ok_front,ok_front,True,1.0
C:\Users\jackm\CodingFolder\Electronics-Manufacturing-Capstone-26-27\data_grouped\val\ok_front\cast_ok_0_4437.jpeg,ok_front,ok_front,True,1.0
C:\Users\jackm\CodingFolder\Electronics-Manufacturing-Capstone-26-27\data_grouped\val\ok_front\cast_ok_0_4494.jpeg,ok_front,ok_front,True,1.0
C:\Users\jackm\CodingFolder\Electronics-Manufacturing-Capstone-26-27\data_grouped\val\ok_front\cast_ok_0_4512.jpeg,ok_front,ok_front,True,1.0
C:\Users\jackm\CodingFolder\Electronics-Manufacturing-Capstone-26-27\data_grouped\val\ok_front\cast_ok_0_4534.jpeg,ok_front,ok_front,True,1.0
C:\Users\jackm\CodingFolder\Electronics-Manufacturing-Capstone-26-27\data_grouped\val\ok_front\cast_ok_0_4566.jpeg,ok_front,ok_front,True,1.0
C:\Users\jackm\CodingFolder\Electronics-Manufacturing-Capstone-26-27\data_grouped\val\ok_front\cast_ok_0_4601.jpeg,ok_front,ok_front,True,1.0
C:\Users\jackm\CodingFolder\Electronics-Manufacturing-Capstone-26-27\data_grouped\val\ok_front\cast_ok_0_4621.jpeg,ok_front,ok_front,True,1.0
C:\Users\jackm\CodingFolder\Electronics-Manufacturing-Capstone-26-27\data_grouped\val\ok_front\cast_ok_0_4644.jpeg,ok_front,ok_front,True,1.0
C:\Users\jackm\CodingFolder\Electronics-Manufacturing-Capstone-26-27\data_grouped\val\ok_front\cast_ok_0_4680.jpeg,ok_front,ok_front,True,1.0
C:\Users\jackm\CodingFolder\Electronics-Manufacturing-Capstone-26-27\data_grouped\val\ok_front\cast_ok_0_4689.jpeg,ok_front,ok_front,True,1.0
C:\Users\jackm\CodingFolder\Electronics-Manufacturing-Capstone-26-27\data_grouped\val\ok_front\cast_ok_0_4716.jpeg,ok_front,ok_front,True,1.0
C:\Users\jackm\CodingFolder\Electronics-Manufacturing-Capstone-26-27\data_grouped\val\ok_front\cast_ok_0_4749.jpeg,ok_front,ok_front,True,1.0
C:\Users\jackm\CodingFolder\Electronics-Manufacturing-Capstone-26-27\data_grouped\val\ok_front\cast_ok_0_4778.jpeg,ok_front,ok_front,True,1.0
C:\Users\jackm\CodingFolder\Electronics-Manufacturing-Capstone-26-27\data_grouped\val\ok_front\cast_ok_0_4781.jpeg,ok_front,ok_front,True,1.0
C:\Users\jackm\CodingFolder\Electronics-Manufacturing-Capstone-26-27\data_grouped\val\ok_front\cast_ok_0_482.jpeg,ok_front,ok_front,True,1.0
C:\Users\jackm\CodingFolder\Electronics-Manufacturing-Capstone-26-27\data_grouped\val\ok_front\cast_ok_0_4834.jpeg,ok_front,ok_front,True,1.0
C:\Users\jackm\CodingFolder\Electronics-Manufacturing-Capstone-26-27\data_grouped\val\ok_front\cast_ok_0_4859.jpeg,ok_front,ok_front,True,1.0
C:\Users\jackm\CodingFolder\Electronics-Manufacturing-Capstone-26-27\data_grouped\val\ok_front\cast_ok_0_4868.jpeg,ok_front,ok_front,True,1.0
C:\Users\jackm\CodingFolder\Electronics-Manufacturing-Capstone-26-27\data_grouped\val\ok_front\cast_ok_0_4886.jpeg,ok_front,ok_front,True,1.0
C:\Users\jackm\CodingFolder\Electronics-Manufacturing-Capstone-26-27\data_grouped\val\ok_front\cast_ok_0_4891.jpeg,ok_front,ok_front,True,1.0
C:\Users\jackm\CodingFolder\Electronics-Manufacturing-Capstone-26-27\data_grouped\val\ok_front\cast_ok_0_4954.jpeg,ok_front,ok_front,True,1.0
C:\Users\jackm\CodingFolder\Electronics-Manufacturing-Capstone-26-27\data_grouped\val\ok_front\cast_ok_0_4967.jpeg,ok_front,ok_front,True,1.0
C:\Users\jackm\CodingFolder\Electronics-Manufacturing-Capstone-26-27\data_grouped\val\ok_front\cast_ok_0_4976.jpeg,ok_front,ok_front,True,1.0
C:\Users\jackm\CodingFolder\Electronics-Manufacturing-Capstone-26-27\data_grouped\val\ok_front\cast_ok_0_4992.jpeg,ok_front,ok_front,True,1.0
C:\Users\jackm\CodingFolder\Electronics-Manufacturing-Capstone-26-27\data_grouped\val\ok_front\cast_ok_0_5035.jpeg,ok_front,ok_front,True,1.0
C:\Users\jackm\CodingFolder\Electronics-Manufacturing-Capstone-26-27\data_grouped\val\ok_front\cast_ok_0_5205.jpeg,ok_front,ok_front,True,1.0
C:\Users\jackm\CodingFolder\Electronics-Manufacturing-Capstone-26-27\data_grouped\val\ok_front\cast_ok_0_5242.jpeg,ok_front,ok_front,True,1.0
C:\Users\jackm\CodingFolder\Electronics-Manufacturing-Capstone-26-27\data_grouped\val\ok_front\cast_ok_0_5303.jpeg,ok_front,ok_front,True,1.0
C:\Users\jackm\CodingFolder\Electronics-Manufacturing-Capstone-26-27\data_grouped\val\ok_front\cast_ok_0_5341.jpeg,ok_front,ok_front,True,1.0
C:\Users\jackm\CodingFolder\Electronics-Manufacturing-Capstone-26-27\data_grouped\val\ok_front\cast_ok_0_5429.jpeg,ok_front,ok_front,True,1.0
C:\Users\jackm\CodingFolder\Electronics-Manufacturing-Capstone-26-27\data_grouped\val\ok_front\cast_ok_0_5433.jpeg,ok_front,ok_front,True,1.0
C:\Users\jackm\CodingFolder\Electronics-Manufacturing-Capstone-26-27\data_grouped\val\ok_front\cast_ok_0_549.jpeg,ok_front,ok_front,True,1.0
C:\Users\jackm\CodingFolder\Electronics-Manufacturing-Capstone-26-27\data_grouped\val\ok_front\cast_ok_0_551.jpeg,ok_front,ok_front,True,1.0
C:\Users\jackm\CodingFolder\Electronics-Manufacturing-Capstone-26-27\data_grouped\val\ok_front\cast_ok_0_5515.jpeg,ok_front,ok_front,True,1.0
C:\Users\jackm\CodingFolder\Electronics-Manufacturing-Capstone-26-27\data_grouped\val\ok_front\cast_ok_0_5522.jpeg,ok_front,ok_front,True,1.0
C:\Users\jackm\CodingFolder\Electronics-Manufacturing-Capstone-26-27\data_grouped\val\ok_front\cast_ok_0_5530.jpeg,ok_front,ok_front,True,1.0
C:\Users\jackm\CodingFolder\Electronics-Manufacturing-Capstone-26-27\data_grouped\val\ok_front\cast_ok_0_5562.jpeg,ok_front,ok_front,True,1.0
C:\Users\jackm\CodingFolder\Electronics-Manufacturing-Capstone-26-27\data_grouped\val\ok_front\cast_ok_0_5620.jpeg,ok_front,ok_front,True,1.0
C:\Users\jackm\CodingFolder\Electronics-Manufacturing-Capstone-26-27\data_grouped\val\ok_front\cast_ok_0_5642.jpeg,ok_front,ok_front,True,1.0
C:\Users\jackm\CodingFolder\Electronics-Manufacturing-Capstone-26-27\data_grouped\val\ok_front\cast_ok_0_5786.jpeg,ok_front,ok_front,True,1.0
C:\Users\jackm\CodingFolder\Electronics-Manufacturing-Capstone-26-27\data_grouped\val\ok_front\cast_ok_0_5791.jpeg,ok_front,ok_front,True,1.0
C:\Users\jackm\CodingFolder\Electronics-Manufacturing-Capstone-26-27\data_grouped\val\ok_front\cast_ok_0_5815.jpeg,ok_front,ok_front,True,1.0
C:\Users\jackm\CodingFolder\Electronics-Manufacturing-Capstone-26-27\data_grouped\val\ok_front\cast_ok_0_5837.jpeg,ok_front,ok_front,True,1.0
C:\Users\jackm\CodingFolder\Electronics-Manufacturing-Capstone-26-27\data_grouped\val\ok_front\cast_ok_0_5891.jpeg,ok_front,ok_front,True,1.0
C:\Users\jackm\CodingFolder\Electronics-Manufacturing-Capstone-26-27\data_grouped\val\ok_front\cast_ok_0_5915.jpeg,ok_front,ok_front,True,1.0
C:\Users\jackm\CodingFolder\Electronics-Manufacturing-Capstone-26-27\data_grouped\val\ok_front\cast_ok_0_6011.jpeg,ok_front,ok_front,True,1.0
C:\Users\jackm\CodingFolder\Electronics-Manufacturing-Capstone-26-27\data_grouped\val\ok_front\cast_ok_0_6024.jpeg,ok_front,ok_front,True,1.0
C:\Users\jackm\CodingFolder\Electronics-Manufacturing-Capstone-26-27\data_grouped\val\ok_front\cast_ok_0_6034.jpeg,ok_front,ok_front,True,1.0
C:\Users\jackm\CodingFolder\Electronics-Manufacturing-Capstone-26-27\data_grouped\val\ok_front\cast_ok_0_6043.jpeg,ok_front,ok_front,True,1.0
C:\Users\jackm\CodingFolder\Electronics-Manufacturing-Capstone-26-27\data_grouped\val\ok_front\cast_ok_0_6062.jpeg,ok_front,ok_front,True,1.0
C:\Users\jackm\CodingFolder\Electronics-Manufacturing-Capstone-26-27\data_grouped\val\ok_front\cast_ok_0_607.jpeg,ok_front,ok_front,True,1.0
C:\Users\jackm\CodingFolder\Electronics-Manufacturing-Capstone-26-27\data_grouped\val\ok_front\cast_ok_0_6074.jpeg,ok_front,ok_front,True,1.0
C:\Users\jackm\CodingFolder\Electronics-Manufacturing-Capstone-26-27\data_grouped\val\ok_front\cast_ok_0_6095.jpeg,ok_front,ok_front,True,1.0
C:\Users\jackm\CodingFolder\Electronics-Manufacturing-Capstone-26-27\data_grouped\val\ok_front\cast_ok_0_6126.jpeg,ok_front,ok_front,True,1.0
C:\Users\jackm\CodingFolder\Electronics-Manufacturing-Capstone-26-27\data_grouped\val\ok_front\cast_ok_0_6171.jpeg,ok_front,ok_front,True,1.0
C:\Users\jackm\CodingFolder\Electronics-Manufacturing-Capstone-26-27\data_grouped\val\ok_front\cast_ok_0_6229.jpeg,ok_front,ok_front,True,1.0
C:\Users\jackm\CodingFolder\Electronics-Manufacturing-Capstone-26-27\data_grouped\val\ok_front\cast_ok_0_6259.jpeg,ok_front,ok_front,True,1.0
C:\Users\jackm\CodingFolder\Electronics-Manufacturing-Capstone-26-27\data_grouped\val\ok_front\cast_ok_0_6281.jpeg,ok_front,ok_front,True,1.0
C:\Users\jackm\CodingFolder\Electronics-Manufacturing-Capstone-26-27\data_grouped\val\ok_front\cast_ok_0_6331.jpeg,ok_front,ok_front,True,1.0
C:\Users\jackm\CodingFolder\Electronics-Manufacturing-Capstone-26-27\data_grouped\val\ok_front\cast_ok_0_6374.jpeg,ok_front,ok_front,True,1.0
C:\Users\jackm\CodingFolder\Electronics-Manufacturing-Capstone-26-27\data_grouped\val\ok_front\cast_ok_0_6429.jpeg,ok_front,ok_front,True,1.0
C:\Users\jackm\CodingFolder\Electronics-Manufacturing-Capstone-26-27\data_grouped\val\ok_front\cast_ok_0_6508.jpeg,ok_front,ok_front,True,1.0
C:\Users\jackm\CodingFolder\Electronics-Manufacturing-Capstone-26-27\data_grouped\val\ok_front\cast_ok_0_6522.jpeg,ok_front,ok_front,True,1.0
C:\Users\jackm\CodingFolder\Electronics-Manufacturing-Capstone-26-27\data_grouped\val\ok_front\cast_ok_0_6550.jpeg,ok_front,ok_front,True,1.0
C:\Users\jackm\CodingFolder\Electronics-Manufacturing-Capstone-26-27\data_grouped\val\ok_front\cast_ok_0_6551.jpeg,ok_front,ok_front,True,1.0
C:\Users\jackm\CodingFolder\Electronics-Manufacturing-Capstone-26-27\data_grouped\val\ok_front\cast_ok_0_656.jpeg,ok_front,ok_front,True,1.0
C:\Users\jackm\CodingFolder\Electronics-Manufacturing-Capstone-26-27\data_grouped\val\ok_front\cast_ok_0_6620.jpeg,ok_front,ok_front,True,1.0
C:\Users\jackm\CodingFolder\Electronics-Manufacturing-Capstone-26-27\data_grouped\val\ok_front\cast_ok_0_6657.jpeg,ok_front,ok_front,True,1.0
C:\Users\jackm\CodingFolder\Electronics-Manufacturing-Capstone-26-27\data_grouped\val\ok_front\cast_ok_0_6718.jpeg,ok_front,ok_front,True,1.0
C:\Users\jackm\CodingFolder\Electronics-Manufacturing-Capstone-26-27\data_grouped\val\ok_front\cast_ok_0_6730.jpeg,ok_front,ok_front,True,1.0
C:\Users\jackm\CodingFolder\Electronics-Manufacturing-Capstone-26-27\data_grouped\val\ok_front\cast_ok_0_6760.jpeg,ok_front,ok_front,True,1.0
C:\Users\jackm\CodingFolder\Electronics-Manufacturing-Capstone-26-27\data_grouped\val\ok_front\cast_ok_0_6764.jpeg,ok_front,ok_front,True,1.0
C:\Users\jackm\CodingFolder\Electronics-Manufacturing-Capstone-26-27\data_grouped\val\ok_front\cast_ok_0_6814.jpeg,ok_front,ok_front,True,1.0
C:\Users\jackm\CodingFolder\Electronics-Manufacturing-Capstone-26-27\data_grouped\val\ok_front\cast_ok_0_6825.jpeg,ok_front,ok_front,True,1.0
C:\Users\jackm\CodingFolder\Electronics-Manufacturing-Capstone-26-27\data_grouped\val\ok_front\cast_ok_0_6933.jpeg,ok_front,ok_front,True,1.0
C:\Users\jackm\CodingFolder\Electronics-Manufacturing-Capstone-26-27\data_grouped\val\ok_front\cast_ok_0_695.jpeg,ok_front,ok_front,True,1.0
C:\Users\jackm\CodingFolder\Electronics-Manufacturing-Capstone-26-27\data_grouped\val\ok_front\cast_ok_0_6950.jpeg,ok_front,ok_front,True,1.0
C:\Users\jackm\CodingFolder\Electronics-Manufacturing-Capstone-26-27\data_grouped\val\ok_front\cast_ok_0_7009.jpeg,ok_front,ok_front,True,1.0
C:\Users\jackm\CodingFolder\Electronics-Manufacturing-Capstone-26-27\data_grouped\val\ok_front\cast_ok_0_7089.jpeg,ok_front,ok_front,True,1.0
C:\Users\jackm\CodingFolder\Electronics-Manufacturing-Capstone-26-27\data_grouped\val\ok_front\cast_ok_0_7094.jpeg,ok_front,ok_front,True,1.0
C:\Users\jackm\CodingFolder\Electronics-Manufacturing-Capstone-26-27\data_grouped\val\ok_front\cast_ok_0_711.jpeg,ok_front,ok_front,True,1.0
C:\Users\jackm\CodingFolder\Electronics-Manufacturing-Capstone-26-27\data_grouped\val\ok_front\cast_ok_0_7198.jpeg,ok_front,ok_front,True,1.0
C:\Users\jackm\CodingFolder\Electronics-Manufacturing-Capstone-26-27\data_grouped\val\ok_front\cast_ok_0_7209.jpeg,ok_front,ok_front,True,1.0
C:\Users\jackm\CodingFolder\Electronics-Manufacturing-Capstone-26-27\data_grouped\val\ok_front\cast_ok_0_7232.jpeg,ok_front,ok_front,True,1.0
C:\Users\jackm\CodingFolder\Electronics-Manufacturing-Capstone-26-27\data_grouped\val\ok_front\cast_ok_0_7266.jpeg,ok_front,ok_front,True,1.0
C:\Users\jackm\CodingFolder\Electronics-Manufacturing-Capstone-26-27\data_grouped\val\ok_front\cast_ok_0_7312.jpeg,ok_front,ok_front,True,1.0
C:\Users\jackm\CodingFolder\Electronics-Manufacturing-Capstone-26-27\data_grouped\val\ok_front\cast_ok_0_7318.jpeg,ok_front,ok_front,True,1.0
C:\Users\jackm\CodingFolder\Electronics-Manufacturing-Capstone-26-27\data_grouped\val\ok_front\cast_ok_0_7324.jpeg,ok_front,ok_front,True,1.0
C:\Users\jackm\CodingFolder\Electronics-Manufacturing-Capstone-26-27\data_grouped\val\ok_front\cast_ok_0_7408.jpeg,ok_front,ok_front,True,1.0
C:\Users\jackm\CodingFolder\Electronics-Manufacturing-Capstone-26-27\data_grouped\val\ok_front\cast_ok_0_7458.jpeg,ok_front,ok_front,True,1.0
C:\Users\jackm\CodingFolder\Electronics-Manufacturing-Capstone-26-27\data_grouped\val\ok_front\cast_ok_0_7501.jpeg,ok_front,ok_front,True,1.0
C:\Users\jackm\CodingFolder\Electronics-Manufacturing-Capstone-26-27\data_grouped\val\ok_front\cast_ok_0_7534.jpeg,ok_front,ok_front,True,1.0
C:\Users\jackm\CodingFolder\Electronics-Manufacturing-Capstone-26-27\data_grouped\val\ok_front\cast_ok_0_761.jpeg,ok_front,ok_front,True,1.0
C:\Users\jackm\CodingFolder\Electronics-Manufacturing-Capstone-26-27\data_grouped\val\ok_front\cast_ok_0_7632.jpeg,ok_front,ok_front,True,1.0
C:\Users\jackm\CodingFolder\Electronics-Manufacturing-Capstone-26-27\data_grouped\val\ok_front\cast_ok_0_7679.jpeg,ok_front,ok_front,True,1.0
C:\Users\jackm\CodingFolder\Electronics-Manufacturing-Capstone-26-27\data_grouped\val\ok_front\cast_ok_0_768.jpeg,ok_front,ok_front,True,1.0
C:\Users\jackm\CodingFolder\Electronics-Manufacturing-Capstone-26-27\data_grouped\val\ok_front\cast_ok_0_7725.jpeg,ok_front,ok_front,True,1.0
C:\Users\jackm\CodingFolder\Electronics-Manufacturing-Capstone-26-27\data_grouped\val\ok_front\cast_ok_0_7746.jpeg,ok_front,ok_front,True,1.0
C:\Users\jackm\CodingFolder\Electronics-Manufacturing-Capstone-26-27\data_grouped\val\ok_front\cast_ok_0_7849.jpeg,ok_front,ok_front,True,1.0
C:\Users\jackm\CodingFolder\Electronics-Manufacturing-Capstone-26-27\data_grouped\val\ok_front\cast_ok_0_7901.jpeg,ok_front,ok_front,True,1.0
C:\Users\jackm\CodingFolder\Electronics-Manufacturing-Capstone-26-27\data_grouped\val\ok_front\cast_ok_0_7950.jpeg,ok_front,ok_front,True,1.0
C:\Users\jackm\CodingFolder\Electronics-Manufacturing-Capstone-26-27\data_grouped\val\ok_front\cast_ok_0_7988.jpeg,ok_front,ok_front,True,1.0
C:\Users\jackm\CodingFolder\Electronics-Manufacturing-Capstone-26-27\data_grouped\val\ok_front\cast_ok_0_8110.jpeg,ok_front,ok_front,True,1.0
C:\Users\jackm\CodingFolder\Electronics-Manufacturing-Capstone-26-27\data_grouped\val\ok_front\cast_ok_0_8124.jpeg,ok_front,ok_front,True,1.0
C:\Users\jackm\CodingFolder\Electronics-Manufacturing-Capstone-26-27\data_grouped\val\ok_front\cast_ok_0_8142.jpeg,ok_front,ok_front,True,1.0
C:\Users\jackm\CodingFolder\Electronics-Manufacturing-Capstone-26-27\data_grouped\val\ok_front\cast_ok_0_8173.jpeg,ok_front,ok_front,True,1.0
C:\Users\jackm\CodingFolder\Electronics-Manufacturing-Capstone-26-27\data_grouped\val\ok_front\cast_ok_0_8210.jpeg,ok_front,ok_front,True,1.0
C:\Users\jackm\CodingFolder\Electronics-Manufacturing-Capstone-26-27\data_grouped\val\ok_front\cast_ok_0_8260.jpeg,ok_front,ok_front,True,1.0
C:\Users\jackm\CodingFolder\Electronics-Manufacturing-Capstone-26-27\data_grouped\val\ok_front\cast_ok_0_8262.jpeg,ok_front,ok_front,True,1.0
C:\Users\jackm\CodingFolder\Electronics-Manufacturing-Capstone-26-27\data_grouped\val\ok_front\cast_ok_0_827.jpeg,ok_front,ok_front,True,1.0
C:\Users\jackm\CodingFolder\Electronics-Manufacturing-Capstone-26-27\data_grouped\val\ok_front\cast_ok_0_8317.jpeg,ok_front,ok_front,True,1.0
C:\Users\jackm\CodingFolder\Electronics-Manufacturing-Capstone-26-27\data_grouped\val\ok_front\cast_ok_0_837.jpeg,ok_front,ok_front,True,1.0
C:\Users\jackm\CodingFolder\Electronics-Manufacturing-Capstone-26-27\data_grouped\val\ok_front\cast_ok_0_8377.jpeg,ok_front,ok_front,True,1.0
C:\Users\jackm\CodingFolder\Electronics-Manufacturing-Capstone-26-27\data_grouped\val\ok_front\cast_ok_0_8392.jpeg,ok_front,ok_front,True,1.0
C:\Users\jackm\CodingFolder\Electronics-Manufacturing-Capstone-26-27\data_grouped\val\ok_front\cast_ok_0_8404.jpeg,ok_front,ok_front,True,1.0
C:\Users\jackm\CodingFolder\Electronics-Manufacturing-Capstone-26-27\data_grouped\val\ok_front\cast_ok_0_8446.jpeg,ok_front,ok_front,True,1.0
C:\Users\jackm\CodingFolder\Electronics-Manufacturing-Capstone-26-27\data_grouped\val\ok_front\cast_ok_0_8456.jpeg,ok_front,ok_front,True,1.0
C:\Users\jackm\CodingFolder\Electronics-Manufacturing-Capstone-26-27\data_grouped\val\ok_front\cast_ok_0_8535.jpeg,ok_front,ok_front,True,1.0
C:\Users\jackm\CodingFolder\Electronics-Manufacturing-Capstone-26-27\data_grouped\val\ok_front\cast_ok_0_8600.jpeg,ok_front,ok_front,True,1.0
C:\Users\jackm\CodingFolder\Electronics-Manufacturing-Capstone-26-27\data_grouped\val\ok_front\cast_ok_0_8614.jpeg,ok_front,ok_front,True,1.0
C:\Users\jackm\CodingFolder\Electronics-Manufacturing-Capstone-26-27\data_grouped\val\ok_front\cast_ok_0_8619.jpeg,ok_front,ok_front,True,1.0
C:\Users\jackm\CodingFolder\Electronics-Manufacturing-Capstone-26-27\data_grouped\val\ok_front\cast_ok_0_8652.jpeg,ok_front,ok_front,True,1.0
C:\Users\jackm\CodingFolder\Electronics-Manufacturing-Capstone-26-27\data_grouped\val\ok_front\cast_ok_0_8670.jpeg,ok_front,ok_front,True,1.0
C:\Users\jackm\CodingFolder\Electronics-Manufacturing-Capstone-26-27\data_grouped\val\ok_front\cast_ok_0_8695.jpeg,ok_front,ok_front,True,1.0
C:\Users\jackm\CodingFolder\Electronics-Manufacturing-Capstone-26-27\data_grouped\val\ok_front\cast_ok_0_8712.jpeg,ok_front,ok_front,True,1.0
C:\Users\jackm\CodingFolder\Electronics-Manufacturing-Capstone-26-27\data_grouped\val\ok_front\cast_ok_0_8740.jpeg,ok_front,ok_front,True,1.0
C:\Users\jackm\CodingFolder\Electronics-Manufacturing-Capstone-26-27\data_grouped\val\ok_front\cast_ok_0_8770.jpeg,ok_front,ok_front,True,1.0
C:\Users\jackm\CodingFolder\Electronics-Manufacturing-Capstone-26-27\data_grouped\val\ok_front\cast_ok_0_8883.jpeg,ok_front,ok_front,True,1.0
C:\Users\jackm\CodingFolder\Electronics-Manufacturing-Capstone-26-27\data_grouped\val\ok_front\cast_ok_0_8914.jpeg,ok_front,ok_front,True,1.0
C:\Users\jackm\CodingFolder\Electronics-Manufacturing-Capstone-26-27\data_grouped\val\ok_front\cast_ok_0_8918.jpeg,ok_front,ok_front,True,1.0
C:\Users\jackm\CodingFolder\Electronics-Manufacturing-Capstone-26-27\data_grouped\val\ok_front\cast_ok_0_8995.jpeg,ok_front,ok_front,True,1.0
C:\Users\jackm\CodingFolder\Electronics-Manufacturing-Capstone-26-27\data_grouped\val\ok_front\cast_ok_0_9013.jpeg,ok_front,ok_front,True,1.0
C:\Users\jackm\CodingFolder\Electronics-Manufacturing-Capstone-26-27\data_grouped\val\ok_front\cast_ok_0_9127.jpeg,ok_front,ok_front,True,1.0
C:\Users\jackm\CodingFolder\Electronics-Manufacturing-Capstone-26-27\data_grouped\val\ok_front\cast_ok_0_9149.jpeg,ok_front,ok_front,True,1.0
C:\Users\jackm\CodingFolder\Electronics-Manufacturing-Capstone-26-27\data_grouped\val\ok_front\cast_ok_0_9179.jpeg,ok_front,ok_front,True,1.0
C:\Users\jackm\CodingFolder\Electronics-Manufacturing-Capstone-26-27\data_grouped\val\ok_front\cast_ok_0_9205.jpeg,ok_front,ok_front,True,1.0
C:\Users\jackm\CodingFolder\Electronics-Manufacturing-Capstone-26-27\data_grouped\val\ok_front\cast_ok_0_9304.jpeg,ok_front,ok_front,True,1.0
C:\Users\jackm\CodingFolder\Electronics-Manufacturing-Capstone-26-27\data_grouped\val\ok_front\cast_ok_0_9322.jpeg,ok_front,ok_front,True,1.0
C:\Users\jackm\CodingFolder\Electronics-Manufacturing-Capstone-26-27\data_grouped\val\ok_front\cast_ok_0_935.jpeg,ok_front,ok_front,True,1.0
C:\Users\jackm\CodingFolder\Electronics-Manufacturing-Capstone-26-27\data_grouped\val\ok_front\cast_ok_0_9420.jpeg,ok_front,ok_front,True,1.0
C:\Users\jackm\CodingFolder\Electronics-Manufacturing-Capstone-26-27\data_grouped\val\ok_front\cast_ok_0_9443.jpeg,ok_front,ok_front,True,1.0
C:\Users\jackm\CodingFolder\Electronics-Manufacturing-Capstone-26-27\data_grouped\val\ok_front\cast_ok_0_9466.jpeg,ok_front,ok_front,True,1.0
C:\Users\jackm\CodingFolder\Electronics-Manufacturing-Capstone-26-27\data_grouped\val\ok_front\cast_ok_0_9534.jpeg,ok_front,ok_front,True,1.0
C:\Users\jackm\CodingFolder\Electronics-Manufacturing-Capstone-26-27\data_grouped\val\ok_front\cast_ok_0_9552.jpeg,ok_front,ok_front,True,1.0
C:\Users\jackm\CodingFolder\Electronics-Manufacturing-Capstone-26-27\data_grouped\val\ok_front\cast_ok_0_9562.jpeg,ok_front,ok_front,True,1.0
C:\Users\jackm\CodingFolder\Electronics-Manufacturing-Capstone-26-27\data_grouped\val\ok_front\cast_ok_0_9575.jpeg,ok_front,ok_front,True,1.0
C:\Users\jackm\CodingFolder\Electronics-Manufacturing-Capstone-26-27\data_grouped\val\ok_front\cast_ok_0_9597.jpeg,ok_front,ok_front,True,1.0
C:\Users\jackm\CodingFolder\Electronics-Manufacturing-Capstone-26-27\data_grouped\val\ok_front\cast_ok_0_963.jpeg,ok_front,ok_front,True,1.0
C:\Users\jackm\CodingFolder\Electronics-Manufacturing-Capstone-26-27\data_grouped\val\ok_front\cast_ok_0_9632.jpeg,ok_front,ok_front,True,1.0
C:\Users\jackm\CodingFolder\Electronics-Manufacturing-Capstone-26-27\data_grouped\val\ok_front\cast_ok_0_970.jpeg,ok_front,ok_front,True,1.0
C:\Users\jackm\CodingFolder\Electronics-Manufacturing-Capstone-26-27\data_grouped\val\ok_front\cast_ok_0_9714.jpeg,ok_front,ok_front,True,1.0
C:\Users\jackm\CodingFolder\Electronics-Manufacturing-Capstone-26-27\data_grouped\val\ok_front\cast_ok_0_9718.jpeg,ok_front,ok_front,True,1.0
C:\Users\jackm\CodingFolder\Electronics-Manufacturing-Capstone-26-27\data_grouped\val\ok_front\cast_ok_0_9821.jpeg,ok_front,ok_front,True,1.0
C:\Users\jackm\CodingFolder\Electronics-Manufacturing-Capstone-26-27\data_grouped\val\ok_front\cast_ok_0_9835.jpeg,ok_front,ok_front,True,1.0
C:\Users\jackm\CodingFolder\Electronics-Manufacturing-Capstone-26-27\data_grouped\val\ok_front\cast_ok_0_9918.jpeg,ok_front,ok_front,True,1.0
C:\Users\jackm\CodingFolder\Electronics-Manufacturing-Capstone-26-27\data_grouped\val\ok_front\cast_ok_0_9930.jpeg,ok_front,ok_front,True,1.0
C:\Users\jackm\CodingFolder\Electronics-Manufacturing-Capstone-26-27\data_grouped\val\ok_front\cast_ok_0_9934.jpeg,ok_front,ok_front,True,1.0
C:\Users\jackm\CodingFolder\Electronics-Manufacturing-Capstone-26-27\data_grouped\val\ok_front\cast_ok_0_9955.jpeg,ok_front,ok_front,True,1.0
C:\Users\jackm\CodingFolder\Electronics-Manufacturing-Capstone-26-27\data_grouped\val\ok_front\cast_ok_0_9971.jpeg,ok_front,ok_front,True,1.0
