file,cluster,distance_to_centre
data_clean\val\def_front\cast_def_0_112.jpeg,0,46.3326
data_clean\train\def_front\cast_def_0_857.jpeg,0,48.7221
data_clean\train\def_front\cast_def_0_2998.jpeg,0,49.1740
data_clean\train\def_front\cast_def_0_9040.jpeg,0,50.3228
data_clean\val\def_front\cast_def_0_3106.jpeg,0,55.4944
data_clean\train\def_front\cast_def_0_7260.jpeg,0,63.5017
data_clean\train\def_front\cast_def_0_4758.jpeg,0,63.8239
data_clean\train\def_front\cast_def_0_7161.jpeg,0,73.5261
data_clean\train\def_front\cast_def_0_3658.jpeg,0,74.4669
data_clean\train\def_front\cast_def_0_6332.jpeg,0,81.2252
data_clean\train\def_front\cast_def_0_8991.jpeg,0,81.5240
data_clean\train\def_front\cast_def_0_1692.jpeg,0,82.6421
data_clean\train\def_front\cast_def_0_3671.jpeg,0,83.7814
data_clean\train\def_front\cast_def_0_3644.jpeg,0,88.1212
data_clean\train\def_front\cast_def_0_8909.jpeg,0,89.1781
data_clean\train\def_front\cast_def_0_6641.jpeg,0,90.6622
data_clean\train\def_front\cast_def_0_9823.jpeg,0,93.0847
data_clean\train\def_front\cast_def_0_5832.jpeg,0,93.5298
data_clean\train\def_front\cast_def_0_1082.jpeg,0,93.5841
data_clean\val\def_front\cast_def_0_174.jpeg,0,93.6147
data_clean\train\def_front\cast_def_0_3766.jpeg,0,94.7883
data_clean\train\def_front\cast_def_0_2923.jpeg,0,95.0015
data_clean\train\def_front\cast_def_0_9490.jpeg,0,96.8724
data_clean\val\def_front\cast_def_0_1497.jpeg,0,96.9425
data_clean\train\def_front\cast_def_0_6405.jpeg,0,101.0473
data_clean\train\def_front\cast_def_0_7581.jpeg,0,101.6999
data_clean\train\def_front\cast_def_0_2963.jpeg,0,102.5441
data_clean\train\def_front\cast_def_0_8487.jpeg,0,104.4258
data_clean\train\def_front\cast_def_0_8965.jpeg,0,105.1023
data_clean\train\def_front\cast_def_0_8438.jpeg,0,107.2695
data_clean\train\def_front\cast_def_0_4718.jpeg,0,107.7773
data_clean\train\def_front\cast_def_0_8918.jpeg,0,110.6560
data_clean\train\def_front\cast_def_0_7780.jpeg,0,111.6819
data_clean\train\def_front\cast_def_0_2876.jpeg,0,111.8002
data_clean\train\def_front\cast_def_0_6109.jpeg,0,112.0618
data_clean\train\def_front\cast_def_0_2860.jpeg,0,112.7800
data_clean\train\def_front\cast_def_0_401.jpeg,0,114.0377
data_clean\train\def_front\cast_def_0_722.jpeg,0,115.6601
data_clean\train\def_front\cast_def_0_9216.jpeg,0,116.0792
data_clean\train\def_front\cast_def_0_2891.jpeg,0,121.1652
data_clean\train\def_front\cast_def_0_3005.jpeg,0,122.0790
data_clean\train\def_front\cast_def_0_4083.jpeg,0,122.4249
data_clean\train\def_front\cast_def_0_313.jpeg,0,122.9072
data_clean\train\def_front\cast_def_0_6395.jpeg,0,122.9842
data_clean\val\def_front\cast_def_0_299.jpeg,0,125.2853
data_clean\train\def_front\cast_def_0_2287.jpeg,0,126.1490
data_clean\train\def_front\cast_def_0_7412.jpeg,0,127.9532
data_clean\train\def_front\cast_def_0_6700.jpeg,0,129.1561
data_clean\train\def_front\cast_def_0_8348.jpeg,0,129.6678
data_clean\train\def_front\cast_def_0_5006.jpeg,0,132.3144
data_clean\train\def_front\cast_def_0_3197.jpeg,0,132.5722
data_clean\val\def_front\cast_def_0_144.jpeg,0,137.7715
data_clean\train\def_front\cast_def_0_5793.jpeg,0,138.9182
data_clean\train\def_front\cast_def_0_2846.jpeg,0,138.9240
data_clean\train\def_front\cast_def_0_2753.jpeg,0,142.0419
data_clean\train\def_front\cast_def_0_7185.jpeg,0,142.2356
data_clean\train\def_front\cast_def_0_6548.jpeg,0,142.2416
data_clean\train\def_front\cast_def_0_8809.jpeg,0,142.5846
data_clean\train\def_front\cast_def_0_9701.jpeg,0,142.7656
data_clean\train\def_front\cast_def_0_9777.jpeg,0,144.3291
data_clean\train\def_front\cast_def_0_315.jpeg,0,146.5320
data_clean\train\def_front\cast_def_0_8878.jpeg,0,146.5759
data_clean\train\def_front\cast_def_0_3556.jpeg,0,147.2249
data_clean\train\def_front\cast_def_0_5090.jpeg,0,147.3557
data_clean\train\def_front\cast_def_0_7437.jpeg,0,147.4951
data_clean\train\def_front\cast_def_0_1825.jpeg,0,150.9498
data_clean\train\def_front\cast_def_0_9429.jpeg,0,152.0801
data_clean\train\def_front\cast_def_0_5034.jpeg,0,152.3301
data_clean\train\def_front\cast_def_0_8833.jpeg,0,158.9299
data_clean\train\def_front\cast_def_0_9440.jpeg,0,159.0165
data_clean\val\def_front\cast_def_0_367.jpeg,0,159.1121
data_clean\train\def_front\cast_def_0_9953.jpeg,0,159.4086
data_clean\train\def_front\cast_def_0_1008.jpeg,0,162.1134
data_clean\train\def_front\cast_def_0_6972.jpeg,0,163.9814
data_clean\train\def_front\cast_def_0_1862.jpeg,0,165.2500
data_clean\train\def_front\cast_def_0_962.jpeg,0,165.6577
data_clean\train\def_front\cast_def_0_4845.jpeg,0,165.7263
data_clean\train\def_front\cast_def_0_8245.jpeg,0,166.0678
data_clean\train\def_front\cast_def_0_82.jpeg,0,169.1779
data_clean\train\def_front\cast_def_0_7703.jpeg,0,169.2377
data_clean\train\def_front\cast_def_0_15.jpeg,0,170.5576
data_clean\train\def_front\cast_def_0_9108.jpeg,0,173.0429
data_clean\train\def_front\cast_def_0_4181.jpeg,0,173.4629
data_clean\train\def_front\cast_def_0_8543.jpeg,0,173.8923
data_clean\train\def_front\cast_def_0_3190.jpeg,0,178.1717
data_clean\train\def_front\cast_def_0_2036.jpeg,0,181.3547
data_clean\train\def_front\cast_def_0_4354.jpeg,0,182.4478
data_clean\val\def_front\cast_def_0_647.jpeg,0,182.7860
data_clean\train\def_front\cast_def_0_3880.jpeg,0,189.7085
data_clean\val\def_front\cast_def_0_2324.jpeg,0,192.5422
data_clean\train\def_front\cast_def_0_1928.jpeg,0,193.6408
data_clean\train\def_front\cast_def_0_5597.jpeg,0,194.2423
data_clean\train\def_front\cast_def_0_5134.jpeg,0,195.2675
data_clean\train\def_front\cast_def_0_2697.jpeg,0,198.1247
data_clean\train\def_front\cast_def_0_1728.jpeg,0,198.4582
data_clean\train\def_front\cast_def_0_4374.jpeg,0,198.7683
data_clean\train\def_front\cast_def_0_3798.jpeg,0,199.4949
data_clean\train\def_front\cast_def_0_5723.jpeg,0,199.6869
data_clean\train\def_front\cast_def_0_3801.jpeg,0,200.7220
data_clean\train\def_front\cast_def_0_1060.jpeg,0,202.1140
data_clean\train\def_front\cast_def_0_3082.jpeg,0,203.2941
data_clean\train\def_front\cast_def_0_3037.jpeg,0,203.8604
data_clean\train\def_front\cast_def_0_9359.jpeg,0,206.5462
data_clean\train\def_front\cast_def_0_4171.jpeg,0,208.0007
data_clean\train\def_front\cast_def_0_6505.jpeg,0,208.2466
data_clean\train\def_front\cast_def_0_3747.jpeg,0,209.4146
data_clean\train\def_front\cast_def_0_7737.jpeg,0,209.6764
data_clean\train\def_front\cast_def_0_8466.jpeg,0,211.4938
data_clean\train\def_front\cast_def_0_8007.jpeg,0,211.9024
data_clean\train\def_front\cast_def_0_9495.jpeg,0,214.8228
data_clean\train\def_front\cast_def_0_3583.jpeg,0,215.1878
data_clean\train\def_front\cast_def_0_3975.jpeg,0,215.5703
data_clean\train\def_front\cast_def_0_1077.jpeg,0,216.5712
data_clean\train\def_front\cast_def_0_5521.jpeg,0,217.5955
data_clean\train\def_front\cast_def_0_2861.jpeg,0,218.0721
data_clean\val\def_front\cast_def_0_4137.jpeg,0,218.6138
data_clean\train\def_front\cast_def_0_4917.jpeg,0,218.7446
data_clean\train\def_front\cast_def_0_1099.jpeg,0,219.4359
data_clean\train\def_front\cast_def_0_2924.jpeg,0,219.7690
data_clean\train\def_front\cast_def_0_6590.jpeg,0,220.0902
data_clean\train\def_front\cast_def_0_3011.jpeg,0,222.4434
data_clean\train\def_front\cast_def_0_133.jpeg,0,224.2750
data_clean\train\def_front\cast_def_0_8267.jpeg,0,225.4030
data_clean\train\def_front\cast_def_0_3185.jpeg,0,228.7257
data_clean\train\def_front\cast_def_0_2726.jpeg,0,229.3904
data_clean\train\def_front\cast_def_0_4717.jpeg,0,229.4075
data_clean\train\def_front\cast_def_0_6373.jpeg,0,229.4980
data_clean\val\def_front\cast_def_0_663.jpeg,0,231.4503
data_clean\train\def_front\cast_def_0_5676.jpeg,0,232.8594
data_clean\val\def_front\cast_def_0_1171.jpeg,0,233.9140
data_clean\train\def_front\cast_def_0_5414.jpeg,0,234.9950
data_clean\train\def_front\cast_def_0_9356.jpeg,0,235.9745
data_clean\train\def_front\cast_def_0_6404.jpeg,0,237.9571
data_clean\train\def_front\cast_def_0_1085.jpeg,0,238.6213
data_clean\val\def_front\new__0_3299.jpeg,0,239.4739
data_clean\train\def_front\cast_def_0_6070.jpeg,0,240.0727
data_clean\train\def_front\cast_def_0_7537.jpeg,0,242.5809
data_clean\train\def_front\cast_def_0_7547.jpeg,0,245.6237
data_clean\train\def_front\cast_def_0_6392.jpeg,0,248.2554
data_clean\train\def_front\cast_def_0_6836.jpeg,0,250.2187
data_clean\train\def_front\cast_def_0_4385.jpeg,0,250.8120
data_clean\train\def_front\cast_def_0_310.jpeg,0,253.3056
data_clean\train\def_front\cast_def_0_1961.jpeg,0,255.7119
data_clean\train\def_front\cast_def_0_4800.jpeg,0,255.7262
data_clean\train\def_front\cast_def_0_6858.jpeg,0,255.9615
data_clean\train\def_front\cast_def_0_5160.jpeg,0,256.1425
data_clean\train\def_front\cast_def_0_7102.jpeg,0,259.4151
data_clean\train\def_front\cast_def_0_1240.jpeg,0,261.3249
data_clean\train\def_front\cast_def_0_2258.jpeg,0,262.2032
data_clean\train\def_front\cast_def_0_9141.jpeg,0,262.2917
data_clean\train\def_front\cast_def_0_3388.jpeg,0,263.7587
data_clean\train\def_front\cast_def_0_5272.jpeg,0,264.1680
data_clean\train\def_front\cast_def_0_2145.jpeg,0,265.3445
data_clean\train\def_front\cast_def_0_8899.jpeg,0,265.5530
data_clean\train\def_front\cast_def_0_8599.jpeg,0,266.5691
data_clean\train\def_front\cast_def_0_9437.jpeg,0,267.2202
data_clean\train\def_front\cast_def_0_9524.jpeg,0,269.4798
data_clean\train\def_front\cast_def_0_4843.jpeg,0,269.9028
data_clean\train\def_front\cast_def_0_8801.jpeg,0,270.2382
data_clean\train\def_front\cast_def_0_654.jpeg,0,270.9649
data_clean\train\def_front\cast_def_0_1907.jpeg,0,271.4020
data_clean\train\def_front\cast_def_0_5763.jpeg,0,271.4682
data_clean\train\def_front\cast_def_0_4753.jpeg,0,272.0591
data_clean\val\def_front\cast_def_0_1568.jpeg,0,272.5149
data_clean\train\def_front\cast_def_0_2588.jpeg,0,272.7707
data_clean\val\def_front\cast_def_0_2104.jpeg,0,273.0192
data_clean\train\def_front\cast_def_0_782.jpeg,0,274.2932
data_clean\train\def_front\cast_def_0_4850.jpeg,0,274.8817
data_clean\train\def_front\cast_def_0_3350.jpeg,0,274.8988
data_clean\train\def_front\cast_def_0_348.jpeg,0,278.7179
data_clean\train\def_front\cast_def_0_6804.jpeg,0,280.0108
data_clean\train\def_front\cast_def_0_6914.jpeg,0,280.2465
data_clean\train\def_front\cast_def_0_8475.jpeg,0,281.3113
data_clean\train\def_front\cast_def_0_8219.jpeg,0,284.6630
data_clean\train\def_front\cast_def_0_5201.jpeg,0,285.8936
data_clean\train\def_front\cast_def_0_6580.jpeg,0,286.1293
data_clean\train\def_front\cast_def_0_6851.jpeg,0,287.6825
data_clean\train\def_front\cast_def_0_3384.jpeg,0,288.2180
data_clean\train\def_front\cast_def_0_1490.jpeg,0,288.3747
data_clean\train\def_front\cast_def_0_3927.jpeg,0,288.4360
data_clean\train\def_front\cast_def_0_8925.jpeg,0,289.2269
data_clean\train\def_front\cast_def_0_8088.jpeg,0,289.9501
data_clean\train\def_front\cast_def_0_7888.jpeg,0,290.1828
data_clean\train\def_front\cast_def_0_1156.jpeg,0,294.0767
data_clean\train\def_front\cast_def_0_677.jpeg,0,295.6454
data_clean\train\def_front\cast_def_0_2875.jpeg,0,296.2281
data_clean\train\def_front\cast_def_0_2781.jpeg,0,296.5294
data_clean\train\def_front\cast_def_0_1098.jpeg,0,298.8640
data_clean\train\def_front\cast_def_0_4915.jpeg,0,299.1501
data_clean\train\def_front\cast_def_0_9101.jpeg,0,299.3541
data_clean\val\def_front\cast_def_0_49.jpeg,0,299.8161
data_clean\train\def_front\cast_def_0_1833.jpeg,0,299.8714
data_clean\val\def_front\cast_def_0_1499.jpeg,0,304.1270
data_clean\train\def_front\cast_def_0_5459.jpeg,0,304.5973
data_clean\train\def_front\cast_def_0_2916.jpeg,0,304.6071
data_clean\train\def_front\cast_def_0_819.jpeg,0,304.6262
data_clean\train\def_front\cast_def_0_9912.jpeg,0,306.2221
data_clean\train\def_front\cast_def_0_3915.jpeg,0,306.3143
data_clean\train\def_front\cast_def_0_355.jpeg,0,310.0337
data_clean\train\def_front\cast_def_0_9842.jpeg,0,310.0616
data_clean\train\def_front\cast_def_0_8863.jpeg,0,311.0752
data_clean\train\def_front\cast_def_0_5462.jpeg,0,311.9604
data_clean\train\def_front\cast_def_0_5830.jpeg,0,313.3346
data_clean\train\def_front\cast_def_0_3587.jpeg,0,314.6099
data_clean\train\def_front\cast_def_0_8787.jpeg,0,315.1754
data_clean\train\def_front\cast_def_0_671.jpeg,0,315.4281
data_clean\train\def_front\cast_def_0_8922.jpeg,0,315.9978
data_clean\val\def_front\cast_def_0_500.jpeg,0,316.1391
data_clean\train\def_front\cast_def_0_8495.jpeg,0,317.6457
data_clean\val\def_front\cast_def_0_216.jpeg,0,318.4458
data_clean\train\def_front\cast_def_0_4304.jpeg,0,319.0218
data_clean\val\def_front\cast_def_0_28.jpeg,0,321.4569
data_clean\val\def_front\cast_def_0_2376.jpeg,0,323.1393
data_clean\train\def_front\cast_def_0_6697.jpeg,0,324.1948
data_clean\train\def_front\cast_def_0_3897.jpeg,0,324.4551
data_clean\train\def_front\cast_def_0_8260.jpeg,0,324.5033
data_clean\train\def_front\cast_def_0_6056.jpeg,0,325.9685
data_clean\train\def_front\cast_def_0_7420.jpeg,0,327.7909
data_clean\train\def_front\cast_def_0_5902.jpeg,0,328.2520
data_clean\train\def_front\cast_def_0_2796.jpeg,0,329.7388
data_clean\train\def_front\cast_def_0_4018.jpeg,0,335.7207
data_clean\train\def_front\cast_def_0_4289.jpeg,0,337.8048
data_clean\train\def_front\cast_def_0_1939.jpeg,0,339.2119
data_clean\train\def_front\cast_def_0_3289.jpeg,0,340.0787
data_clean\train\def_front\cast_def_0_11.jpeg,0,344.3174
data_clean\train\def_front\cast_def_0_91.jpeg,0,346.1797
data_clean\train\def_front\cast_def_0_9042.jpeg,0,357.3045
data_clean\train\def_front\cast_def_0_544.jpeg,0,365.9858
data_clean\train\def_front\cast_def_0_4090.jpeg,0,367.6997
data_clean\train\def_front\cast_def_0_9194.jpeg,0,373.5836
data_clean\train\def_front\cast_def_0_9048.jpeg,0,383.1827
data_clean\train\def_front\cast_def_0_4815.jpeg,0,415.7760
data_clean\train\def_front\cast_def_0_7353.jpeg,0,432.3080
data_clean\train\def_front\cast_def_0_4847.jpeg,0,452.2981
data_clean\train\def_front\cast_def_0_7508.jpeg,0,459.5189
data_clean\train\def_front\cast_def_0_9419.jpeg,0,462.8630
data_clean\train\def_front\cast_def_0_6027.jpeg,0,462.8843
data_clean\train\def_front\cast_def_0_5378.jpeg,0,470.6008
data_clean\val\def_front\cast_def_0_1414.jpeg,0,480.5796
data_clean\val\def_front\cast_def_0_520.jpeg,0,486.4938
data_clean\train\def_front\cast_def_0_7917.jpeg,0,506.8997
data_clean\val\def_front\cast_def_0_1211.jpeg,0,515.0927
data_clean\train\def_front\cast_def_0_4802.jpeg,0,515.3411
data_clean\train\def_front\cast_def_0_7351.jpeg,0,539.5371
data_clean\train\def_front\cast_def_0_2868.jpeg,0,542.2759
data_clean\train\def_front\cast_def_0_4096.jpeg,0,542.7779
data_clean\train\def_front\cast_def_0_5512.jpeg,0,577.5134
data_clean\train\def_front\cast_def_0_7682.jpeg,0,628.8289
data_clean\train\def_front\cast_def_0_866.jpeg,0,637.5971
data_clean\train\def_front\cast_def_0_9845.jpeg,0,637.7526
data_clean\train\def_front\cast_def_0_4112.jpeg,0,643.9985
data_clean\train\def_front\cast_def_0_3330.jpeg,0,654.4521
data_clean\train\def_front\cast_def_0_6678.jpeg,0,672.2967
data_clean\train\def_front\cast_def_0_2663.jpeg,0,673.4293
data_clean\train\def_front\cast_def_0_8305.jpeg,0,686.2601
data_clean\train\def_front\cast_def_0_3137.jpeg,0,721.2552
data_clean\train\def_front\cast_def_0_2634.jpeg,0,752.0518
data_clean\train\def_front\cast_def_0_5556.jpeg,0,802.2648
data_clean\train\def_front\cast_def_0_2251.jpeg,0,802.4261
data_clean\val\def_front\cast_def_0_1260.jpeg,0,815.8380
data_clean\train\def_front\cast_def_0_9890.jpeg,0,819.6823
data_clean\train\def_front\cast_def_0_7246.jpeg,0,880.1735
data_clean\train\def_front\cast_def_0_4820.jpeg,0,1011.4742
data_clean\train\def_front\cast_def_0_5759.jpeg,0,1034.6891
data_clean\train\def_front\cast_def_0_4183.jpeg,0,1083.3491
data_clean\train\def_front\cast_def_0_126.jpeg,0,1176.2709
data_clean\train\def_front\cast_def_0_1994.jpeg,1,18.2395
data_clean\train\def_front\cast_def_0_5847.jpeg,1,18.2812
data_clean\train\def_front\cast_def_0_2356.jpeg,1,20.2158
data_clean\train\def_front\cast_def_0_9423.jpeg,1,20.9994
data_clean\train\def_front\cast_def_0_9872.jpeg,1,21.8265
data_clean\train\def_front\cast_def_0_7677.jpeg,1,22.2906
data_clean\train\def_front\cast_def_0_1921.jpeg,1,22.6472
data_clean\train\def_front\cast_def_0_3723.jpeg,1,22.6716
data_clean\train\def_front\cast_def_0_5914.jpeg,1,22.8742
data_clean\train\def_front\cast_def_0_1771.jpeg,1,22.9603
data_clean\train\def_front\cast_def_0_4445.jpeg,1,23.1747
data_clean\val\def_front\cast_def_0_247.jpeg,1,23.3156
data_clean\train\def_front\cast_def_0_8702.jpeg,1,23.3272
data_clean\train\def_front\cast_def_0_7635.jpeg,1,23.5475
data_clean\train\def_front\cast_def_0_5659.jpeg,1,23.5503
data_clean\val\def_front\cast_def_0_507.jpeg,1,24.1192
data_clean\train\def_front\cast_def_0_6784.jpeg,1,24.3669
data_clean\train\def_front\cast_def_0_3569.jpeg,1,24.7046
data_clean\train\def_front\cast_def_0_5833.jpeg,1,24.7970
data_clean\train\def_front\cast_def_0_430.jpeg,1,24.9436
data_clean\train\def_front\cast_def_0_2926.jpeg,1,25.0955
data_clean\train\def_front\cast_def_0_3534.jpeg,1,25.4515
data_clean\train\def_front\cast_def_0_1095.jpeg,1,25.6187
data_clean\train\def_front\cast_def_0_9367.jpeg,1,25.9122
data_clean\train\def_front\cast_def_0_1181.jpeg,1,26.1086
data_clean\train\def_front\cast_def_0_5315.jpeg,1,26.4777
data_clean\val\def_front\cast_def_0_1134.jpeg,1,26.5959
data_clean\train\def_front\cast_def_0_319.jpeg,1,26.6194
data_clean\train\def_front\cast_def_0_5482.jpeg,1,26.8871
data_clean\val\def_front\cast_def_0_1613.jpeg,1,26.8887
data_clean\train\def_front\cast_def_0_676.jpeg,1,26.9518
data_clean\train\def_front\cast_def_0_899.jpeg,1,27.0844
data_clean\train\def_front\cast_def_0_8126.jpeg,1,27.0966
data_clean\train\def_front\cast_def_0_7985.jpeg,1,27.4627
data_clean\val\def_front\cast_def_0_590.jpeg,1,27.5151
data_clean\train\def_front\cast_def_0_9935.jpeg,1,27.5202
data_clean\train\def_front\cast_def_0_7796.jpeg,1,27.5365
data_clean\val\def_front\cast_def_0_1599.jpeg,1,28.1300
data_clean\train\def_front\cast_def_0_720.jpeg,1,28.3589
data_clean\train\def_front\cast_def_0_4448.jpeg,1,28.4948
data_clean\train\def_front\cast_def_0_6910.jpeg,1,28.6062
data_clean\train\def_front\cast_def_0_7717.jpeg,1,28.6667
data_clean\train\def_front\cast_def_0_6787.jpeg,1,28.7897
data_clean\val\def_front\cast_def_0_642.jpeg,1,29.8362
data_clean\train\def_front\cast_def_0_3997.jpeg,1,29.9334
data_clean\train\def_front\cast_def_0_9281.jpeg,1,30.3074
data_clean\val\def_front\cast_def_0_1644.jpeg,1,30.6205
data_clean\train\def_front\cast_def_0_4384.jpeg,1,30.8373
data_clean\val\def_front\cast_def_0_1665.jpeg,1,30.9110
data_clean\train\def_front\cast_def_0_5031.jpeg,1,31.0526
data_clean\train\def_front\cast_def_0_9880.jpeg,1,31.2270
data_clean\train\def_front\cast_def_0_5672.jpeg,1,31.2910
data_clean\train\def_front\cast_def_0_2927.jpeg,1,31.3029
data_clean\train\def_front\cast_def_0_2711.jpeg,1,31.4567
data_clean\val\def_front\cast_def_0_283.jpeg,1,31.6064
data_clean\train\def_front\cast_def_0_7396.jpeg,1,31.6938
data_clean\train\def_front\cast_def_0_5651.jpeg,1,31.7499
data_clean\train\def_front\cast_def_0_5436.jpeg,1,32.0635
data_clean\train\def_front\cast_def_0_7233.jpeg,1,32.2479
data_clean\train\def_front\cast_def_0_7350.jpeg,1,32.2799
data_clean\train\def_front\cast_def_0_9730.jpeg,1,32.4799
data_clean\val\def_front\cast_def_0_175.jpeg,1,32.5181
data_clean\train\def_front\cast_def_0_2054.jpeg,1,32.5576
data_clean\train\def_front\cast_def_0_4107.jpeg,1,32.8040
data_clean\train\def_front\cast_def_0_6929.jpeg,1,32.8198
data_clean\train\def_front\cast_def_0_3934.jpeg,1,33.1409
data_clean\train\def_front\cast_def_0_9211.jpeg,1,33.4367
data_clean\train\def_front\cast_def_0_7284.jpeg,1,33.4688
data_clean\train\def_front\cast_def_0_194.jpeg,1,33.4849
data_clean\train\def_front\cast_def_0_7141.jpeg,1,33.9131
data_clean\train\def_front\cast_def_0_431.jpeg,1,33.9588
data_clean\train\def_front\cast_def_0_3690.jpeg,1,34.0195
data_clean\train\def_front\cast_def_0_4983.jpeg,1,34.0342
data_clean\train\def_front\cast_def_0_321.jpeg,1,34.0812
data_clean\train\def_front\cast_def_0_2114.jpeg,1,34.1488
data_clean\val\def_front\cast_def_0_231.jpeg,1,34.3587
data_clean\train\def_front\cast_def_0_7580.jpeg,1,34.3711
data_clean\train\def_front\cast_def_0_7407.jpeg,1,34.4505
data_clean\train\def_front\cast_def_0_9833.jpeg,1,34.4820
data_clean\train\def_front\cast_def_0_5113.jpeg,1,34.5508
data_clean\train\def_front\cast_def_0_777.jpeg,1,34.5659
data_clean\train\def_front\cast_def_0_6049.jpeg,1,34.7280
data_clean\train\def_front\cast_def_0_5071.jpeg,1,35.0496
data_clean\val\def_front\cast_def_0_558.jpeg,1,35.4087
data_clean\train\def_front\cast_def_0_1810.jpeg,1,35.6116
data_clean\train\def_front\cast_def_0_610.jpeg,1,35.6344
data_clean\train\def_front\cast_def_0_3035.jpeg,1,35.7027
data_clean\train\def_front\cast_def_0_5619.jpeg,1,35.7111
data_clean\train\def_front\cast_def_0_7485.jpeg,1,35.7638
data_clean\train\def_front\cast_def_0_2344.jpeg,1,35.8284
data_clean\train\def_front\cast_def_0_3131.jpeg,1,35.9204
data_clean\train\def_front\cast_def_0_9129.jpeg,1,36.2831
data_clean\train\def_front\cast_def_0_2621.jpeg,1,36.3127
data_clean\train\def_front\cast_def_0_5582.jpeg,1,36.3589
data_clean\val\def_front\cast_def_0_538.jpeg,1,36.3693
data_clean\val\def_front\new__0_6223.jpeg,1,36.3901
data_clean\train\def_front\cast_def_0_3166.jpeg,1,36.6826
data_clean\train\def_front\cast_def_0_4014.jpeg,1,36.8247
data_clean\train\def_front\cast_def_0_9871.jpeg,1,36.8572
data_clean\train\def_front\cast_def_0_7755.jpeg,1,36.8626
data_clean\train\def_front\cast_def_0_3045.jpeg,1,36.9037
data_clean\train\def_front\cast_def_0_5065.jpeg,1,37.0261
data_clean\train\def_front\cast_def_0_7973.jpeg,1,37.1057
data_clean\train\def_front\cast_def_0_9434.jpeg,1,37.2976
data_clean\train\def_front\cast_def_0_8567.jpeg,1,37.3131
data_clean\train\def_front\cast_def_0_7921.jpeg,1,37.4892
data_clean\train\def_front\cast_def_0_3876.jpeg,1,37.5060
data_clean\train\def_front\cast_def_0_8498.jpeg,1,37.7428
data_clean\train\def_front\cast_def_0_6725.jpeg,1,37.9058
data_clean\train\def_front\cast_def_0_3351.jpeg,1,38.0836
data_clean\train\def_front\cast_def_0_4602.jpeg,1,38.2597
data_clean\train\def_front\cast_def_0_5888.jpeg,1,38.4250
data_clean\train\def_front\cast_def_0_9091.jpeg,1,38.4511
data_clean\train\def_front\cast_def_0_6588.jpeg,1,38.6435
data_clean\train\def_front\cast_def_0_7329.jpeg,1,38.6917
data_clean\train\def_front\cast_def_0_1287.jpeg,1,38.7194
data_clean\train\def_front\cast_def_0_3227.jpeg,1,38.7435
data_clean\train\def_front\cast_def_0_6775.jpeg,1,38.7651
data_clean\train\def_front\cast_def_0_5951.jpeg,1,38.8503
data_clean\train\def_front\cast_def_0_8481.jpeg,1,38.8605
data_clean\train\def_front\cast_def_0_9744.jpeg,1,38.9118
data_clean\train\def_front\cast_def_0_9128.jpeg,1,38.9684
data_clean\val\def_front\cast_def_0_2276.jpeg,1,39.0140
data_clean\train\def_front\cast_def_0_9357.jpeg,1,39.1151
data_clean\train\def_front\cast_def_0_7416.jpeg,1,39.1976
data_clean\train\def_front\cast_def_0_959.jpeg,1,39.2941
data_clean\train\def_front\cast_def_0_4772.jpeg,1,39.3833
data_clean\train\def_front\cast_def_0_5930.jpeg,1,39.5165
data_clean\train\def_front\cast_def_0_3655.jpeg,1,39.7697
data_clean\train\def_front\cast_def_0_2527.jpeg,1,39.7755
data_clean\train\def_front\cast_def_0_3152.jpeg,1,39.8575
data_clean\train\def_front\cast_def_0_907.jpeg,1,39.8636
data_clean\train\def_front\cast_def_0_7582.jpeg,1,39.8856
data_clean\train\def_front\cast_def_0_7376.jpeg,1,40.0074
data_clean\train\def_front\cast_def_0_1341.jpeg,1,40.1036
data_clean\train\def_front\cast_def_0_3727.jpeg,1,40.1157
data_clean\train\def_front\cast_def_0_3650.jpeg,1,40.1475
data_clean\train\def_front\cast_def_0_687.jpeg,1,40.2263
data_clean\train\def_front\cast_def_0_347.jpeg,1,40.3066
data_clean\train\def_front\cast_def_0_6498.jpeg,1,40.3117
data_clean\train\def_front\cast_def_0_8137.jpeg,1,40.4814
data_clean\train\def_front\cast_def_0_8079.jpeg,1,40.5729
data_clean\train\def_front\cast_def_0_3608.jpeg,1,40.6974
data_clean\train\def_front\cast_def_0_7935.jpeg,1,40.7281
data_clean\train\def_front\cast_def_0_8654.jpeg,1,40.7299
data_clean\train\def_front\cast_def_0_7805.jpeg,1,40.8976
data_clean\train\def_front\cast_def_0_2571.jpeg,1,40.9201
data_clean\train\def_front\cast_def_0_4889.jpeg,1,40.9769
data_clean\val\def_front\new__0_2091.jpeg,1,41.0906
data_clean\train\def_front\cast_def_0_7860.jpeg,1,41.1378
data_clean\train\def_front\cast_def_0_7814.jpeg,1,41.1514
data_clean\train\def_front\cast_def_0_840.jpeg,1,41.2486
data_clean\val\def_front\cast_def_0_3121.jpeg,1,41.4057
data_clean\val\def_front\cast_def_0_1647.jpeg,1,41.4854
data_clean\train\def_front\cast_def_0_8984.jpeg,1,41.7276
data_clean\val\def_front\cast_def_0_3500.jpeg,1,41.8206
data_clean\train\def_front\cast_def_0_8679.jpeg,1,41.9600
data_clean\train\def_front\cast_def_0_6372.jpeg,1,41.9880
data_clean\train\def_front\cast_def_0_9349.jpeg,1,42.1094
data_clean\train\def_front\cast_def_0_4034.jpeg,1,42.2101
data_clean\train\def_front\cast_def_0_3363.jpeg,1,42.2571
data_clean\train\def_front\cast_def_0_4830.jpeg,1,42.5300
data_clean\train\def_front\cast_def_0_5624.jpeg,1,42.6311
data_clean\train\def_front\cast_def_0_987.jpeg,1,42.6390
data_clean\train\def_front\cast_def_0_9841.jpeg,1,42.7231
data_clean\train\def_front\cast_def_0_5074.jpeg,1,42.7300
data_clean\val\def_front\cast_def_0_3108.jpeg,1,42.9486
data_clean\train\def_front\cast_def_0_1405.jpeg,1,42.9848
data_clean\train\def_front\cast_def_0_3276.jpeg,1,43.1608
data_clean\train\def_front\cast_def_0_2983.jpeg,1,43.2197
data_clean\train\def_front\cast_def_0_4806.jpeg,1,43.3873
data_clean\train\def_front\cast_def_0_3433.jpeg,1,43.4127
data_clean\train\def_front\cast_def_0_7887.jpeg,1,43.5505
data_clean\train\def_front\cast_def_0_1884.jpeg,1,43.5932
data_clean\train\def_front\cast_def_0_9628.jpeg,1,43.6742
data_clean\val\def_front\new__0_4505.jpeg,1,43.7314
data_clean\train\def_front\cast_def_0_404.jpeg,1,43.7537
data_clean\train\def_front\cast_def_0_89.jpeg,1,43.8471
data_clean\train\def_front\cast_def_0_6705.jpeg,1,43.9063
data_clean\train\def_front\cast_def_0_2556.jpeg,1,44.0314
data_clean\train\def_front\cast_def_0_3981.jpeg,1,44.2817
data_clean\train\def_front\cast_def_0_5175.jpeg,1,44.3155
data_clean\train\def_front\cast_def_0_6219.jpeg,1,44.3501
data_clean\train\def_front\cast_def_0_8893.jpeg,1,44.5698
data_clean\train\def_front\cast_def_0_810.jpeg,1,44.5972
data_clean\train\def_front\cast_def_0_8570.jpeg,1,44.6767
data_clean\train\def_front\cast_def_0_7672.jpeg,1,44.8898
data_clean\train\def_front\cast_def_0_2599.jpeg,1,45.1300
data_clean\train\def_front\cast_def_0_8322.jpeg,1,45.1592
data_clean\train\def_front\cast_def_0_3076.jpeg,1,45.2100
data_clean\train\def_front\cast_def_0_451.jpeg,1,45.2255
data_clean\train\def_front\cast_def_0_5864.jpeg,1,45.3104
data_clean\train\def_front\cast_def_0_8068.jpeg,1,45.3432
data_clean\train\def_front\cast_def_0_7583.jpeg,1,45.4426
data_clean\train\def_front\cast_def_0_7693.jpeg,1,45.5639
data_clean\train\def_front\cast_def_0_7488.jpeg,1,45.6461
data_clean\train\def_front\cast_def_0_2896.jpeg,1,45.6469
data_clean\train\def_front\cast_def_0_2046.jpeg,1,45.6997
data_clean\train\def_front\cast_def_0_2170.jpeg,1,45.7777
data_clean\train\def_front\cast_def_0_6258.jpeg,1,46.0058
data_clean\train\def_front\cast_def_0_8403.jpeg,1,46.0820
data_clean\train\def_front\cast_def_0_6660.jpeg,1,46.5003
data_clean\train\def_front\cast_def_0_5877.jpeg,1,46.6941
data_clean\train\def_front\cast_def_0_4768.jpeg,1,46.7416
data_clean\val\def_front\cast_def_0_1471.jpeg,1,47.1008
data_clean\train\def_front\cast_def_0_4129.jpeg,1,47.1265
data_clean\train\def_front\cast_def_0_4503.jpeg,1,47.1651
data_clean\train\def_front\cast_def_0_5481.jpeg,1,47.2585
data_clean\train\def_front\cast_def_0_9600.jpeg,1,47.3571
data_clean\train\def_front\cast_def_0_409.jpeg,1,47.5154
data_clean\train\def_front\cast_def_0_4349.jpeg,1,47.5344
data_clean\train\def_front\cast_def_0_3937.jpeg,1,47.9362
data_clean\val\def_front\cast_def_0_1635.jpeg,1,47.9941
data_clean\train\def_front\cast_def_0_1088.jpeg,1,48.1210
data_clean\train\def_front\cast_def_0_5234.jpeg,1,48.1792
data_clean\train\def_front\cast_def_0_7006.jpeg,1,48.6456
data_clean\train\def_front\cast_def_0_1985.jpeg,1,48.7068
data_clean\train\def_front\cast_def_0_6591.jpeg,1,48.7288
data_clean\train\def_front\cast_def_0_3985.jpeg,1,48.7440
data_clean\train\def_front\cast_def_0_8847.jpeg,1,48.8289
data_clean\train\def_front\cast_def_0_7062.jpeg,1,48.8606
data_clean\train\def_front\cast_def_0_5188.jpeg,1,48.8676
data_clean\train\def_front\cast_def_0_3317.jpeg,1,48.8943
data_clean\train\def_front\cast_def_0_608.jpeg,1,48.9170
data_clean\train\def_front\cast_def_0_8811.jpeg,1,48.9710
data_clean\train\def_front\cast_def_0_6017.jpeg,1,49.3453
data_clean\train\def_front\cast_def_0_7238.jpeg,1,49.3589
data_clean\train\def_front\cast_def_0_2.jpeg,1,49.7134
data_clean\train\def_front\cast_def_0_8884.jpeg,1,49.7657
data_clean\train\def_front\cast_def_0_8290.jpeg,1,49.8239
data_clean\train\def_front\cast_def_0_766.jpeg,1,49.8853
data_clean\train\def_front\cast_def_0_1278.jpeg,1,49.9658
data_clean\train\def_front\cast_def_0_9389.jpeg,1,50.0091
data_clean\val\def_front\cast_def_0_257.jpeg,1,50.0405
data_clean\train\def_front\cast_def_0_387.jpeg,1,50.4284
data_clean\train\def_front\cast_def_0_8505.jpeg,1,50.4328
data_clean\val\def_front\cast_def_0_1555.jpeg,1,50.4623
data_clean\train\def_front\cast_def_0_6169.jpeg,1,50.4764
data_clean\train\def_front\cast_def_0_5518.jpeg,1,50.4795
data_clean\train\def_front\cast_def_0_6474.jpeg,1,50.4939
data_clean\train\def_front\cast_def_0_3566.jpeg,1,50.6305
data_clean\train\def_front\cast_def_0_3154.jpeg,1,50.9930
data_clean\train\def_front\cast_def_0_5595.jpeg,1,51.0381
data_clean\train\def_front\cast_def_0_1972.jpeg,1,51.1176
data_clean\train\def_front\cast_def_0_7119.jpeg,1,51.1663
data_clean\train\def_front\cast_def_0_8609.jpeg,1,51.2543
data_clean\val\def_front\cast_def_0_2515.jpeg,1,51.3656
data_clean\train\def_front\cast_def_0_7387.jpeg,1,51.3706
data_clean\train\def_front\cast_def_0_5363.jpeg,1,51.4521
data_clean\train\def_front\cast_def_0_5274.jpeg,1,51.6978
data_clean\train\def_front\cast_def_0_8029.jpeg,1,51.8791
data_clean\train\def_front\cast_def_0_835.jpeg,1,51.9405
data_clean\val\def_front\cast_def_0_1682.jpeg,1,52.1207
data_clean\train\def_front\cast_def_0_3760.jpeg,1,52.1442
data_clean\train\def_front\cast_def_0_9393.jpeg,1,52.2090
data_clean\train\def_front\cast_def_0_6555.jpeg,1,52.3850
data_clean\train\def_front\cast_def_0_9811.jpeg,1,52.7479
data_clean\train\def_front\cast_def_0_9558.jpeg,1,52.7744
data_clean\train\def_front\cast_def_0_8046.jpeg,1,52.8245
data_clean\train\def_front\cast_def_0_4473.jpeg,1,52.8385
data_clean\train\def_front\cast_def_0_957.jpeg,1,52.9006
data_clean\train\def_front\cast_def_0_1832.jpeg,1,52.9027
data_clean\train\def_front\cast_def_0_965.jpeg,1,53.2958
data_clean\train\def_front\cast_def_0_3028.jpeg,1,53.3610
data_clean\train\def_front\cast_def_0_1960.jpeg,1,53.6860
data_clean\val\def_front\cast_def_0_560.jpeg,1,53.7947
data_clean\train\def_front\cast_def_0_3772.jpeg,1,53.8137
data_clean\train\def_front\cast_def_0_7702.jpeg,1,53.9674
data_clean\train\def_front\cast_def_0_9409.jpeg,1,54.0960
data_clean\train\def_front\cast_def_0_6285.jpeg,1,54.4567
data_clean\train\def_front\cast_def_0_3619.jpeg,1,54.5730
data_clean\train\def_front\cast_def_0_6605.jpeg,1,54.6003
data_clean\val\def_front\cast_def_0_462.jpeg,1,54.7103
data_clean\train\def_front\cast_def_0_8328.jpeg,1,54.8703
data_clean\train\def_front\cast_def_0_7390.jpeg,1,55.0039
data_clean\train\def_front\cast_def_0_1998.jpeg,1,55.0158
data_clean\train\def_front\cast_def_0_3754.jpeg,1,55.0586
data_clean\train\def_front\cast_def_0_3333.jpeg,1,55.0856
data_clean\train\def_front\cast_def_0_5492.jpeg,1,55.0993
data_clean\train\def_front\cast_def_0_8412.jpeg,1,55.1008
data_clean\train\def_front\cast_def_0_6638.jpeg,1,55.3185
data_clean\train\def_front\cast_def_0_8904.jpeg,1,55.6720
data_clean\train\def_front\cast_def_0_6484.jpeg,1,56.0606
data_clean\train\def_front\cast_def_0_8021.jpeg,1,56.1464
data_clean\train\def_front\cast_def_0_4527.jpeg,1,56.2118
data_clean\train\def_front\cast_def_0_372.jpeg,1,56.2811
data_clean\train\def_front\cast_def_0_4206.jpeg,1,56.3825
data_clean\train\def_front\cast_def_0_3872.jpeg,1,56.4546
data_clean\train\def_front\cast_def_0_8288.jpeg,1,56.5087
data_clean\train\def_front\cast_def_0_3745.jpeg,1,56.6734
data_clean\train\def_front\cast_def_0_2090.jpeg,1,57.0185
data_clean\train\def_front\cast_def_0_9556.jpeg,1,57.0488
data_clean\train\def_front\cast_def_0_7954.jpeg,1,57.1460
data_clean\train\def_front\cast_def_0_6912.jpeg,1,57.8244
data_clean\train\def_front\cast_def_0_1866.jpeg,1,57.9051
data_clean\train\def_front\cast_def_0_6622.jpeg,1,57.9230
data_clean\val\def_front\cast_def_0_2420.jpeg,1,58.0925
data_clean\train\def_front\cast_def_0_2664.jpeg,1,58.2515
data_clean\train\def_front\cast_def_0_3334.jpeg,1,58.2667
data_clean\train\def_front\cast_def_0_4623.jpeg,1,58.5743
data_clean\train\def_front\cast_def_0_3310.jpeg,1,58.7110
data_clean\train\def_front\cast_def_0_2431.jpeg,1,58.9111
data_clean\train\def_front\cast_def_0_1827.jpeg,1,59.3108
data_clean\train\def_front\cast_def_0_1459.jpeg,1,59.3938
data_clean\train\def_front\cast_def_0_4886.jpeg,1,59.4710
data_clean\train\def_front\cast_def_0_9192.jpeg,1,59.5118
data_clean\train\def_front\cast_def_0_7937.jpeg,1,59.5278
data_clean\train\def_front\cast_def_0_3993.jpeg,1,59.5504
data_clean\train\def_front\cast_def_0_7079.jpeg,1,59.5747
data_clean\train\def_front\cast_def_0_4616.jpeg,1,59.7514
data_clean\train\def_front\cast_def_0_1273.jpeg,1,59.9415
data_clean\train\def_front\cast_def_0_9630.jpeg,1,59.9575
data_clean\train\def_front\cast_def_0_3972.jpeg,1,60.2542
data_clean\train\def_front\cast_def_0_4032.jpeg,1,60.3651
data_clean\train\def_front\cast_def_0_6926.jpeg,1,60.3719
data_clean\train\def_front\cast_def_0_7235.jpeg,1,60.4469
data_clean\train\def_front\cast_def_0_9691.jpeg,1,60.4533
data_clean\train\def_front\cast_def_0_4789.jpeg,1,60.4557
data_clean\train\def_front\cast_def_0_4625.jpeg,1,60.8092
data_clean\val\def_front\cast_def_0_594.jpeg,1,60.9448
data_clean\train\def_front\cast_def_0_1852.jpeg,1,61.1374
data_clean\train\def_front\cast_def_0_4303.jpeg,1,61.1906
data_clean\train\def_front\cast_def_0_8694.jpeg,1,61.2021
data_clean\train\def_front\cast_def_0_3135.jpeg,1,61.2070
data_clean\val\def_front\cast_def_0_67.jpeg,1,61.4915
data_clean\val\def_front\cast_def_0_7241.jpeg,1,61.5666
data_clean\val\def_front\new__0_6287.jpeg,1,61.5973
data_clean\train\def_front\cast_def_0_9065.jpeg,1,61.6039
data_clean\train\def_front\cast_def_0_893.jpeg,1,61.7239
data_clean\train\def_front\cast_def_0_7543.jpeg,1,62.0467
data_clean\train\def_front\cast_def_0_5746.jpeg,1,62.0483
data_clean\train\def_front\cast_def_0_3784.jpeg,1,62.0562
data_clean\train\def_front\cast_def_0_5963.jpeg,1,62.1353
data_clean\train\def_front\cast_def_0_9401.jpeg,1,62.3466
data_clean\val\def_front\cast_def_0_3122.jpeg,1,62.5604
data_clean\train\def_front\cast_def_0_8952.jpeg,1,62.7397
data_clean\train\def_front\cast_def_0_1167.jpeg,1,62.9739
data_clean\train\def_front\cast_def_0_9713.jpeg,1,63.0826
data_clean\train\def_front\cast_def_0_2678.jpeg,1,63.1655
data_clean\train\def_front\cast_def_0_3145.jpeg,1,63.1691
data_clean\train\def_front\cast_def_0_6080.jpeg,1,63.2714
data_clean\train\def_front\cast_def_0_3461.jpeg,1,63.4464
data_clean\train\def_front\cast_def_0_6141.jpeg,1,63.9198
data_clean\train\def_front\cast_def_0_9223.jpeg,1,64.0697
data_clean\train\def_front\cast_def_0_452.jpeg,1,64.0768
data_clean\train\def_front\cast_def_0_3092.jpeg,1,64.1887
data_clean\train\def_front\cast_def_0_8133.jpeg,1,64.3409
data_clean\train\def_front\cast_def_0_7978.jpeg,1,64.4296
data_clean\train\def_front\cast_def_0_3039.jpeg,1,64.5133
data_clean\train\def_front\cast_def_0_9831.jpeg,1,64.6071
data_clean\train\def_front\cast_def_0_7609.jpeg,1,64.6240
data_clean\train\def_front\cast_def_0_2190.jpeg,1,64.6635
data_clean\train\def_front\cast_def_0_2166.jpeg,1,64.8601
data_clean\train\def_front\cast_def_0_5303.jpeg,1,64.9441
data_clean\train\def_front\cast_def_0_4041.jpeg,1,64.9993
data_clean\train\def_front\cast_def_0_2501.jpeg,1,65.0195
data_clean\train\def_front\cast_def_0_8171.jpeg,1,65.0440
data_clean\train\def_front\cast_def_0_5539.jpeg,1,65.1993
data_clean\train\def_front\cast_def_0_1094.jpeg,1,65.2499
data_clean\train\def_front\cast_def_0_6684.jpeg,1,65.3799
data_clean\train\def_front\cast_def_0_9891.jpeg,1,65.5028
data_clean\train\def_front\cast_def_0_6892.jpeg,1,65.6090
data_clean\train\def_front\cast_def_0_7346.jpeg,1,65.8284
data_clean\train\def_front\cast_def_0_5382.jpeg,1,66.0326
data_clean\train\def_front\cast_def_0_9155.jpeg,1,66.0433
data_clean\train\def_front\cast_def_0_3048.jpeg,1,66.3421
data_clean\train\def_front\cast_def_0_1316.jpeg,1,66.3502
data_clean\train\def_front\cast_def_0_5726.jpeg,1,66.3609
data_clean\train\def_front\cast_def_0_8560.jpeg,1,66.3686
data_clean\train\def_front\cast_def_0_9435.jpeg,1,66.5668
data_clean\train\def_front\cast_def_0_69.jpeg,1,66.5890
data_clean\train\def_front\cast_def_0_2854.jpeg,1,66.7106
data_clean\train\def_front\cast_def_0_8800.jpeg,1,66.7564
data_clean\train\def_front\cast_def_0_6835.jpeg,1,66.9570
data_clean\val\def_front\cast_def_0_157.jpeg,1,67.1661
data_clean\val\def_front\new__0_9014.jpeg,1,67.2218
data_clean\train\def_front\cast_def_0_2817.jpeg,1,67.3120
data_clean\val\def_front\new__0_9248.jpeg,1,67.3464
data_clean\train\def_front\cast_def_0_6261.jpeg,1,67.6847
data_clean\train\def_front\cast_def_0_5016.jpeg,1,67.6866
data_clean\train\def_front\cast_def_0_70.jpeg,1,67.7609
data_clean\train\def_front\cast_def_0_2609.jpeg,1,67.8035
data_clean\train\def_front\cast_def_0_7909.jpeg,1,67.8260
data_clean\train\def_front\cast_def_0_5535.jpeg,1,67.8392
data_clean\train\def_front\cast_def_0_9521.jpeg,1,67.9441
data_clean\train\def_front\cast_def_0_4134.jpeg,1,67.9733
data_clean\val\def_front\cast_def_0_1466.jpeg,1,68.0001
data_clean\train\def_front\cast_def_0_8544.jpeg,1,68.0853
data_clean\train\def_front\cast_def_0_7195.jpeg,1,68.1572
data_clean\train\def_front\cast_def_0_2824.jpeg,1,68.3205
data_clean\train\def_front\cast_def_0_3793.jpeg,1,68.5669
data_clean\train\def_front\cast_def_0_1705.jpeg,1,68.5837
data_clean\train\def_front\cast_def_0_7191.jpeg,1,68.6367
data_clean\train\def_front\cast_def_0_6493.jpeg,1,68.7361
data_clean\train\def_front\cast_def_0_6592.jpeg,1,68.7611
data_clean\train\def_front\cast_def_0_7154.jpeg,1,68.8158
data_clean\train\def_front\cast_def_0_3797.jpeg,1,69.1251
data_clean\val\def_front\cast_def_0_643.jpeg,1,69.1601
data_clean\train\def_front\cast_def_0_6095.jpeg,1,69.2316
data_clean\train\def_front\cast_def_0_9802.jpeg,1,69.4085
data_clean\train\def_front\cast_def_0_9584.jpeg,1,69.4810
data_clean\train\def_front\cast_def_0_4909.jpeg,1,69.5639
data_clean\train\def_front\cast_def_0_3308.jpeg,1,69.6403
data_clean\train\def_front\cast_def_0_192.jpeg,1,69.6476
data_clean\train\def_front\cast_def_0_2500.jpeg,1,69.6563
data_clean\train\def_front\cast_def_0_1707.jpeg,1,69.7163
data_clean\train\def_front\cast_def_0_4080.jpeg,1,69.8010
data_clean\train\def_front\cast_def_0_1245.jpeg,1,69.8737
data_clean\val\def_front\cast_def_0_441.jpeg,1,70.1703
data_clean\train\def_front\cast_def_0_3958.jpeg,1,70.3775
data_clean\train\def_front\cast_def_0_3674.jpeg,1,70.6845
data_clean\train\def_front\cast_def_0_5674.jpeg,1,70.7099
data_clean\train\def_front\cast_def_0_7393.jpeg,1,70.8588
data_clean\train\def_front\cast_def_0_1737.jpeg,1,70.9967
data_clean\train\def_front\cast_def_0_7513.jpeg,1,71.0375
data_clean\train\def_front\cast_def_0_9212.jpeg,1,71.2791
data_clean\train\def_front\cast_def_0_2744.jpeg,1,71.4211
data_clean\train\def_front\cast_def_0_6047.jpeg,1,71.5279
data_clean\train\def_front\cast_def_0_8043.jpeg,1,71.6229
data_clean\train\def_front\cast_def_0_5044.jpeg,1,71.6780
data_clean\train\def_front\cast_def_0_7168.jpeg,1,72.0231
data_clean\train\def_front\cast_def_0_9540.jpeg,1,72.0607
data_clean\train\def_front\cast_def_0_6489.jpeg,1,72.1432
data_clean\train\def_front\cast_def_0_9988.jpeg,1,72.4648
data_clean\train\def_front\cast_def_0_6456.jpeg,1,73.3515
data_clean\train\def_front\cast_def_0_2760.jpeg,1,73.3760
data_clean\train\def_front\cast_def_0_1861.jpeg,1,73.4265
data_clean\train\def_front\cast_def_0_2157.jpeg,1,73.5892
data_clean\train\def_front\cast_def_0_4278.jpeg,1,73.6228
data_clean\train\def_front\cast_def_0_3769.jpeg,1,73.6255
data_clean\train\def_front\cast_def_0_4108.jpeg,1,73.6756
data_clean\train\def_front\cast_def_0_9633.jpeg,1,73.9142
data_clean\train\def_front\cast_def_0_9966.jpeg,1,73.9781
data_clean\train\def_front\cast_def_0_6325.jpeg,1,74.3632
data_clean\train\def_front\cast_def_0_9489.jpeg,1,74.7363
data_clean\train\def_front\cast_def_0_5439.jpeg,1,74.7647
data_clean\train\def_front\cast_def_0_4366.jpeg,1,74.8604
data_clean\val\def_front\cast_def_0_160.jpeg,1,75.0153
data_clean\val\def_front\cast_def_0_363.jpeg,1,75.0566
data_clean\train\def_front\cast_def_0_5082.jpeg,1,75.1248
data_clean\val\def_front\cast_def_0_1238.jpeg,1,75.1706
data_clean\train\def_front\cast_def_0_3153.jpeg,1,75.1749
data_clean\train\def_front\cast_def_0_8236.jpeg,1,75.5567
data_clean\train\def_front\cast_def_0_6431.jpeg,1,75.5801
data_clean\train\def_front\cast_def_0_6779.jpeg,1,75.6781
data_clean\train\def_front\cast_def_0_9374.jpeg,1,75.8005
data_clean\train\def_front\cast_def_0_2108.jpeg,1,75.8591
data_clean\train\def_front\cast_def_0_2035.jpeg,1,76.2007
data_clean\val\def_front\new__0_4633.jpeg,1,76.2268
data_clean\train\def_front\cast_def_0_5396.jpeg,1,76.3618
data_clean\train\def_front\cast_def_0_6156.jpeg,1,76.6638
data_clean\val\def_front\new__0_3255.jpeg,1,76.9967
data_clean\train\def_front\cast_def_0_6979.jpeg,1,77.2497
data_clean\train\def_front\cast_def_0_4537.jpeg,1,77.3936
data_clean\train\def_front\cast_def_0_7392.jpeg,1,77.5113
data_clean\train\def_front\cast_def_0_5704.jpeg,1,77.6195
data_clean\train\def_front\cast_def_0_7649.jpeg,1,77.7342
data_clean\train\def_front\cast_def_0_5365.jpeg,1,77.7730
data_clean\train\def_front\cast_def_0_475.jpeg,1,77.8735
data_clean\train\def_front\cast_def_0_2952.jpeg,1,77.9793
data_clean\train\def_front\cast_def_0_2091.jpeg,1,78.0376
data_clean\train\def_front\cast_def_0_9079.jpeg,1,78.3238
data_clean\train\def_front\cast_def_0_4313.jpeg,1,78.3855
data_clean\train\def_front\cast_def_0_9228.jpeg,1,78.4443
data_clean\val\def_front\cast_def_0_1424.jpeg,1,78.4811
data_clean\train\def_front\cast_def_0_5026.jpeg,1,78.6119
data_clean\train\def_front\cast_def_0_5231.jpeg,1,78.6809
data_clean\train\def_front\cast_def_0_8194.jpeg,1,79.2610
data_clean\train\def_front\cast_def_0_8493.jpeg,1,79.6469
data_clean\train\def_front\cast_def_0_5305.jpeg,1,79.7806
data_clean\train\def_front\cast_def_0_2077.jpeg,1,79.9678
data_clean\train\def_front\cast_def_0_3451.jpeg,1,80.0051
data_clean\train\def_front\cast_def_0_3785.jpeg,1,80.0101
data_clean\train\def_front\cast_def_0_7651.jpeg,1,80.0217
data_clean\train\def_front\cast_def_0_8266.jpeg,1,80.0828
data_clean\train\def_front\cast_def_0_7241.jpeg,1,80.3351
data_clean\train\def_front\cast_def_0_4019.jpeg,1,80.5471
data_clean\train\def_front\cast_def_0_1152.jpeg,1,80.6020
data_clean\train\def_front\cast_def_0_7524.jpeg,1,80.6339
data_clean\train\def_front\cast_def_0_8277.jpeg,1,80.8019
data_clean\train\def_front\cast_def_0_7471.jpeg,1,80.8787
data_clean\train\def_front\cast_def_0_3729.jpeg,1,81.2319
data_clean\train\def_front\cast_def_0_2895.jpeg,1,81.5162
data_clean\train\def_front\cast_def_0_3413.jpeg,1,81.5295
data_clean\train\def_front\cast_def_0_8499.jpeg,1,81.5305
data_clean\train\def_front\cast_def_0_7106.jpeg,1,81.5876
data_clean\train\def_front\cast_def_0_9098.jpeg,1,81.9070
data_clean\train\def_front\cast_def_0_3629.jpeg,1,82.0050
data_clean\train\def_front\cast_def_0_6880.jpeg,1,82.1598
data_clean\train\def_front\cast_def_0_6171.jpeg,1,82.3156
data_clean\train\def_front\cast_def_0_8416.jpeg,1,82.4309
data_clean\train\def_front\cast_def_0_6246.jpeg,1,82.6128
data_clean\train\def_front\cast_def_0_5552.jpeg,1,82.7593
data_clean\train\def_front\cast_def_0_2959.jpeg,1,83.2564
data_clean\train\def_front\cast_def_0_7856.jpeg,1,83.3255
data_clean\train\def_front\cast_def_0_2149.jpeg,1,83.3815
data_clean\train\def_front\cast_def_0_1931.jpeg,1,83.4489
data_clean\train\def_front\cast_def_0_5663.jpeg,1,83.4999
data_clean\train\def_front\cast_def_0_6890.jpeg,1,83.6188
data_clean\train\def_front\cast_def_0_8533.jpeg,1,83.6366
data_clean\train\def_front\cast_def_0_3761.jpeg,1,83.6460
data_clean\train\def_front\cast_def_0_4796.jpeg,1,83.7773
data_clean\train\def_front\cast_def_0_9294.jpeg,1,83.8666
data_clean\train\def_front\cast_def_0_8434.jpeg,1,84.0398
data_clean\train\def_front\cast_def_0_3611.jpeg,1,84.3834
data_clean\train\def_front\cast_def_0_6483.jpeg,1,84.4929
data_clean\train\def_front\cast_def_0_6935.jpeg,1,84.5408
data_clean\train\def_front\cast_def_0_6365.jpeg,1,84.5429
data_clean\val\def_front\cast_def_0_589.jpeg,1,84.6248
data_clean\train\def_front\cast_def_0_4510.jpeg,1,84.8625
data_clean\train\def_front\cast_def_0_4412.jpeg,1,84.9675
data_clean\train\def_front\cast_def_0_3147.jpeg,1,85.0642
data_clean\val\def_front\cast_def_0_532.jpeg,1,85.8592
data_clean\train\def_front\cast_def_0_6692.jpeg,1,86.0552
data_clean\train\def_front\cast_def_0_2790.jpeg,1,86.3768
data_clean\val\def_front\cast_def_0_459.jpeg,1,86.5379
data_clean\train\def_front\cast_def_0_5689.jpeg,1,86.5696
data_clean\train\def_front\cast_def_0_8195.jpeg,1,87.1274
data_clean\train\def_front\cast_def_0_6191.jpeg,1,87.1757
data_clean\train\def_front\cast_def_0_2976.jpeg,1,87.4718
data_clean\train\def_front\cast_def_0_780.jpeg,1,87.4744
data_clean\train\def_front\cast_def_0_3889.jpeg,1,87.4946
data_clean\train\def_front\cast_def_0_9710.jpeg,1,87.5479
data_clean\val\def_front\cast_def_0_2211.jpeg,1,87.6787
data_clean\train\def_front\cast_def_0_7779.jpeg,1,88.0782
data_clean\train\def_front\cast_def_0_8378.jpeg,1,88.1585
data_clean\train\def_front\cast_def_0_9340.jpeg,1,88.1616
data_clean\train\def_front\cast_def_0_4766.jpeg,1,88.6103
data_clean\val\def_front\cast_def_0_235.jpeg,1,88.6318
data_clean\train\def_front\cast_def_0_6307.jpeg,1,88.7995
data_clean\train\def_front\cast_def_0_7615.jpeg,1,88.9368
data_clean\train\def_front\cast_def_0_6968.jpeg,1,89.3812
data_clean\train\def_front\cast_def_0_8302.jpeg,1,89.7270
data_clean\train\def_front\cast_def_0_5967.jpeg,1,89.7424
data_clean\train\def_front\cast_def_0_4760.jpeg,1,89.9367
data_clean\train\def_front\cast_def_0_2105.jpeg,1,89.9564
data_clean\train\def_front\cast_def_0_9874.jpeg,1,90.3642
data_clean\train\def_front\cast_def_0_9670.jpeg,1,90.3792
data_clean\train\def_front\cast_def_0_6750.jpeg,1,90.3904
data_clean\train\def_front\cast_def_0_3543.jpeg,1,90.4347
data_clean\train\def_front\cast_def_0_9317.jpeg,1,90.8268
data_clean\train\def_front\cast_def_0_9812.jpeg,1,90.8595
data_clean\train\def_front\cast_def_0_7648.jpeg,1,90.8611
data_clean\train\def_front\cast_def_0_7995.jpeg,1,91.1396
data_clean\train\def_front\cast_def_0_3369.jpeg,1,91.2395
data_clean\train\def_front\cast_def_0_9497.jpeg,1,91.3052
data_clean\val\def_front\cast_def_0_1556.jpeg,1,91.3797
data_clean\train\def_front\cast_def_0_2019.jpeg,1,91.4651
data_clean\train\def_front\cast_def_0_6312.jpeg,1,91.5165
data_clean\val\def_front\cast_def_0_1684.jpeg,1,91.7557
data_clean\train\def_front\cast_def_0_1887.jpeg,1,91.7956
data_clean\train\def_front\cast_def_0_2755.jpeg,1,91.9856
data_clean\train\def_front\cast_def_0_3257.jpeg,1,92.3298
data_clean\train\def_front\cast_def_0_3385.jpeg,1,92.5140
data_clean\train\def_front\cast_def_0_8459.jpeg,1,92.5400
data_clean\train\def_front\cast_def_0_8671.jpeg,1,92.9647
data_clean\train\def_front\cast_def_0_6531.jpeg,1,93.4132
data_clean\train\def_front\cast_def_0_7030.jpeg,1,93.6144
data_clean\train\def_front\cast_def_0_7789.jpeg,1,93.7656
data_clean\train\def_front\cast_def_0_9445.jpeg,1,93.9350
data_clean\train\def_front\cast_def_0_4968.jpeg,1,94.0295
data_clean\train\def_front\cast_def_0_1169.jpeg,1,94.3260
data_clean\train\def_front\cast_def_0_8846.jpeg,1,94.3294
data_clean\train\def_front\cast_def_0_2015.jpeg,1,94.3669
data_clean\train\def_front\cast_def_0_5244.jpeg,1,94.4102
data_clean\train\def_front\cast_def_0_6339.jpeg,1,94.6948
data_clean\train\def_front\cast_def_0_6634.jpeg,1,94.9671
data_clean\train\def_front\cast_def_0_4792.jpeg,1,95.0691
data_clean\train\def_front\cast_def_0_4069.jpeg,1,95.2264
data_clean\train\def_front\cast_def_0_1999.jpeg,1,95.6497
data_clean\train\def_front\cast_def_0_7739.jpeg,1,95.7941
data_clean\train\def_front\cast_def_0_7754.jpeg,1,95.8325
data_clean\train\def_front\cast_def_0_2889.jpeg,1,95.8504
data_clean\train\def_front\cast_def_0_9446.jpeg,1,95.8974
data_clean\train\def_front\cast_def_0_6155.jpeg,1,96.1173
data_clean\train\def_front\cast_def_0_9631.jpeg,1,96.1739
data_clean\val\def_front\cast_def_0_591.jpeg,1,96.5614
data_clean\train\def_front\cast_def_0_8626.jpeg,1,96.6737
data_clean\train\def_front\cast_def_0_8101.jpeg,1,96.7133
data_clean\train\def_front\cast_def_0_3253.jpeg,1,96.7573
data_clean\train\def_front\cast_def_0_5210.jpeg,1,96.9252
data_clean\val\def_front\cast_def_0_2514.jpeg,1,97.2472
data_clean\train\def_front\cast_def_0_1693.jpeg,1,97.4888
data_clean\train\def_front\cast_def_0_4685.jpeg,1,97.6787
data_clean\train\def_front\cast_def_0_4994.jpeg,1,97.6872
data_clean\train\def_front\cast_def_0_3488.jpeg,1,97.8640
data_clean\train\def_front\cast_def_0_571.jpeg,1,97.9485
data_clean\train\def_front\cast_def_0_9753.jpeg,1,98.2003
data_clean\train\def_front\cast_def_0_2195.jpeg,1,98.2673
data_clean\train\def_front\cast_def_0_6832.jpeg,1,98.3165
data_clean\train\def_front\cast_def_0_1212.jpeg,1,98.5306
data_clean\train\def_front\cast_def_0_1734.jpeg,1,98.5410
data_clean\train\def_front\cast_def_0_7565.jpeg,1,98.7930
data_clean\train\def_front\cast_def_0_6234.jpeg,1,98.7988
data_clean\train\def_front\cast_def_0_415.jpeg,1,98.9785
data_clean\train\def_front\cast_def_0_5549.jpeg,1,99.0032
data_clean\train\def_front\cast_def_0_8099.jpeg,1,99.6512
data_clean\train\def_front\cast_def_0_4064.jpeg,1,99.7842
data_clean\train\def_front\cast_def_0_9285.jpeg,1,99.8737
data_clean\train\def_front\cast_def_0_3701.jpeg,1,100.1350
data_clean\train\def_front\cast_def_0_2225.jpeg,1,100.1541
data_clean\train\def_front\cast_def_0_7303.jpeg,1,100.2301
data_clean\train\def_front\cast_def_0_9876.jpeg,1,100.3189
data_clean\val\def_front\cast_def_0_1685.jpeg,1,100.4109
data_clean\train\def_front\cast_def_0_4741.jpeg,1,100.4904
data_clean\train\def_front\cast_def_0_6551.jpeg,1,100.5984
data_clean\val\def_front\new__0_3539.jpeg,1,100.7053
data_clean\train\def_front\cast_def_0_4586.jpeg,1,100.7985
data_clean\val\def_front\cast_def_0_2375.jpeg,1,101.4232
data_clean\val\def_front\cast_def_0_849.jpeg,1,101.4373
data_clean\val\def_front\cast_def_0_1421.jpeg,1,101.8640
data_clean\train\def_front\cast_def_0_5542.jpeg,1,102.0573
data_clean\train\def_front\cast_def_0_4008.jpeg,1,102.0821
data_clean\train\def_front\cast_def_0_8213.jpeg,1,102.2717
data_clean\train\def_front\cast_def_0_6104.jpeg,1,102.2932
data_clean\train\def_front\cast_def_0_2150.jpeg,1,102.4122
data_clean\train\def_front\cast_def_0_5233.jpeg,1,102.4506
data_clean\train\def_front\cast_def_0_6791.jpeg,1,102.5478
data_clean\train\def_front\cast_def_0_3799.jpeg,1,102.7301
data_clean\train\def_front\cast_def_0_4288.jpeg,1,102.8774
data_clean\train\def_front\cast_def_0_5333.jpeg,1,102.9360
data_clean\train\def_front\cast_def_0_8606.jpeg,1,102.9714
data_clean\train\def_front\cast_def_0_8265.jpeg,1,103.1647
data_clean\train\def_front\cast_def_0_8999.jpeg,1,103.2328
data_clean\train\def_front\cast_def_0_6908.jpeg,1,103.5633
data_clean\train\def_front\cast_def_0_3836.jpeg,1,103.6011
data_clean\train\def_front\cast_def_0_3436.jpeg,1,103.7694
data_clean\train\def_front\cast_def_0_6153.jpeg,1,104.0634
data_clean\train\def_front\cast_def_0_4218.jpeg,1,104.2222
data_clean\train\def_front\cast_def_0_7977.jpeg,1,104.3060
data_clean\train\def_front\cast_def_0_5321.jpeg,1,104.4535
data_clean\train\def_front\cast_def_0_6741.jpeg,1,104.5331
data_clean\train\def_front\cast_def_0_1305.jpeg,1,104.5362
data_clean\train\def_front\cast_def_0_7134.jpeg,1,105.0146
data_clean\train\def_front\cast_def_0_4422.jpeg,1,105.0523
data_clean\train\def_front\cast_def_0_5389.jpeg,1,105.1273
data_clean\train\def_front\cast_def_0_503.jpeg,1,105.1294
data_clean\train\def_front\cast_def_0_8298.jpeg,1,105.2618
data_clean\train\def_front\cast_def_0_3777.jpeg,1,105.8635
data_clean\train\def_front\cast_def_0_9947.jpeg,1,105.8833
data_clean\train\def_front\cast_def_0_8837.jpeg,1,105.9081
data_clean\train\def_front\cast_def_0_3893.jpeg,1,106.0736
data_clean\train\def_front\cast_def_0_8730.jpeg,1,106.1340
data_clean\train\def_front\cast_def_0_8071.jpeg,1,106.2114
data_clean\train\def_front\cast_def_0_8066.jpeg,1,106.3425
data_clean\train\def_front\cast_def_0_2843.jpeg,1,106.3665
data_clean\train\def_front\cast_def_0_9386.jpeg,1,106.7065
data_clean\train\def_front\cast_def_0_7495.jpeg,1,106.7081
data_clean\train\def_front\cast_def_0_7625.jpeg,1,106.8308
data_clean\train\def_front\cast_def_0_5982.jpeg,1,107.1445
data_clean\train\def_front\cast_def_0_6410.jpeg,1,107.6428
data_clean\train\def_front\cast_def_0_6360.jpeg,1,107.6873
data_clean\train\def_front\cast_def_0_6653.jpeg,1,107.7895
data_clean\train\def_front\cast_def_0_9865.jpeg,1,108.0707
data_clean\train\def_front\cast_def_0_9444.jpeg,1,108.0906
data_clean\val\def_front\new__0_1339.jpeg,1,108.2075
data_clean\train\def_front\cast_def_0_8737.jpeg,1,108.3751
data_clean\train\def_front\cast_def_0_2390.jpeg,1,108.4430
data_clean\train\def_front\cast_def_0_7709.jpeg,1,109.0075
data_clean\train\def_front\cast_def_0_422.jpeg,1,109.0985
data_clean\train\def_front\cast_def_0_3450.jpeg,1,109.1062
data_clean\train\def_front\cast_def_0_7041.jpeg,1,109.2148
data_clean\train\def_front\cast_def_0_2161.jpeg,1,109.2204
data_clean\val\def_front\cast_def_0_26.jpeg,1,109.2975
data_clean\train\def_front\cast_def_0_9454.jpeg,1,109.6322
data_clean\val\def_front\cast_def_0_1291.jpeg,1,109.6927
data_clean\train\def_front\cast_def_0_3345.jpeg,1,110.0384
data_clean\val\def_front\cast_def_0_148.jpeg,1,110.1515
data_clean\train\def_front\cast_def_0_4143.jpeg,1,110.2359
data_clean\train\def_front\cast_def_0_5148.jpeg,1,110.2788
data_clean\train\def_front\cast_def_0_7159.jpeg,1,110.3885
data_clean\train\def_front\cast_def_0_320.jpeg,1,110.4169
data_clean\train\def_front\cast_def_0_1406.jpeg,1,110.4623
data_clean\val\def_front\cast_def_0_1394.jpeg,1,110.5822
data_clean\train\def_front\cast_def_0_8218.jpeg,1,110.8906
data_clean\train\def_front\cast_def_0_8294.jpeg,1,111.0182
data_clean\train\def_front\cast_def_0_8786.jpeg,1,111.0877
data_clean\train\def_front\cast_def_0_5786.jpeg,1,111.4073
data_clean\train\def_front\cast_def_0_50.jpeg,1,111.5273
data_clean\train\def_front\cast_def_0_5392.jpeg,1,111.8162
data_clean\val\def_front\cast_def_0_1215.jpeg,1,111.9117
data_clean\train\def_front\cast_def_0_6420.jpeg,1,111.9392
data_clean\train\def_front\cast_def_0_4841.jpeg,1,112.0352
data_clean\train\def_front\cast_def_0_7063.jpeg,1,112.0526
data_clean\train\def_front\cast_def_0_9144.jpeg,1,112.0565
data_clean\train\def_front\cast_def_0_8351.jpeg,1,112.0876
data_clean\train\def_front\cast_def_0_1279.jpeg,1,112.3816
data_clean\train\def_front\cast_def_0_8527.jpeg,1,112.4348
data_clean\train\def_front\cast_def_0_8827.jpeg,1,112.7290
data_clean\train\def_front\cast_def_0_4506.jpeg,1,112.9490
data_clean\train\def_front\cast_def_0_4262.jpeg,1,112.9782
data_clean\train\def_front\cast_def_0_2059.jpeg,1,113.1166
data_clean\train\def_front\cast_def_0_5062.jpeg,1,113.4654
data_clean\train\def_front\cast_def_0_6778.jpeg,1,113.5703
data_clean\train\def_front\cast_def_0_5688.jpeg,1,113.5899
data_clean\train\def_front\cast_def_0_7288.jpeg,1,113.6729
data_clean\val\def_front\cast_def_0_1388.jpeg,1,113.6745
data_clean\train\def_front\cast_def_0_6040.jpeg,1,114.0199
data_clean\train\def_front\cast_def_0_6349.jpeg,1,114.4920
data_clean\train\def_front\cast_def_0_4921.jpeg,1,114.5094
data_clean\train\def_front\cast_def_0_815.jpeg,1,114.5096
data_clean\train\def_front\cast_def_0_4899.jpeg,1,114.7387
data_clean\train\def_front\cast_def_0_6462.jpeg,1,114.7844
data_clean\train\def_front\cast_def_0_9545.jpeg,1,115.0571
data_clean\train\def_front\cast_def_0_8383.jpeg,1,115.1982
data_clean\train\def_front\cast_def_0_3625.jpeg,1,115.2116
data_clean\val\def_front\new__0_3476.jpeg,1,115.4159
data_clean\train\def_front\cast_def_0_339.jpeg,1,115.6048
data_clean\train\def_front\cast_def_0_2257.jpeg,1,115.7437
data_clean\train\def_front\cast_def_0_2144.jpeg,1,115.7686
data_clean\train\def_front\cast_def_0_7215.jpeg,1,115.7698
data_clean\train\def_front\cast_def_0_6878.jpeg,1,115.8708
data_clean\train\def_front\cast_def_0_4518.jpeg,1,115.9235
data_clean\val\def_front\new__0_6647.jpeg,1,116.0292
data_clean\train\def_front\cast_def_0_8819.jpeg,1,116.3640
data_clean\train\def_front\cast_def_0_4084.jpeg,1,116.4400
data_clean\train\def_front\cast_def_0_2378.jpeg,1,116.4817
data_clean\train\def_front\cast_def_0_7656.jpeg,1,117.0475
data_clean\train\def_front\cast_def_0_4919.jpeg,1,117.0863
data_clean\train\def_front\cast_def_0_7818.jpeg,1,117.1183
data_clean\train\def_front\cast_def_0_3128.jpeg,1,117.5232
data_clean\train\def_front\cast_def_0_5534.jpeg,1,117.5971
data_clean\train\def_front\cast_def_0_9838.jpeg,1,117.6668
data_clean\train\def_front\cast_def_0_6596.jpeg,1,117.7431
data_clean\train\def_front\cast_def_0_9920.jpeg,1,117.8240
data_clean\train\def_front\cast_def_0_5917.jpeg,1,117.9100
data_clean\train\def_front\cast_def_0_7640.jpeg,1,117.9894
data_clean\train\def_front\cast_def_0_9204.jpeg,1,118.1378
data_clean\val\def_front\new__0_8737.jpeg,1,118.2954
data_clean\train\def_front\cast_def_0_3684.jpeg,1,118.5937
data_clean\val\def_front\cast_def_0_2486.jpeg,1,118.7148
data_clean\train\def_front\cast_def_0_8411.jpeg,1,118.7938
data_clean\train\def_front\cast_def_0_3328.jpeg,1,118.9681
data_clean\val\def_front\cast_def_0_2551.jpeg,1,119.2603
data_clean\val\def_front\cast_def_0_2553.jpeg,1,119.8586
data_clean\train\def_front\cast_def_0_3845.jpeg,1,120.0528
data_clean\train\def_front\cast_def_0_2529.jpeg,1,120.1780
data_clean\val\def_front\cast_def_0_1528.jpeg,1,120.1891
data_clean\train\def_front\cast_def_0_4075.jpeg,1,120.3456
data_clean\train\def_front\cast_def_0_6628.jpeg,1,120.7127
data_clean\train\def_front\cast_def_0_7692.jpeg,1,120.7521
data_clean\train\def_front\cast_def_0_873.jpeg,1,120.8122
data_clean\train\def_front\cast_def_0_2056.jpeg,1,120.8276
data_clean\val\def_front\cast_def_0_7.jpeg,1,120.8472
data_clean\val\def_front\cast_def_0_40.jpeg,1,120.8851
data_clean\train\def_front\cast_def_0_2798.jpeg,1,120.9518
data_clean\train\def_front\cast_def_0_2368.jpeg,1,120.9710
data_clean\train\def_front\cast_def_0_9381.jpeg,1,121.3139
data_clean\train\def_front\cast_def_0_9115.jpeg,1,121.3169
data_clean\train\def_front\cast_def_0_56.jpeg,1,121.4070
data_clean\train\def_front\cast_def_0_3716.jpeg,1,121.4994
data_clean\train\def_front\cast_def_0_7765.jpeg,1,121.5954
data_clean\train\def_front\cast_def_0_2960.jpeg,1,121.6996
data_clean\train\def_front\cast_def_0_186.jpeg,1,121.7364
data_clean\train\def_front\cast_def_0_9805.jpeg,1,121.8033
data_clean\train\def_front\cast_def_0_8924.jpeg,1,121.9706
data_clean\train\def_front\cast_def_0_8448.jpeg,1,122.0525
data_clean\train\def_front\cast_def_0_2491.jpeg,1,122.0934
data_clean\val\def_front\cast_def_0_197.jpeg,1,122.2220
data_clean\train\def_front\cast_def_0_8094.jpeg,1,122.2444
data_clean\train\def_front\cast_def_0_4978.jpeg,1,122.2608
data_clean\train\def_front\cast_def_0_7015.jpeg,1,122.3935
data_clean\val\def_front\cast_def_0_1474.jpeg,1,122.5079
data_clean\train\def_front\cast_def_0_3677.jpeg,1,122.6943
data_clean\train\def_front\cast_def_0_4690.jpeg,1,122.7168
data_clean\train\def_front\cast_def_0_650.jpeg,1,122.8570
data_clean\train\def_front\cast_def_0_1951.jpeg,1,122.9223
data_clean\train\def_front\cast_def_0_8306.jpeg,1,123.0192
data_clean\train\def_front\cast_def_0_9196.jpeg,1,123.7205
data_clean\train\def_front\cast_def_0_8488.jpeg,1,123.8990
data_clean\val\def_front\cast_def_0_1583.jpeg,1,124.0495
data_clean\train\def_front\cast_def_0_5362.jpeg,1,124.0731
data_clean\train\def_front\cast_def_0_7105.jpeg,1,124.2720
data_clean\train\def_front\cast_def_0_4023.jpeg,1,124.3432
data_clean\train\def_front\cast_def_0_2948.jpeg,1,124.3787
data_clean\train\def_front\cast_def_0_754.jpeg,1,124.4986
data_clean\val\def_front\cast_def_0_1505.jpeg,1,124.5126
data_clean\train\def_front\cast_def_0_2081.jpeg,1,124.6183
data_clean\train\def_front\cast_def_0_3245.jpeg,1,125.0606
data_clean\train\def_front\cast_def_0_6283.jpeg,1,125.1013
data_clean\train\def_front\cast_def_0_5125.jpeg,1,125.6503
data_clean\train\def_front\cast_def_0_5865.jpeg,1,125.7415
data_clean\train\def_front\cast_def_0_8555.jpeg,1,126.2970
data_clean\train\def_front\cast_def_0_4912.jpeg,1,126.3179
data_clean\train\def_front\cast_def_0_5284.jpeg,1,126.3304
data_clean\train\def_front\cast_def_0_7734.jpeg,1,126.4099
data_clean\train\def_front\cast_def_0_7482.jpeg,1,126.5316
data_clean\train\def_front\cast_def_0_633.jpeg,1,126.8856
data_clean\train\def_front\cast_def_0_9673.jpeg,1,126.8940
data_clean\train\def_front\cast_def_0_7771.jpeg,1,126.9856
data_clean\train\def_front\cast_def_0_2004.jpeg,1,126.9870
data_clean\train\def_front\cast_def_0_1038.jpeg,1,127.1673
data_clean\train\def_front\cast_def_0_6870.jpeg,1,127.4369
data_clean\train\def_front\cast_def_0_811.jpeg,1,127.4941
data_clean\train\def_front\cast_def_0_4435.jpeg,1,127.8449
data_clean\val\def_front\new__0_5164.jpeg,1,127.8785
data_clean\train\def_front\cast_def_0_6181.jpeg,1,128.0533
data_clean\train\def_front\cast_def_0_7622.jpeg,1,128.1872
data_clean\train\def_front\cast_def_0_3392.jpeg,1,128.2015
data_clean\val\def_front\cast_def_0_1323.jpeg,1,128.3155
data_clean\train\def_front\cast_def_0_5471.jpeg,1,128.4078
data_clean\val\def_front\new__0_5231.jpeg,1,128.4263
data_clean\train\def_front\cast_def_0_2625.jpeg,1,128.4417
data_clean\train\def_front\cast_def_0_5992.jpeg,1,128.6643
data_clean\train\def_front\cast_def_0_2964.jpeg,1,128.8498
data_clean\train\def_front\cast_def_0_5385.jpeg,1,129.1292
data_clean\train\def_front\cast_def_0_1133.jpeg,1,129.2233
data_clean\train\def_front\cast_def_0_794.jpeg,1,129.4415
data_clean\train\def_front\cast_def_0_1886.jpeg,1,129.4582
data_clean\train\def_front\cast_def_0_9275.jpeg,1,129.5781
data_clean\train\def_front\cast_def_0_2643.jpeg,1,130.1851
data_clean\train\def_front\cast_def_0_7704.jpeg,1,130.4036
data_clean\train\def_front\cast_def_0_5300.jpeg,1,130.4205
data_clean\train\def_front\cast_def_0_5308.jpeg,1,131.5727
data_clean\train\def_front\cast_def_0_9929.jpeg,1,132.2773
data_clean\train\def_front\cast_def_0_5255.jpeg,1,132.5001
data_clean\val\def_front\new__0_1353.jpeg,1,132.7155
data_clean\train\def_front\cast_def_0_2551.jpeg,1,132.8516
data_clean\train\def_front\cast_def_0_4200.jpeg,1,132.8984
data_clean\val\def_front\cast_def_0_1376.jpeg,1,132.9191
data_clean\val\def_front\new__0_3973.jpeg,1,132.9509
data_clean\train\def_front\cast_def_0_753.jpeg,1,133.0438
data_clean\train\def_front\cast_def_0_3074.jpeg,1,133.3543
data_clean\train\def_front\cast_def_0_837.jpeg,1,133.3698
data_clean\train\def_front\cast_def_0_399.jpeg,1,133.4092
data_clean\train\def_front\cast_def_0_8715.jpeg,1,133.4663
data_clean\train\def_front\cast_def_0_8105.jpeg,1,133.4694
data_clean\train\def_front\cast_def_0_5431.jpeg,1,133.7618
data_clean\train\def_front\cast_def_0_5153.jpeg,1,133.8673
data_clean\train\def_front\cast_def_0_1770.jpeg,1,133.9682
data_clean\train\def_front\cast_def_0_1946.jpeg,1,134.0449
data_clean\train\def_front\cast_def_0_7076.jpeg,1,134.2711
data_clean\train\def_front\cast_def_0_2371.jpeg,1,134.3939
data_clean\train\def_front\cast_def_0_6018.jpeg,1,135.1083
data_clean\train\def_front\cast_def_0_3698.jpeg,1,135.4953
data_clean\val\def_front\cast_def_0_616.jpeg,1,135.5708
data_clean\train\def_front\cast_def_0_8240.jpeg,1,135.9003
data_clean\val\def_front\cast_def_0_1677.jpeg,1,135.9427
data_clean\train\def_front\cast_def_0_6382.jpeg,1,135.9633
data_clean\train\def_front\cast_def_0_9438.jpeg,1,136.0668
data_clean\train\def_front\cast_def_0_4237.jpeg,1,136.1827
data_clean\train\def_front\cast_def_0_9637.jpeg,1,136.3603
data_clean\train\def_front\cast_def_0_6029.jpeg,1,136.4828
data_clean\train\def_front\cast_def_0_8735.jpeg,1,136.5127
data_clean\train\def_front\cast_def_0_4923.jpeg,1,136.5715
data_clean\train\def_front\cast_def_0_5480.jpeg,1,136.9037
data_clean\train\def_front\cast_def_0_5218.jpeg,1,137.0882
data_clean\train\def_front\cast_def_0_7970.jpeg,1,137.3103
data_clean\val\def_front\cast_def_0_1571.jpeg,1,137.3212
data_clean\train\def_front\cast_def_0_6197.jpeg,1,137.3815
data_clean\train\def_front\cast_def_0_7222.jpeg,1,137.6351
data_clean\train\def_front\cast_def_0_4369.jpeg,1,137.8803
data_clean\train\def_front\cast_def_0_5352.jpeg,1,137.9016
data_clean\train\def_front\cast_def_0_376.jpeg,1,137.9401
data_clean\train\def_front\cast_def_0_8752.jpeg,1,138.1831
data_clean\train\def_front\cast_def_0_9009.jpeg,1,138.3109
data_clean\train\def_front\cast_def_0_5248.jpeg,1,138.3420
data_clean\train\def_front\cast_def_0_3590.jpeg,1,138.4896
data_clean\train\def_front\cast_def_0_7304.jpeg,1,138.5676
data_clean\train\def_front\cast_def_0_8761.jpeg,1,138.7324
data_clean\train\def_front\cast_def_0_880.jpeg,1,138.7396
data_clean\train\def_front\cast_def_0_5475.jpeg,1,138.7669
data_clean\train\def_front\cast_def_0_5437.jpeg,1,138.9821
data_clean\val\def_front\cast_def_0_4134.jpeg,1,139.2748
data_clean\train\def_front\cast_def_0_5491.jpeg,1,139.3495
data_clean\train\def_front\cast_def_0_7929.jpeg,1,139.5614
data_clean\train\def_front\cast_def_0_6986.jpeg,1,139.7201
data_clean\train\def_front\cast_def_0_4427.jpeg,1,140.1955
data_clean\train\def_front\cast_def_0_9238.jpeg,1,140.2034
data_clean\train\def_front\cast_def_0_6862.jpeg,1,140.2832
data_clean\train\def_front\cast_def_0_9610.jpeg,1,140.3589
data_clean\train\def_front\cast_def_0_4334.jpeg,1,140.5114
data_clean\train\def_front\cast_def_0_9502.jpeg,1,140.8484
data_clean\val\def_front\cast_def_0_4175.jpeg,1,141.0918
data_clean\train\def_front\cast_def_0_9528.jpeg,1,141.3355
data_clean\train\def_front\cast_def_0_7012.jpeg,1,141.3527
data_clean\train\def_front\cast_def_0_914.jpeg,1,141.5130
data_clean\train\def_front\cast_def_0_4227.jpeg,1,141.6538
data_clean\train\def_front\cast_def_0_8751.jpeg,1,141.7726
data_clean\train\def_front\cast_def_0_402.jpeg,1,142.1654
data_clean\train\def_front\cast_def_0_9020.jpeg,1,142.1907
data_clean\train\def_front\cast_def_0_5978.jpeg,1,142.2697
data_clean\train\def_front\cast_def_0_9553.jpeg,1,142.4347
data_clean\train\def_front\cast_def_0_9517.jpeg,1,142.4426
data_clean\train\def_front\cast_def_0_7770.jpeg,1,142.5373
data_clean\train\def_front\cast_def_0_2611.jpeg,1,142.6396
data_clean\train\def_front\cast_def_0_6913.jpeg,1,142.7924
data_clean\train\def_front\cast_def_0_3965.jpeg,1,143.3062
data_clean\train\def_front\cast_def_0_3217.jpeg,1,143.4381
data_clean\train\def_front\cast_def_0_7618.jpeg,1,143.8539
data_clean\train\def_front\cast_def_0_606.jpeg,1,144.0236
data_clean\train\def_front\cast_def_0_8571.jpeg,1,144.2854
data_clean\train\def_front\cast_def_0_7574.jpeg,1,144.4155
data_clean\train\def_front\cast_def_0_2432.jpeg,1,144.4577
data_clean\train\def_front\cast_def_0_3236.jpeg,1,144.4692
data_clean\train\def_front\cast_def_0_2404.jpeg,1,144.6339
data_clean\train\def_front\cast_def_0_9861.jpeg,1,145.1269
data_clean\train\def_front\cast_def_0_6614.jpeg,1,145.2746
data_clean\val\def_front\cast_def_0_7596.jpeg,1,145.2944
data_clean\train\def_front\cast_def_0_3274.jpeg,1,145.3689
data_clean\train\def_front\cast_def_0_2060.jpeg,1,145.4603
data_clean\train\def_front\cast_def_0_8728.jpeg,1,145.5089
data_clean\train\def_front\cast_def_0_4606.jpeg,1,145.6619
data_clean\train\def_front\cast_def_0_569.jpeg,1,146.1774
data_clean\train\def_front\cast_def_0_3130.jpeg,1,146.1835
data_clean\train\def_front\cast_def_0_6833.jpeg,1,146.2394
data_clean\train\def_front\cast_def_0_6671.jpeg,1,146.3745
data_clean\train\def_front\cast_def_0_8706.jpeg,1,146.3813
data_clean\train\def_front\cast_def_0_7032.jpeg,1,146.4327
data_clean\train\def_front\cast_def_0_9924.jpeg,1,146.4720
data_clean\train\def_front\cast_def_0_6435.jpeg,1,146.4960
data_clean\train\def_front\cast_def_0_4328.jpeg,1,146.6046
data_clean\val\def_front\cast_def_0_648.jpeg,1,146.6109
data_clean\train\def_front\cast_def_0_8950.jpeg,1,146.7865
data_clean\train\def_front\cast_def_0_3725.jpeg,1,147.0931
data_clean\train\def_front\cast_def_0_6631.jpeg,1,147.1594
data_clean\train\def_front\cast_def_0_1754.jpeg,1,147.1604
data_clean\val\def_front\cast_def_0_496.jpeg,1,147.3024
data_clean\train\def_front\cast_def_0_6554.jpeg,1,147.4629
data_clean\val\def_front\new__0_2055.jpeg,1,147.5015
data_clean\train\def_front\cast_def_0_3228.jpeg,1,147.5338
data_clean\train\def_front\cast_def_0_877.jpeg,1,147.6488
data_clean\train\def_front\cast_def_0_1254.jpeg,1,147.6725
data_clean\val\def_front\cast_def_0_486.jpeg,1,147.9189
data_clean\train\def_front\cast_def_0_4457.jpeg,1,148.4517
data_clean\train\def_front\cast_def_0_9945.jpeg,1,148.5204
data_clean\train\def_front\cast_def_0_8121.jpeg,1,148.7625
data_clean\train\def_front\cast_def_0_2264.jpeg,1,148.7649
data_clean\train\def_front\cast_def_0_9500.jpeg,1,148.9564
data_clean\train\def_front\cast_def_0_5997.jpeg,1,149.0268
data_clean\train\def_front\cast_def_0_6052.jpeg,1,149.1051
data_clean\train\def_front\cast_def_0_8349.jpeg,1,149.2347
data_clean\train\def_front\cast_def_0_6571.jpeg,1,149.2951
data_clean\train\def_front\cast_def_0_9111.jpeg,1,149.4715
data_clean\val\def_front\cast_def_0_1511.jpeg,1,149.5120
data_clean\train\def_front\cast_def_0_19.jpeg,1,150.2238
data_clean\val\def_front\cast_def_0_1136.jpeg,1,150.2797
data_clean\train\def_front\cast_def_0_3199.jpeg,1,150.6211
data_clean\train\def_front\cast_def_0_9322.jpeg,1,150.6961
data_clean\train\def_front\cast_def_0_380.jpeg,1,150.7133
data_clean\train\def_front\cast_def_0_9661.jpeg,1,150.7875
data_clean\train\def_front\cast_def_0_5938.jpeg,1,151.2737
data_clean\train\def_front\cast_def_0_8455.jpeg,1,151.3382
data_clean\train\def_front\cast_def_0_2075.jpeg,1,151.4487
data_clean\train\def_front\cast_def_0_120.jpeg,1,151.5890
data_clean\train\def_front\cast_def_0_9191.jpeg,1,152.4378
data_clean\train\def_front\cast_def_0_3568.jpeg,1,152.4642
data_clean\train\def_front\cast_def_0_8252.jpeg,1,152.9213
data_clean\train\def_front\cast_def_0_7204.jpeg,1,153.2141
data_clean\train\def_front\cast_def_0_1988.jpeg,1,153.2892
data_clean\train\def_front\cast_def_0_6378.jpeg,1,153.5490
data_clean\train\def_front\cast_def_0_3261.jpeg,1,153.6273
data_clean\train\def_front\cast_def_0_9519.jpeg,1,153.8560
data_clean\train\def_front\cast_def_0_130.jpeg,1,153.8736
data_clean\train\def_front\cast_def_0_9248.jpeg,1,154.0931
data_clean\train\def_front\cast_def_0_7069.jpeg,1,154.0944
data_clean\train\def_front\cast_def_0_8723.jpeg,1,154.2354
data_clean\train\def_front\cast_def_0_7091.jpeg,1,154.6133
data_clean\train\def_front\cast_def_0_4323.jpeg,1,154.6988
data_clean\train\def_front\cast_def_0_6991.jpeg,1,154.7575
data_clean\train\def_front\cast_def_0_3679.jpeg,1,154.8103
data_clean\train\def_front\cast_def_0_9564.jpeg,1,154.8484
data_clean\val\def_front\cast_def_0_1453.jpeg,1,154.9025
data_clean\train\def_front\cast_def_0_7859.jpeg,1,154.9201
data_clean\train\def_front\cast_def_0_8180.jpeg,1,155.0689
data_clean\train\def_front\cast_def_0_915.jpeg,1,155.1467
data_clean\train\def_front\cast_def_0_6208.jpeg,1,155.2140
data_clean\train\def_front\cast_def_0_670.jpeg,1,155.2767
data_clean\train\def_front\cast_def_0_3899.jpeg,1,155.3817
data_clean\train\def_front\cast_def_0_8083.jpeg,1,155.6577
data_clean\train\def_front\cast_def_0_3617.jpeg,1,155.7055
data_clean\train\def_front\cast_def_0_2624.jpeg,1,155.8993
data_clean\train\def_front\cast_def_0_6143.jpeg,1,156.0311
data_clean\train\def_front\cast_def_0_3609.jpeg,1,156.0755
data_clean\train\def_front\cast_def_0_9208.jpeg,1,156.2231
data_clean\train\def_front\cast_def_0_6875.jpeg,1,156.3758
data_clean\train\def_front\cast_def_0_5533.jpeg,1,156.5586
data_clean\train\def_front\cast_def_0_5911.jpeg,1,156.7447
data_clean\train\def_front\cast_def_0_898.jpeg,1,156.7994
data_clean\train\def_front\cast_def_0_6368.jpeg,1,156.9152
data_clean\train\def_front\cast_def_0_8323.jpeg,1,156.9910
data_clean\train\def_front\cast_def_0_4241.jpeg,1,157.1959
data_clean\val\def_front\cast_def_0_246.jpeg,1,157.2508
data_clean\train\def_front\cast_def_0_4436.jpeg,1,157.3747
data_clean\train\def_front\cast_def_0_8546.jpeg,1,157.7297
data_clean\train\def_front\cast_def_0_3649.jpeg,1,157.8207
data_clean\train\def_front\cast_def_0_5544.jpeg,1,157.8549
data_clean\train\def_front\cast_def_0_7996.jpeg,1,157.8822
data_clean\train\def_front\cast_def_0_6486.jpeg,1,157.9497
data_clean\val\def_front\cast_def_0_7659.jpeg,1,157.9919
data_clean\train\def_front\cast_def_0_3607.jpeg,1,158.2561
data_clean\train\def_front\cast_def_0_7477.jpeg,1,158.8270
data_clean\val\def_front\cast_def_0_7468.jpeg,1,158.9886
data_clean\train\def_front\cast_def_0_5804.jpeg,1,159.0627
data_clean\train\def_front\cast_def_0_3696.jpeg,1,159.0965
data_clean\train\def_front\cast_def_0_3709.jpeg,1,159.1993
data_clean\train\def_front\cast_def_0_3704.jpeg,1,159.2107
data_clean\train\def_front\cast_def_0_8409.jpeg,1,159.3396
data_clean\train\def_front\cast_def_0_6813.jpeg,1,159.3478
data_clean\train\def_front\cast_def_0_3355.jpeg,1,159.5327
data_clean\val\def_front\cast_def_0_218.jpeg,1,159.5376
data_clean\train\def_front\cast_def_0_7258.jpeg,1,159.7701
data_clean\train\def_front\cast_def_0_9016.jpeg,1,159.8505
data_clean\train\def_front\cast_def_0_3514.jpeg,1,159.8870
data_clean\train\def_front\cast_def_0_3122.jpeg,1,160.2036
data_clean\train\def_front\cast_def_0_2074.jpeg,1,160.2966
data_clean\train\def_front\cast_def_0_925.jpeg,1,160.7694
data_clean\train\def_front\cast_def_0_6092.jpeg,1,160.8480
data_clean\train\def_front\cast_def_0_5520.jpeg,1,160.8651
data_clean\train\def_front\cast_def_0_8415.jpeg,1,160.9505
data_clean\train\def_front\cast_def_0_2139.jpeg,1,161.0374
data_clean\val\def_front\cast_def_0_732.jpeg,1,161.3416
data_clean\train\def_front\cast_def_0_7979.jpeg,1,161.4397
data_clean\train\def_front\cast_def_0_4438.jpeg,1,161.5108
data_clean\train\def_front\cast_def_0_1244.jpeg,1,161.7189
data_clean\val\def_front\new__0_7229.jpeg,1,161.8534
data_clean\train\def_front\cast_def_0_3998.jpeg,1,161.8725
data_clean\train\def_front\cast_def_0_6712.jpeg,1,161.9952
data_clean\val\def_front\cast_def_0_1096.jpeg,1,161.9988
data_clean\train\def_front\cast_def_0_5123.jpeg,1,162.1309
data_clean\train\def_front\cast_def_0_9537.jpeg,1,162.3682
data_clean\train\def_front\cast_def_0_9996.jpeg,1,162.4471
data_clean\train\def_front\cast_def_0_4217.jpeg,1,162.5070
data_clean\train\def_front\cast_def_0_8417.jpeg,1,162.7707
data_clean\train\def_front\cast_def_0_2688.jpeg,1,162.8706
data_clean\train\def_front\cast_def_0_1246.jpeg,1,163.0438
data_clean\val\def_front\cast_def_0_221.jpeg,1,163.0639
data_clean\train\def_front\cast_def_0_8131.jpeg,1,163.0945
data_clean\val\def_front\cast_def_0_1507.jpeg,1,163.1647
data_clean\train\def_front\cast_def_0_1325.jpeg,1,163.2331
data_clean\train\def_front\cast_def_0_6066.jpeg,1,163.3456
data_clean\train\def_front\cast_def_0_8535.jpeg,1,163.4014
data_clean\train\def_front\cast_def_0_4379.jpeg,1,163.4097
data_clean\train\def_front\cast_def_0_9569.jpeg,1,163.4731
data_clean\train\def_front\cast_def_0_2716.jpeg,1,163.6880
data_clean\train\def_front\cast_def_0_4452.jpeg,1,163.8647
data_clean\train\def_front\cast_def_0_7100.jpeg,1,164.1436
data_clean\train\def_front\cast_def_0_3443.jpeg,1,164.2941
data_clean\train\def_front\cast_def_0_4135.jpeg,1,164.3084
data_clean\train\def_front\cast_def_0_1733.jpeg,1,164.7796
data_clean\train\def_front\cast_def_0_4165.jpeg,1,164.8868
data_clean\train\def_front\cast_def_0_8940.jpeg,1,165.0969
data_clean\train\def_front\cast_def_0_5154.jpeg,1,165.1569
data_clean\train\def_front\cast_def_0_2867.jpeg,1,165.1818
data_clean\train\def_front\cast_def_0_1097.jpeg,1,165.3017
data_clean\train\def_front\cast_def_0_9552.jpeg,1,165.5977
data_clean\train\def_front\cast_def_0_7809.jpeg,1,165.7302
data_clean\train\def_front\cast_def_0_7528.jpeg,1,165.7506
data_clean\train\def_front\cast_def_0_6418.jpeg,1,165.8449
data_clean\val\def_front\cast_def_0_1573.jpeg,1,165.8608
data_clean\val\def_front\cast_def_0_2453.jpeg,1,165.9500
data_clean\val\def_front\cast_def_0_1518.jpeg,1,166.0263
data_clean\train\def_front\cast_def_0_3623.jpeg,1,166.0286
data_clean\train\def_front\cast_def_0_8069.jpeg,1,166.3416
data_clean\train\def_front\cast_def_0_6381.jpeg,1,166.5980
data_clean\train\def_front\cast_def_0_7773.jpeg,1,166.7674
data_clean\val\def_front\new__0_8159.jpeg,1,166.8186
data_clean\train\def_front\cast_def_0_8413.jpeg,1,167.0598
data_clean\val\def_front\cast_def_0_2480.jpeg,1,167.1362
data_clean\train\def_front\cast_def_0_5251.jpeg,1,167.1397
data_clean\train\def_front\cast_def_0_5848.jpeg,1,167.3307
data_clean\train\def_front\cast_def_0_6519.jpeg,1,167.5019
data_clean\train\def_front\cast_def_0_9757.jpeg,1,167.7038
data_clean\val\def_front\cast_def_0_2372.jpeg,1,167.9761
data_clean\train\def_front\cast_def_0_9599.jpeg,1,167.9842
data_clean\train\def_front\cast_def_0_8318.jpeg,1,167.9981
data_clean\train\def_front\cast_def_0_5881.jpeg,1,168.5310
data_clean\train\def_front\cast_def_0_3822.jpeg,1,168.8580
data_clean\train\def_front\cast_def_0_3770.jpeg,1,168.9225
data_clean\val\def_front\cast_def_0_2179.jpeg,1,169.6441
data_clean\val\def_front\cast_def_0_666.jpeg,1,170.0874
data_clean\val\def_front\cast_def_0_519.jpeg,1,170.2805
data_clean\train\def_front\cast_def_0_423.jpeg,1,170.3369
data_clean\train\def_front\cast_def_0_7136.jpeg,1,170.4052
data_clean\train\def_front\cast_def_0_5508.jpeg,1,170.4252
data_clean\train\def_front\cast_def_0_7545.jpeg,1,170.6613
data_clean\train\def_front\cast_def_0_5920.jpeg,1,170.7856
data_clean\train\def_front\cast_def_0_4149.jpeg,1,170.8931
data_clean\train\def_front\cast_def_0_2940.jpeg,1,170.9936
data_clean\train\def_front\cast_def_0_9390.jpeg,1,170.9965
data_clean\val\def_front\cast_def_0_2176.jpeg,1,171.1803
data_clean\train\def_front\cast_def_0_7269.jpeg,1,171.3374
data_clean\val\def_front\cast_def_0_1618.jpeg,1,171.4122
data_clean\train\def_front\cast_def_0_6901.jpeg,1,171.4125
data_clean\train\def_front\cast_def_0_9813.jpeg,1,171.4270
data_clean\train\def_front\cast_def_0_5417.jpeg,1,171.4296
data_clean\train\def_front\cast_def_0_909.jpeg,1,171.6040
data_clean\train\def_front\cast_def_0_4209.jpeg,1,171.7334
data_clean\train\def_front\cast_def_0_6663.jpeg,1,172.0178
data_clean\train\def_front\cast_def_0_8525.jpeg,1,172.2273
data_clean\train\def_front\cast_def_0_5220.jpeg,1,172.2396
data_clean\train\def_front\cast_def_0_2693.jpeg,1,172.2457
data_clean\train\def_front\cast_def_0_5980.jpeg,1,172.4234
data_clean\val\def_front\cast_def_0_1381.jpeg,1,172.8065
data_clean\train\def_front\cast_def_0_2641.jpeg,1,172.8480
data_clean\val\def_front\cast_def_0_1544.jpeg,1,172.9086
data_clean\train\def_front\cast_def_0_4639.jpeg,1,172.9572
data_clean\train\def_front\cast_def_0_7820.jpeg,1,173.0598
data_clean\train\def_front\cast_def_0_3084.jpeg,1,173.1037
data_clean\val\def_front\cast_def_0_9925.jpeg,1,173.1624
data_clean\train\def_front\cast_def_0_3382.jpeg,1,173.2095
data_clean\train\def_front\cast_def_0_8259.jpeg,1,173.2522
data_clean\train\def_front\cast_def_0_3252.jpeg,1,174.2144
data_clean\val\def_front\cast_def_0_1492.jpeg,1,174.2349
data_clean\train\def_front\cast_def_0_331.jpeg,1,174.5542
data_clean\train\def_front\cast_def_0_2073.jpeg,1,174.5718
data_clean\train\def_front\cast_def_0_9184.jpeg,1,174.7225
data_clean\train\def_front\cast_def_0_4916.jpeg,1,174.8030
data_clean\train\def_front\cast_def_0_6732.jpeg,1,175.3417
data_clean\train\def_front\cast_def_0_2401.jpeg,1,175.3882
data_clean\train\def_front\cast_def_0_9697.jpeg,1,175.5359
data_clean\train\def_front\cast_def_0_8605.jpeg,1,175.5491
data_clean\train\def_front\cast_def_0_9351.jpeg,1,175.9023
data_clean\train\def_front\cast_def_0_1310.jpeg,1,176.2079
data_clean\train\def_front\cast_def_0_1375.jpeg,1,176.2119
data_clean\train\def_front\cast_def_0_4430.jpeg,1,176.2303
data_clean\train\def_front\cast_def_0_7699.jpeg,1,176.5374
data_clean\train\def_front\cast_def_0_2240.jpeg,1,176.7595
data_clean\train\def_front\cast_def_0_9659.jpeg,1,176.8885
data_clean\train\def_front\cast_def_0_2229.jpeg,1,176.9659
data_clean\train\def_front\cast_def_0_7118.jpeg,1,177.0308
data_clean\train\def_front\cast_def_0_6222.jpeg,1,177.2027
data_clean\train\def_front\cast_def_0_997.jpeg,1,177.2275
data_clean\train\def_front\cast_def_0_5195.jpeg,1,177.5280
data_clean\train\def_front\cast_def_0_7140.jpeg,1,177.6725
data_clean\val\def_front\cast_def_0_1231.jpeg,1,177.7553
data_clean\train\def_front\cast_def_0_5369.jpeg,1,178.3007
data_clean\train\def_front\cast_def_0_148.jpeg,1,178.4406
data_clean\train\def_front\cast_def_0_9252.jpeg,1,178.4917
data_clean\train\def_front\cast_def_0_9576.jpeg,1,178.7477
data_clean\train\def_front\cast_def_0_1776.jpeg,1,178.7514
data_clean\train\def_front\cast_def_0_9914.jpeg,1,178.8800
data_clean\train\def_front\cast_def_0_983.jpeg,1,178.8820
data_clean\train\def_front\cast_def_0_1762.jpeg,1,178.9119
data_clean\train\def_front\cast_def_0_2768.jpeg,1,179.1735
data_clean\train\def_front\cast_def_0_8076.jpeg,1,179.2356
data_clean\train\def_front\cast_def_0_3353.jpeg,1,179.2968
data_clean\train\def_front\cast_def_0_3867.jpeg,1,179.6066
data_clean\train\def_front\cast_def_0_7472.jpeg,1,179.6794
data_clean\train\def_front\cast_def_0_7016.jpeg,1,179.8396
data_clean\train\def_front\cast_def_0_4592.jpeg,1,180.3627
data_clean\train\def_front\cast_def_0_8548.jpeg,1,180.3766
data_clean\train\def_front\cast_def_0_1069.jpeg,1,180.7448
data_clean\train\def_front\cast_def_0_5493.jpeg,1,181.1371
data_clean\train\def_front\cast_def_0_8359.jpeg,1,181.1571
data_clean\train\def_front\cast_def_0_7881.jpeg,1,181.2522
data_clean\train\def_front\cast_def_0_1315.jpeg,1,181.5311
data_clean\train\def_front\cast_def_0_1289.jpeg,1,181.5333
data_clean\train\def_front\cast_def_0_4482.jpeg,1,181.7129
data_clean\train\def_front\cast_def_0_5737.jpeg,1,182.1396
data_clean\train\def_front\cast_def_0_7457.jpeg,1,182.4222
data_clean\val\def_front\cast_def_0_1529.jpeg,1,182.8239
data_clean\train\def_front\cast_def_0_3192.jpeg,1,182.8849
data_clean\train\def_front\cast_def_0_743.jpeg,1,182.9519
data_clean\train\def_front\cast_def_0_5898.jpeg,1,183.1276
data_clean\train\def_front\cast_def_0_5358.jpeg,1,183.2966
data_clean\train\def_front\cast_def_0_5106.jpeg,1,183.3723
data_clean\train\def_front\cast_def_0_5413.jpeg,1,183.5589
data_clean\train\def_front\cast_def_0_7696.jpeg,1,183.6504
data_clean\train\def_front\cast_def_0_3080.jpeg,1,183.8060
data_clean\train\def_front\cast_def_0_5503.jpeg,1,183.8328
data_clean\train\def_front\cast_def_0_7081.jpeg,1,183.9458
data_clean\train\def_front\cast_def_0_5961.jpeg,1,184.1464
data_clean\train\def_front\cast_def_0_6960.jpeg,1,184.1591
data_clean\train\def_front\cast_def_0_9408.jpeg,1,184.2621
data_clean\train\def_front\cast_def_0_8762.jpeg,1,184.6587
data_clean\train\def_front\cast_def_0_8576.jpeg,1,184.7452
data_clean\train\def_front\cast_def_0_597.jpeg,1,185.1189
data_clean\train\def_front\cast_def_0_548.jpeg,1,185.1404
data_clean\train\def_front\cast_def_0_7931.jpeg,1,185.1962
data_clean\train\def_front\cast_def_0_4890.jpeg,1,185.5647
data_clean\train\def_front\cast_def_0_6196.jpeg,1,185.6394
data_clean\train\def_front\cast_def_0_8482.jpeg,1,185.7508
data_clean\train\def_front\cast_def_0_726.jpeg,1,185.7720
data_clean\train\def_front\cast_def_0_3107.jpeg,1,185.8857
data_clean\train\def_front\cast_def_0_7986.jpeg,1,185.9107
data_clean\train\def_front\cast_def_0_9626.jpeg,1,185.9410
data_clean\train\def_front\cast_def_0_5696.jpeg,1,186.1261
data_clean\train\def_front\cast_def_0_105.jpeg,1,186.2495
data_clean\train\def_front\cast_def_0_4511.jpeg,1,186.3268
data_clean\train\def_front\cast_def_0_2595.jpeg,1,186.3425
data_clean\train\def_front\cast_def_0_3445.jpeg,1,186.3825
data_clean\train\def_front\cast_def_0_1004.jpeg,1,186.4467
data_clean\train\def_front\cast_def_0_7884.jpeg,1,186.5763
data_clean\train\def_front\cast_def_0_107.jpeg,1,186.6089
data_clean\val\def_front\cast_def_0_461.jpeg,1,186.8478
data_clean\train\def_front\cast_def_0_1763.jpeg,1,186.8850
data_clean\train\def_front\cast_def_0_4128.jpeg,1,186.9315
data_clean\train\def_front\cast_def_0_7212.jpeg,1,187.0621
data_clean\val\def_front\cast_def_0_555.jpeg,1,187.0849
data_clean\train\def_front\cast_def_0_3248.jpeg,1,187.3620
data_clean\train\def_front\cast_def_0_3180.jpeg,1,187.5172
data_clean\val\def_front\cast_def_0_506.jpeg,1,187.5327
data_clean\train\def_front\cast_def_0_9379.jpeg,1,188.1068
data_clean\train\def_front\cast_def_0_6751.jpeg,1,188.1429
data_clean\train\def_front\cast_def_0_5335.jpeg,1,188.2572
data_clean\val\def_front\new__0_8634.jpeg,1,188.4738
data_clean\val\def_front\cast_def_0_1476.jpeg,1,188.6311
data_clean\train\def_front\cast_def_0_7875.jpeg,1,188.8979
data_clean\train\def_front\cast_def_0_9183.jpeg,1,189.4565
data_clean\train\def_front\cast_def_0_8062.jpeg,1,189.4735
data_clean\train\def_front\cast_def_0_6038.jpeg,1,189.5076
data_clean\train\def_front\cast_def_0_3803.jpeg,1,189.8898
data_clean\train\def_front\cast_def_0_1919.jpeg,1,190.0297
data_clean\train\def_front\cast_def_0_2383.jpeg,1,190.3366
data_clean\train\def_front\cast_def_0_8643.jpeg,1,190.4653
data_clean\train\def_front\cast_def_0_9049.jpeg,1,190.7679
data_clean\train\def_front\cast_def_0_6506.jpeg,1,190.8677
data_clean\train\def_front\cast_def_0_6996.jpeg,1,191.0567
data_clean\train\def_front\cast_def_0_2469.jpeg,1,191.1178
data_clean\train\def_front\cast_def_0_904.jpeg,1,191.2470
data_clean\train\def_front\cast_def_0_4652.jpeg,1,191.4220
data_clean\train\def_front\cast_def_0_2082.jpeg,1,191.4259
data_clean\train\def_front\cast_def_0_4707.jpeg,1,192.0322
data_clean\train\def_front\cast_def_0_9397.jpeg,1,192.0812
data_clean\train\def_front\cast_def_0_116.jpeg,1,192.2356
data_clean\train\def_front\cast_def_0_640.jpeg,1,192.3167
data_clean\train\def_front\cast_def_0_7314.jpeg,1,192.3910
data_clean\train\def_front\cast_def_0_2478.jpeg,1,192.4158
data_clean\train\def_front\cast_def_0_3746.jpeg,1,192.4374
data_clean\train\def_front\cast_def_0_4231.jpeg,1,192.4448
data_clean\train\def_front\cast_def_0_5011.jpeg,1,192.5080
data_clean\train\def_front\cast_def_0_5364.jpeg,1,192.9095
data_clean\train\def_front\cast_def_0_7712.jpeg,1,192.9371
data_clean\train\def_front\cast_def_0_7727.jpeg,1,193.4172
data_clean\train\def_front\cast_def_0_3572.jpeg,1,194.0244
data_clean\train\def_front\cast_def_0_3620.jpeg,1,194.4056
data_clean\train\def_front\cast_def_0_5935.jpeg,1,194.6992
data_clean\train\def_front\cast_def_0_5139.jpeg,1,195.2315
data_clean\train\def_front\cast_def_0_3087.jpeg,1,195.3944
data_clean\train\def_front\cast_def_0_6822.jpeg,1,195.8856
data_clean\train\def_front\cast_def_0_3059.jpeg,1,196.6511
data_clean\train\def_front\cast_def_0_1272.jpeg,1,196.8874
data_clean\val\def_front\cast_def_0_3503.jpeg,1,197.3094
data_clean\val\def_front\cast_def_0_7442.jpeg,1,197.4744
data_clean\train\def_front\cast_def_0_350.jpeg,1,197.7437
data_clean\train\def_front\cast_def_0_425.jpeg,1,197.9013
data_clean\train\def_front\cast_def_0_5270.jpeg,1,198.3782
data_clean\train\def_front\cast_def_0_7637.jpeg,1,198.5540
data_clean\val\def_front\cast_def_0_1688.jpeg,1,198.6626
data_clean\train\def_front\cast_def_0_9077.jpeg,1,199.2271
data_clean\train\def_front\cast_def_0_2385.jpeg,1,199.8316
data_clean\val\def_front\new__0_5223.jpeg,1,200.2643
data_clean\train\def_front\cast_def_0_7600.jpeg,1,200.4870
data_clean\train\def_front\cast_def_0_6963.jpeg,1,200.7360
data_clean\train\def_front\cast_def_0_4406.jpeg,1,200.7674
data_clean\train\def_front\cast_def_0_9682.jpeg,1,201.6306
data_clean\train\def_front\cast_def_0_8238.jpeg,1,201.7728
data_clean\train\def_front\cast_def_0_5121.jpeg,1,202.1692
data_clean\val\def_front\cast_def_0_1574.jpeg,1,202.4170
data_clean\train\def_front\cast_def_0_3550.jpeg,1,202.6515
data_clean\train\def_front\cast_def_0_5291.jpeg,1,202.9312
data_clean\val\def_front\cast_def_0_661.jpeg,1,202.9732
data_clean\train\def_front\cast_def_0_2076.jpeg,1,203.0213
data_clean\train\def_front\cast_def_0_5318.jpeg,1,203.1918
data_clean\train\def_front\cast_def_0_7776.jpeg,1,204.2938
data_clean\train\def_front\cast_def_0_9482.jpeg,1,204.4693
data_clean\train\def_front\cast_def_0_5004.jpeg,1,204.6050
data_clean\train\def_front\cast_def_0_2158.jpeg,1,205.9298
data_clean\train\def_front\cast_def_0_379.jpeg,1,206.2834
data_clean\val\def_front\cast_def_0_2396.jpeg,1,206.3328
data_clean\train\def_front\cast_def_0_2747.jpeg,1,207.2061
data_clean\train\def_front\cast_def_0_6479.jpeg,1,210.2755
data_clean\train\def_front\cast_def_0_4540.jpeg,1,210.5386
data_clean\train\def_front\cast_def_0_3960.jpeg,1,210.6622
data_clean\train\def_front\cast_def_0_9717.jpeg,1,210.8459
data_clean\train\def_front\cast_def_0_9903.jpeg,1,211.4840
data_clean\train\def_front\cast_def_0_4159.jpeg,1,211.9971
data_clean\train\def_front\cast_def_0_6946.jpeg,1,212.1518
data_clean\train\def_front\cast_def_0_5470.jpeg,1,212.2878
data_clean\train\def_front\cast_def_0_6451.jpeg,1,212.3695
data_clean\train\def_front\cast_def_0_958.jpeg,1,212.5750
data_clean\train\def_front\cast_def_0_8024.jpeg,1,212.6814
data_clean\train\def_front\cast_def_0_5887.jpeg,1,213.2732
data_clean\train\def_front\cast_def_0_4489.jpeg,1,213.3848
data_clean\val\def_front\cast_def_0_2339.jpeg,1,213.8810
data_clean\train\def_front\cast_def_0_9832.jpeg,1,214.0325
data_clean\val\def_front\cast_def_0_504.jpeg,1,214.1626
data_clean\train\def_front\cast_def_0_7561.jpeg,1,216.2401
data_clean\train\def_front\cast_def_0_5741.jpeg,1,216.4044
data_clean\val\def_front\new__0_2306.jpeg,1,216.8692
data_clean\train\def_front\cast_def_0_8177.jpeg,1,217.2679
data_clean\train\def_front\cast_def_0_4939.jpeg,1,217.4798
data_clean\train\def_front\cast_def_0_6915.jpeg,1,217.8963
data_clean\train\def_front\cast_def_0_5018.jpeg,1,217.9225
data_clean\train\def_front\cast_def_0_5818.jpeg,1,219.9034
data_clean\train\def_front\cast_def_0_4325.jpeg,1,219.9986
data_clean\train\def_front\cast_def_0_5995.jpeg,1,220.5002
data_clean\train\def_front\cast_def_0_4548.jpeg,1,220.7287
data_clean\train\def_front\cast_def_0_1899.jpeg,1,221.0184
data_clean\train\def_front\cast_def_0_3771.jpeg,1,221.7821
data_clean\train\def_front\cast_def_0_3882.jpeg,1,222.4534
data_clean\val\def_front\cast_def_0_1359.jpeg,1,223.1975
data_clean\train\def_front\cast_def_0_9775.jpeg,1,223.4584
data_clean\train\def_front\cast_def_0_3341.jpeg,1,224.4189
data_clean\train\def_front\cast_def_0_8191.jpeg,1,224.4695
data_clean\train\def_front\cast_def_0_970.jpeg,1,228.2498
data_clean\train\def_front\cast_def_0_6704.jpeg,1,230.2711
data_clean\val\def_front\new__0_9334.jpeg,1,235.8109
data_clean\train\def_front\cast_def_0_6401.jpeg,1,239.8087
data_clean\train\def_front\cast_def_0_6210.jpeg,1,250.9769
data_clean\train\def_front\cast_def_0_357.jpeg,1,331.6093
data_clean\train\def_front\cast_def_0_2116.jpeg,1,594.2303
data_clean\train\def_front\cast_def_0_3601.jpeg,2,9.2293
data_clean\train\def_front\cast_def_0_8474.jpeg,2,9.3165
data_clean\train\def_front\cast_def_0_5554.jpeg,2,9.6729
data_clean\val\def_front\cast_def_0_1443.jpeg,2,9.7166
data_clean\train\def_front\cast_def_0_6247.jpeg,2,9.8272
data_clean\train\def_front\cast_def_0_8736.jpeg,2,10.0014
data_clean\train\def_front\cast_def_0_6831.jpeg,2,10.1546
data_clean\train\def_front\cast_def_0_1162.jpeg,2,10.2606
data_clean\train\def_front\cast_def_0_2047.jpeg,2,10.6826
data_clean\val\def_front\cast_def_0_2510.jpeg,2,10.8449
data_clean\train\def_front\cast_def_0_7186.jpeg,2,11.0781
data_clean\train\def_front\cast_def_0_9589.jpeg,2,11.2852
data_clean\train\def_front\cast_def_0_8170.jpeg,2,11.2991
data_clean\train\def_front\cast_def_0_6794.jpeg,2,11.3409
data_clean\train\def_front\cast_def_0_1243.jpeg,2,11.4787
data_clean\train\def_front\cast_def_0_8931.jpeg,2,11.5600
data_clean\train\def_front\cast_def_0_9820.jpeg,2,11.5667
data_clean\train\def_front\cast_def_0_6494.jpeg,2,11.6107
data_clean\train\def_front\cast_def_0_6589.jpeg,2,11.6215
data_clean\train\def_front\cast_def_0_5039.jpeg,2,12.1248
data_clean\train\def_front\cast_def_0_6176.jpeg,2,12.4162
data_clean\train\def_front\cast_def_0_1781.jpeg,2,12.4996
data_clean\train\def_front\cast_def_0_5623.jpeg,2,12.5992
data_clean\train\def_front\cast_def_0_8269.jpeg,2,12.6667
data_clean\train\def_front\cast_def_0_9851.jpeg,2,12.7789
data_clean\train\def_front\cast_def_0_8611.jpeg,2,12.8044
data_clean\train\def_front\cast_def_0_6586.jpeg,2,12.8204
data_clean\train\def_front\cast_def_0_4144.jpeg,2,12.8548
data_clean\train\def_front\cast_def_0_7933.jpeg,2,12.8887
data_clean\train\def_front\cast_def_0_7196.jpeg,2,13.1761
data_clean\train\def_front\cast_def_0_81.jpeg,2,13.3085
data_clean\train\def_front\cast_def_0_9039.jpeg,2,13.4101
data_clean\train\def_front\cast_def_0_1031.jpeg,2,13.6738
data_clean\train\def_front\cast_def_0_6867.jpeg,2,13.7290
data_clean\train\def_front\cast_def_0_1019.jpeg,2,13.8220
data_clean\train\def_front\cast_def_0_204.jpeg,2,13.8335
data_clean\train\def_front\cast_def_0_3536.jpeg,2,13.9411
data_clean\val\def_front\cast_def_0_662.jpeg,2,14.0364
data_clean\train\def_front\cast_def_0_7290.jpeg,2,14.0485
data_clean\train\def_front\cast_def_0_9498.jpeg,2,14.0742
data_clean\train\def_front\cast_def_0_7382.jpeg,2,14.1414
data_clean\val\def_front\cast_def_0_9751.jpeg,2,14.1632
data_clean\train\def_front\cast_def_0_8853.jpeg,2,14.2323
data_clean\train\def_front\cast_def_0_3105.jpeg,2,14.2675
data_clean\train\def_front\cast_def_0_2898.jpeg,2,14.3191
data_clean\train\def_front\cast_def_0_5806.jpeg,2,14.3461
data_clean\train\def_front\cast_def_0_7388.jpeg,2,14.4270
data_clean\train\def_front\cast_def_0_215.jpeg,2,14.4818
data_clean\train\def_front\cast_def_0_8656.jpeg,2,14.5239
data_clean\train\def_front\cast_def_0_8709.jpeg,2,14.9317
data_clean\train\def_front\cast_def_0_6961.jpeg,2,14.9548
data_clean\train\def_front\cast_def_0_7282.jpeg,2,14.9919
data_clean\train\def_front\cast_def_0_6716.jpeg,2,14.9953
data_clean\train\def_front\cast_def_0_9179.jpeg,2,15.1352
data_clean\train\def_front\cast_def_0_5872.jpeg,2,15.2010
data_clean\train\def_front\cast_def_0_6444.jpeg,2,15.2178
data_clean\train\def_front\cast_def_0_5245.jpeg,2,15.2376
data_clean\train\def_front\cast_def_0_3890.jpeg,2,15.2739
data_clean\train\def_front\cast_def_0_4045.jpeg,2,15.2753
data_clean\val\def_front\cast_def_0_1320.jpeg,2,15.3454
data_clean\val\def_front\cast_def_0_620.jpeg,2,15.3522
data_clean\train\def_front\cast_def_0_1696.jpeg,2,15.3539
data_clean\train\def_front\cast_def_0_8167.jpeg,2,15.4080
data_clean\train\def_front\cast_def_0_5032.jpeg,2,15.4445
data_clean\train\def_front\cast_def_0_6129.jpeg,2,15.5480
data_clean\train\def_front\cast_def_0_6326.jpeg,2,15.6785
data_clean\train\def_front\cast_def_0_2531.jpeg,2,15.6991
data_clean\train\def_front\cast_def_0_5922.jpeg,2,15.7633
data_clean\train\def_front\cast_def_0_6923.jpeg,2,15.7670
data_clean\val\def_front\cast_def_0_831.jpeg,2,15.7910
data_clean\train\def_front\cast_def_0_8.jpeg,2,15.8550
data_clean\val\def_front\cast_def_0_811.jpeg,2,15.8768
data_clean\train\def_front\cast_def_0_8759.jpeg,2,15.9235
data_clean\train\def_front\cast_def_0_9937.jpeg,2,15.9756
data_clean\train\def_front\cast_def_0_8808.jpeg,2,15.9990
data_clean\train\def_front\cast_def_0_4620.jpeg,2,16.0202
data_clean\train\def_front\cast_def_0_6324.jpeg,2,16.0786
data_clean\train\def_front\cast_def_0_7096.jpeg,2,16.1578
data_clean\train\def_front\cast_def_0_7183.jpeg,2,16.4110
data_clean\train\def_front\cast_def_0_2937.jpeg,2,16.4574
data_clean\train\def_front\cast_def_0_9510.jpeg,2,16.5182
data_clean\val\def_front\cast_def_0_2156.jpeg,2,16.5311
data_clean\train\def_front\cast_def_0_4027.jpeg,2,16.5378
data_clean\train\def_front\cast_def_0_3520.jpeg,2,16.7589
data_clean\train\def_front\cast_def_0_5348.jpeg,2,16.8374
data_clean\train\def_front\cast_def_0_9982.jpeg,2,16.8924
data_clean\train\def_front\cast_def_0_2322.jpeg,2,16.9647
data_clean\train\def_front\cast_def_0_6243.jpeg,2,17.0124
data_clean\train\def_front\cast_def_0_2259.jpeg,2,17.0672
data_clean\train\def_front\cast_def_0_3173.jpeg,2,17.1473
data_clean\train\def_front\cast_def_0_5476.jpeg,2,17.1487
data_clean\train\def_front\cast_def_0_6837.jpeg,2,17.2105
data_clean\train\def_front\cast_def_0_7003.jpeg,2,17.2425
data_clean\train\def_front\cast_def_0_2866.jpeg,2,17.3149
data_clean\val\def_front\cast_def_0_1567.jpeg,2,17.4337
data_clean\train\def_front\cast_def_0_6280.jpeg,2,17.4784
data_clean\train\def_front\cast_def_0_8227.jpeg,2,17.4863
data_clean\train\def_front\cast_def_0_7404.jpeg,2,17.5111
data_clean\train\def_front\cast_def_0_7311.jpeg,2,17.5603
data_clean\train\def_front\cast_def_0_5069.jpeg,2,17.6149
data_clean\train\def_front\cast_def_0_6686.jpeg,2,17.7087
data_clean\train\def_front\cast_def_0_5890.jpeg,2,17.7155
data_clean\train\def_front\cast_def_0_3380.jpeg,2,17.7230
data_clean\train\def_front\cast_def_0_5687.jpeg,2,17.8967
data_clean\train\def_front\cast_def_0_4893.jpeg,2,17.9210
data_clean\train\def_front\cast_def_0_9927.jpeg,2,18.1001
data_clean\train\def_front\cast_def_0_2685.jpeg,2,18.1239
data_clean\train\def_front\cast_def_0_9371.jpeg,2,18.1494
data_clean\train\def_front\cast_def_0_3183.jpeg,2,18.1831
data_clean\train\def_front\cast_def_0_4450.jpeg,2,18.1934
data_clean\val\def_front\cast_def_0_1640.jpeg,2,18.2276
data_clean\train\def_front\cast_def_0_1791.jpeg,2,18.2500
data_clean\train\def_front\cast_def_0_3469.jpeg,2,18.3175
data_clean\train\def_front\cast_def_0_1025.jpeg,2,18.3436
data_clean\train\def_front\cast_def_0_9906.jpeg,2,18.3523
data_clean\train\def_front\cast_def_0_3489.jpeg,2,18.5724
data_clean\train\def_front\cast_def_0_7227.jpeg,2,18.5789
data_clean\val\def_front\cast_def_0_1269.jpeg,2,18.6482
data_clean\train\def_front\cast_def_0_4074.jpeg,2,18.6837
data_clean\train\def_front\cast_def_0_4677.jpeg,2,18.7328
data_clean\train\def_front\cast_def_0_5987.jpeg,2,18.8022
data_clean\train\def_front\cast_def_0_770.jpeg,2,19.0386
data_clean\train\def_front\cast_def_0_6776.jpeg,2,19.1159
data_clean\train\def_front\cast_def_0_6709.jpeg,2,19.2433
data_clean\train\def_front\cast_def_0_4016.jpeg,2,19.2475
data_clean\train\def_front\cast_def_0_5527.jpeg,2,19.2972
data_clean\train\def_front\cast_def_0_2435.jpeg,2,19.3034
data_clean\train\def_front\cast_def_0_5415.jpeg,2,19.3895
data_clean\train\def_front\cast_def_0_5094.jpeg,2,19.4615
data_clean\train\def_front\cast_def_0_2617.jpeg,2,19.5017
data_clean\train\def_front\cast_def_0_4928.jpeg,2,19.5049
data_clean\val\def_front\cast_def_0_1666.jpeg,2,19.6501
data_clean\train\def_front\cast_def_0_9283.jpeg,2,19.6890
data_clean\val\def_front\cast_def_0_259.jpeg,2,19.6915
data_clean\train\def_front\cast_def_0_2282.jpeg,2,19.6937
data_clean\train\def_front\cast_def_0_8027.jpeg,2,19.7088
data_clean\train\def_front\cast_def_0_4061.jpeg,2,19.7710
data_clean\train\def_front\cast_def_0_7928.jpeg,2,19.8520
data_clean\train\def_front\cast_def_0_2771.jpeg,2,19.8927
data_clean\train\def_front\cast_def_0_5252.jpeg,2,19.9089
data_clean\train\def_front\cast_def_0_8246.jpeg,2,20.1429
data_clean\train\def_front\cast_def_0_1870.jpeg,2,20.1438
data_clean\train\def_front\cast_def_0_5309.jpeg,2,20.2137
data_clean\train\def_front\cast_def_0_9870.jpeg,2,20.2226
data_clean\train\def_front\cast_def_0_7694.jpeg,2,20.3995
data_clean\val\def_front\cast_def_0_1642.jpeg,2,20.5892
data_clean\train\def_front\cast_def_0_4419.jpeg,2,20.6693
data_clean\train\def_front\cast_def_0_7750.jpeg,2,20.6937
data_clean\train\def_front\cast_def_0_3480.jpeg,2,20.7610
data_clean\train\def_front\cast_def_0_7496.jpeg,2,20.7758
data_clean\train\def_front\cast_def_0_6942.jpeg,2,20.8513
data_clean\val\def_front\cast_def_0_2319.jpeg,2,20.8862
data_clean\train\def_front\cast_def_0_8386.jpeg,2,21.0469
data_clean\train\def_front\cast_def_0_8258.jpeg,2,21.0673
data_clean\train\def_front\cast_def_0_7522.jpeg,2,21.0824
data_clean\train\def_front\cast_def_0_1847.jpeg,2,21.1568
data_clean\train\def_front\cast_def_0_4496.jpeg,2,21.2176
data_clean\train\def_front\cast_def_0_5755.jpeg,2,21.2842
data_clean\train\def_front\cast_def_0_5717.jpeg,2,21.3352
data_clean\train\def_front\cast_def_0_7090.jpeg,2,21.3808
data_clean\train\def_front\cast_def_0_3810.jpeg,2,21.3813
data_clean\train\def_front\cast_def_0_6853.jpeg,2,21.3926
data_clean\train\def_front\cast_def_0_2327.jpeg,2,21.5011
data_clean\train\def_front\cast_def_0_7597.jpeg,2,21.5106
data_clean\train\def_front\cast_def_0_7915.jpeg,2,21.5608
data_clean\train\def_front\cast_def_0_6003.jpeg,2,21.5857
data_clean\train\def_front\cast_def_0_3707.jpeg,2,21.6366
data_clean\train\def_front\cast_def_0_9014.jpeg,2,21.7682
data_clean\train\def_front\cast_def_0_8794.jpeg,2,21.7783
data_clean\train\def_front\cast_def_0_5979.jpeg,2,21.8049
data_clean\train\def_front\cast_def_0_5383.jpeg,2,21.8567
data_clean\train\def_front\cast_def_0_7257.jpeg,2,21.8665
data_clean\train\def_front\cast_def_0_3694.jpeg,2,21.9746
data_clean\train\def_front\cast_def_0_4657.jpeg,2,22.0259
data_clean\train\def_front\cast_def_0_7459.jpeg,2,22.0874
data_clean\train\def_front\cast_def_0_9591.jpeg,2,22.1128
data_clean\train\def_front\cast_def_0_2842.jpeg,2,22.1268
data_clean\train\def_front\cast_def_0_4631.jpeg,2,22.3708
data_clean\train\def_front\cast_def_0_6785.jpeg,2,22.5753
data_clean\train\def_front\cast_def_0_9396.jpeg,2,22.7345
data_clean\train\def_front\cast_def_0_7395.jpeg,2,22.8604
data_clean\train\def_front\cast_def_0_5147.jpeg,2,22.8959
data_clean\train\def_front\cast_def_0_7004.jpeg,2,22.9020
data_clean\train\def_front\cast_def_0_3811.jpeg,2,22.9900
data_clean\train\def_front\cast_def_0_7673.jpeg,2,23.0595
data_clean\train\def_front\cast_def_0_8354.jpeg,2,23.0687
data_clean\train\def_front\cast_def_0_7077.jpeg,2,23.1044
data_clean\train\def_front\cast_def_0_729.jpeg,2,23.1485
data_clean\train\def_front\cast_def_0_4951.jpeg,2,23.1915
data_clean\train\def_front\cast_def_0_9169.jpeg,2,23.1925
data_clean\train\def_front\cast_def_0_1104.jpeg,2,23.2377
data_clean\train\def_front\cast_def_0_7749.jpeg,2,23.5435
data_clean\train\def_front\cast_def_0_7219.jpeg,2,23.6088
data_clean\train\def_front\cast_def_0_8905.jpeg,2,23.6405
data_clean\val\def_front\cast_def_0_468.jpeg,2,23.6683
data_clean\train\def_front\cast_def_0_8371.jpeg,2,23.7066
data_clean\train\def_front\cast_def_0_1070.jpeg,2,23.7242
data_clean\train\def_front\cast_def_0_984.jpeg,2,23.7365
data_clean\train\def_front\cast_def_0_9443.jpeg,2,23.7848
data_clean\train\def_front\cast_def_0_8961.jpeg,2,23.8008
data_clean\val\def_front\cast_def_0_1576.jpeg,2,23.8462
data_clean\train\def_front\cast_def_0_9538.jpeg,2,23.8609
data_clean\train\def_front\cast_def_0_9180.jpeg,2,23.8658
data_clean\train\def_front\cast_def_0_4346.jpeg,2,23.8864
data_clean\train\def_front\cast_def_0_6865.jpeg,2,23.9506
data_clean\train\def_front\cast_def_0_5956.jpeg,2,23.9871
data_clean\train\def_front\cast_def_0_2871.jpeg,2,24.0946
data_clean\train\def_front\cast_def_0_3995.jpeg,2,24.2345
data_clean\train\def_front\cast_def_0_9406.jpeg,2,24.2514
data_clean\train\def_front\cast_def_0_1856.jpeg,2,24.4097
data_clean\train\def_front\cast_def_0_1799.jpeg,2,24.4233
data_clean\train\def_front\cast_def_0_7044.jpeg,2,24.4394
data_clean\val\def_front\cast_def_0_1174.jpeg,2,24.4606
data_clean\train\def_front\cast_def_0_2321.jpeg,2,24.5322
data_clean\train\def_front\cast_def_0_2519.jpeg,2,24.7210
data_clean\train\def_front\cast_def_0_2933.jpeg,2,24.7834
data_clean\train\def_front\cast_def_0_3043.jpeg,2,24.8156
data_clean\train\def_front\cast_def_0_3957.jpeg,2,24.8213
data_clean\train\def_front\cast_def_0_5242.jpeg,2,24.9349
data_clean\train\def_front\cast_def_0_5647.jpeg,2,24.9585
data_clean\train\def_front\cast_def_0_913.jpeg,2,25.0539
data_clean\train\def_front\cast_def_0_3068.jpeg,2,25.0858
data_clean\train\def_front\cast_def_0_2233.jpeg,2,25.0879
data_clean\val\def_front\cast_def_0_3446.jpeg,2,25.1058
data_clean\val\def_front\cast_def_0_9270.jpeg,2,25.1619
data_clean\train\def_front\cast_def_0_2006.jpeg,2,25.2095
data_clean\train\def_front\cast_def_0_6546.jpeg,2,25.2748
data_clean\train\def_front\cast_def_0_8516.jpeg,2,25.4012
data_clean\train\def_front\cast_def_0_6895.jpeg,2,25.4933
data_clean\train\def_front\cast_def_0_7768.jpeg,2,25.5096
data_clean\train\def_front\cast_def_0_7418.jpeg,2,25.5131
data_clean\train\def_front\cast_def_0_4709.jpeg,2,25.5142
data_clean\train\def_front\cast_def_0_5311.jpeg,2,25.5421
data_clean\train\def_front\cast_def_0_732.jpeg,2,25.5509
data_clean\train\def_front\cast_def_0_5464.jpeg,2,25.5911
data_clean\train\def_front\cast_def_0_8312.jpeg,2,25.8043
data_clean\train\def_front\cast_def_0_1804.jpeg,2,25.8142
data_clean\train\def_front\cast_def_0_2805.jpeg,2,25.8781
data_clean\train\def_front\cast_def_0_5526.jpeg,2,26.0626
data_clean\train\def_front\cast_def_0_9261.jpeg,2,26.1531
data_clean\train\def_front\cast_def_0_7486.jpeg,2,26.2528
data_clean\train\def_front\cast_def_0_1197.jpeg,2,26.3806
data_clean\train\def_front\cast_def_0_4785.jpeg,2,26.4357
data_clean\train\def_front\cast_def_0_7340.jpeg,2,26.4361
data_clean\train\def_front\cast_def_0_6287.jpeg,2,26.4458
data_clean\train\def_front\cast_def_0_9136.jpeg,2,26.5004
data_clean\val\def_front\cast_def_0_1519.jpeg,2,26.5438
data_clean\train\def_front\cast_def_0_6188.jpeg,2,26.5520
data_clean\train\def_front\cast_def_0_1454.jpeg,2,26.5746
data_clean\train\def_front\cast_def_0_2320.jpeg,2,26.5829
data_clean\train\def_front\cast_def_0_7268.jpeg,2,26.5844
data_clean\val\def_front\cast_def_0_618.jpeg,2,26.5986
data_clean\train\def_front\cast_def_0_6676.jpeg,2,26.6855
data_clean\train\def_front\cast_def_0_2808.jpeg,2,26.7147
data_clean\train\def_front\cast_def_0_2280.jpeg,2,26.7814
data_clean\train\def_front\cast_def_0_4178.jpeg,2,26.8129
data_clean\train\def_front\cast_def_0_4748.jpeg,2,26.9619
data_clean\train\def_front\cast_def_0_8347.jpeg,2,26.9812
data_clean\train\def_front\cast_def_0_7075.jpeg,2,27.0275
data_clean\train\def_front\cast_def_0_1850.jpeg,2,27.0868
data_clean\train\def_front\cast_def_0_9970.jpeg,2,27.1541
data_clean\train\def_front\cast_def_0_9723.jpeg,2,27.2219
data_clean\train\def_front\cast_def_0_2659.jpeg,2,27.2416
data_clean\val\def_front\cast_def_0_275.jpeg,2,27.3643
data_clean\train\def_front\cast_def_0_6004.jpeg,2,27.4000
data_clean\train\def_front\cast_def_0_5627.jpeg,2,27.4049
data_clean\train\def_front\cast_def_0_9153.jpeg,2,27.4051
data_clean\train\def_front\cast_def_0_8228.jpeg,2,27.4226
data_clean\train\def_front\cast_def_0_9301.jpeg,2,27.4402
data_clean\train\def_front\cast_def_0_9239.jpeg,2,27.6041
data_clean\train\def_front\cast_def_0_5089.jpeg,2,27.8418
data_clean\train\def_front\cast_def_0_5735.jpeg,2,27.8746
data_clean\train\def_front\cast_def_0_1891.jpeg,2,27.9086
data_clean\train\def_front\cast_def_0_7536.jpeg,2,28.0361
data_clean\train\def_front\cast_def_0_4926.jpeg,2,28.1082
data_clean\val\def_front\cast_def_0_118.jpeg,2,28.1086
data_clean\train\def_front\cast_def_0_6148.jpeg,2,28.1324
data_clean\train\def_front\cast_def_0_2749.jpeg,2,28.1709
data_clean\train\def_front\cast_def_0_377.jpeg,2,28.2594
data_clean\train\def_front\cast_def_0_5337.jpeg,2,28.2743
data_clean\train\def_front\cast_def_0_3090.jpeg,2,28.2884
data_clean\train\def_front\cast_def_0_3668.jpeg,2,28.3432
data_clean\train\def_front\cast_def_0_1816.jpeg,2,28.5949
data_clean\train\def_front\cast_def_0_3262.jpeg,2,28.7157
data_clean\train\def_front\cast_def_0_9609.jpeg,2,28.7978
data_clean\train\def_front\cast_def_0_1086.jpeg,2,28.8253
data_clean\train\def_front\cast_def_0_4453.jpeg,2,28.9699
data_clean\train\def_front\cast_def_0_567.jpeg,2,29.0972
data_clean\train\def_front\cast_def_0_1179.jpeg,2,29.1245
data_clean\train\def_front\cast_def_0_974.jpeg,2,29.2231
data_clean\train\def_front\cast_def_0_5964.jpeg,2,29.4190
data_clean\train\def_front\cast_def_0_1717.jpeg,2,29.5217
data_clean\train\def_front\cast_def_0_1184.jpeg,2,29.5586
data_clean\train\def_front\cast_def_0_9008.jpeg,2,29.6445
data_clean\train\def_front\cast_def_0_3432.jpeg,2,29.6790
data_clean\val\def_front\cast_def_0_2244.jpeg,2,29.7139
data_clean\train\def_front\cast_def_0_2072.jpeg,2,29.9796
data_clean\train\def_front\cast_def_0_9299.jpeg,2,30.2400
data_clean\train\def_front\cast_def_0_805.jpeg,2,30.4491
data_clean\train\def_front\cast_def_0_3115.jpeg,2,30.7586
data_clean\train\def_front\cast_def_0_8949.jpeg,2,30.9798
data_clean\train\def_front\cast_def_0_7584.jpeg,2,31.0666
data_clean\train\def_front\cast_def_0_7144.jpeg,2,31.1103
data_clean\train\def_front\cast_def_0_5814.jpeg,2,31.1557
data_clean\train\def_front\cast_def_0_9889.jpeg,2,31.2261
data_clean\train\def_front\cast_def_0_6515.jpeg,2,31.3149
data_clean\train\def_front\cast_def_0_9986.jpeg,2,31.3232
data_clean\train\def_front\cast_def_0_6648.jpeg,2,31.3317
data_clean\train\def_front\cast_def_0_8616.jpeg,2,31.4522
data_clean\train\def_front\cast_def_0_6255.jpeg,2,31.4820
data_clean\train\def_front\cast_def_0_3879.jpeg,2,31.5261
data_clean\val\def_front\cast_def_0_4156.jpeg,2,31.5555
data_clean\train\def_front\cast_def_0_5430.jpeg,2,31.6535
data_clean\train\def_front\cast_def_0_6645.jpeg,2,31.7420
data_clean\train\def_front\cast_def_0_4220.jpeg,2,31.9336
data_clean\train\def_front\cast_def_0_7155.jpeg,2,32.0488
data_clean\train\def_front\cast_def_0_7024.jpeg,2,32.0545
data_clean\train\def_front\cast_def_0_5142.jpeg,2,32.0804
data_clean\train\def_front\cast_def_0_9157.jpeg,2,32.0841
data_clean\train\def_front\cast_def_0_4505.jpeg,2,32.3466
data_clean\train\def_front\cast_def_0_9650.jpeg,2,32.5409
data_clean\train\def_front\cast_def_0_1307.jpeg,2,32.5518
data_clean\train\def_front\cast_def_0_3201.jpeg,2,32.5993
data_clean\train\def_front\cast_def_0_2656.jpeg,2,32.6026
data_clean\val\def_front\cast_def_0_1639.jpeg,2,32.7339
data_clean\train\def_front\cast_def_0_8743.jpeg,2,32.7407
data_clean\val\def_front\cast_def_0_829.jpeg,2,32.8177
data_clean\train\def_front\cast_def_0_3295.jpeg,2,32.8311
data_clean\val\def_front\cast_def_0_1608.jpeg,2,32.9692
data_clean\val\def_front\cast_def_0_708.jpeg,2,32.9796
data_clean\train\def_front\cast_def_0_2991.jpeg,2,32.9902
data_clean\train\def_front\cast_def_0_9088.jpeg,2,33.0727
data_clean\train\def_front\cast_def_0_6426.jpeg,2,33.2202
data_clean\train\def_front\cast_def_0_7800.jpeg,2,33.3051
data_clean\train\def_front\cast_def_0_6889.jpeg,2,33.3554
data_clean\train\def_front\cast_def_0_8257.jpeg,2,33.6231
data_clean\train\def_front\cast_def_0_9254.jpeg,2,33.6903
data_clean\train\def_front\cast_def_0_8718.jpeg,2,33.7563
data_clean\train\def_front\cast_def_0_6063.jpeg,2,33.8543
data_clean\train\def_front\cast_def_0_7653.jpeg,2,33.9691
data_clean\train\def_front\cast_def_0_7636.jpeg,2,33.9784
data_clean\train\def_front\cast_def_0_9032.jpeg,2,33.9888
data_clean\train\def_front\cast_def_0_8780.jpeg,2,34.1247
data_clean\train\def_front\cast_def_0_8149.jpeg,2,34.1463
data_clean\train\def_front\cast_def_0_3026.jpeg,2,34.2749
data_clean\train\def_front\cast_def_0_6868.jpeg,2,34.4267
data_clean\train\def_front\cast_def_0_97.jpeg,2,34.5247
data_clean\train\def_front\cast_def_0_5808.jpeg,2,34.5438
data_clean\train\def_front\cast_def_0_7206.jpeg,2,34.6403
data_clean\train\def_front\cast_def_0_1963.jpeg,2,34.6703
data_clean\train\def_front\cast_def_0_9560.jpeg,2,34.7720
data_clean\train\def_front\cast_def_0_7177.jpeg,2,34.8462
data_clean\train\def_front\cast_def_0_8641.jpeg,2,35.1002
data_clean\train\def_front\cast_def_0_5836.jpeg,2,35.3181
data_clean\train\def_front\cast_def_0_8104.jpeg,2,35.3456
data_clean\train\def_front\cast_def_0_9515.jpeg,2,35.3647
data_clean\train\def_front\cast_def_0_7052.jpeg,2,35.6094
data_clean\train\def_front\cast_def_0_6184.jpeg,2,35.6473
data_clean\train\def_front\cast_def_0_7067.jpeg,2,35.7008
data_clean\train\def_front\cast_def_0_2797.jpeg,2,35.7965
data_clean\train\def_front\cast_def_0_9930.jpeg,2,35.9703
data_clean\train\def_front\cast_def_0_5929.jpeg,2,35.9897
data_clean\train\def_front\cast_def_0_8959.jpeg,2,36.1255
data_clean\train\def_front\cast_def_0_938.jpeg,2,36.2319
data_clean\train\def_front\cast_def_0_4136.jpeg,2,36.3484
data_clean\val\def_front\cast_def_0_2308.jpeg,2,36.4203
data_clean\train\def_front\cast_def_0_2193.jpeg,2,36.4211
data_clean\train\def_front\cast_def_0_8134.jpeg,2,36.4514
data_clean\train\def_front\cast_def_0_9466.jpeg,2,36.5445
data_clean\train\def_front\cast_def_0_5354.jpeg,2,36.5578
data_clean\train\def_front\cast_def_0_5172.jpeg,2,36.7697
data_clean\train\def_front\cast_def_0_9448.jpeg,2,36.7700
data_clean\train\def_front\cast_def_0_9464.jpeg,2,36.9367
data_clean\train\def_front\cast_def_0_1037.jpeg,2,36.9703
data_clean\train\def_front\cast_def_0_7428.jpeg,2,37.0251
data_clean\train\def_front\cast_def_0_8923.jpeg,2,37.2702
data_clean\train\def_front\cast_def_0_8822.jpeg,2,37.2746
data_clean\train\def_front\cast_def_0_8954.jpeg,2,37.3194
data_clean\train\def_front\cast_def_0_2928.jpeg,2,37.5065
data_clean\train\def_front\cast_def_0_6464.jpeg,2,37.5077
data_clean\train\def_front\cast_def_0_8951.jpeg,2,37.5143
data_clean\train\def_front\cast_def_0_8581.jpeg,2,37.5456
data_clean\train\def_front\cast_def_0_5662.jpeg,2,37.5750
data_clean\train\def_front\cast_def_0_3202.jpeg,2,37.5843
data_clean\train\def_front\cast_def_0_7596.jpeg,2,37.5897
data_clean\train\def_front\cast_def_0_4686.jpeg,2,37.7286
data_clean\train\def_front\cast_def_0_3169.jpeg,2,37.8384
data_clean\train\def_front\cast_def_0_7456.jpeg,2,37.9153
data_clean\train\def_front\cast_def_0_5707.jpeg,2,38.0545
data_clean\train\def_front\cast_def_0_4834.jpeg,2,38.1016
data_clean\train\def_front\cast_def_0_9800.jpeg,2,38.2102
data_clean\val\def_front\cast_def_0_1596.jpeg,2,38.2509
data_clean\train\def_front\cast_def_0_1439.jpeg,2,38.2626
data_clean\train\def_front\cast_def_0_5408.jpeg,2,38.2942
data_clean\train\def_front\cast_def_0_1711.jpeg,2,38.4169
data_clean\train\def_front\cast_def_0_897.jpeg,2,38.4760
data_clean\train\def_front\cast_def_0_9253.jpeg,2,38.5169
data_clean\train\def_front\cast_def_0_8286.jpeg,2,38.5482
data_clean\train\def_front\cast_def_0_9573.jpeg,2,38.8121
data_clean\train\def_front\cast_def_0_8426.jpeg,2,38.8838
data_clean\train\def_front\cast_def_0_374.jpeg,2,39.2441
data_clean\train\def_front\cast_def_0_4204.jpeg,2,39.2644
data_clean\train\def_front\cast_def_0_9855.jpeg,2,39.3057
data_clean\train\def_front\cast_def_0_7967.jpeg,2,39.4287
data_clean\train\def_front\cast_def_0_731.jpeg,2,39.5536
data_clean\train\def_front\cast_def_0_2888.jpeg,2,39.6353
data_clean\train\def_front\cast_def_0_8851.jpeg,2,39.7392
data_clean\train\def_front\cast_def_0_1090.jpeg,2,39.9872
data_clean\val\def_front\cast_def_0_3412.jpeg,2,40.1315
data_clean\train\def_front\cast_def_0_2597.jpeg,2,40.1571
data_clean\train\def_front\cast_def_0_9975.jpeg,2,40.1831
data_clean\train\def_front\cast_def_0_5944.jpeg,2,40.3197
data_clean\train\def_front\cast_def_0_8990.jpeg,2,40.3496
data_clean\train\def_front\cast_def_0_7953.jpeg,2,40.4542
data_clean\train\def_front\cast_def_0_8401.jpeg,2,40.5527
data_clean\train\def_front\cast_def_0_6577.jpeg,2,40.7182
data_clean\train\def_front\cast_def_0_4655.jpeg,2,40.7620
data_clean\train\def_front\cast_def_0_1836.jpeg,2,41.0427
data_clean\val\def_front\cast_def_0_1422.jpeg,2,41.3002
data_clean\val\def_front\cast_def_0_456.jpeg,2,41.4391
data_clean\train\def_front\cast_def_0_9142.jpeg,2,41.5890
data_clean\train\def_front\cast_def_0_9325.jpeg,2,41.8329
data_clean\train\def_front\cast_def_0_3571.jpeg,2,41.9340
data_clean\train\def_front\cast_def_0_1817.jpeg,2,42.1568
data_clean\val\def_front\cast_def_0_280.jpeg,2,42.2150
data_clean\train\def_front\cast_def_0_6115.jpeg,2,42.2404
data_clean\train\def_front\cast_def_0_4297.jpeg,2,42.2923
data_clean\train\def_front\cast_def_0_2042.jpeg,2,42.2971
data_clean\train\def_front\cast_def_0_2291.jpeg,2,42.3089
data_clean\train\def_front\cast_def_0_4594.jpeg,2,42.4470
data_clean\train\def_front\cast_def_0_3431.jpeg,2,42.4680
data_clean\train\def_front\cast_def_0_8658.jpeg,2,42.4930
data_clean\train\def_front\cast_def_0_5731.jpeg,2,42.7735
data_clean\val\def_front\cast_def_0_552.jpeg,2,42.8153
data_clean\train\def_front\cast_def_0_3287.jpeg,2,42.9274
data_clean\train\def_front\cast_def_0_9928.jpeg,2,42.9294
data_clean\train\def_front\cast_def_0_2954.jpeg,2,42.9884
data_clean\val\def_front\cast_def_0_617.jpeg,2,42.9946
data_clean\train\def_front\cast_def_0_4326.jpeg,2,42.9977
data_clean\train\def_front\cast_def_0_5302.jpeg,2,43.1497
data_clean\train\def_front\cast_def_0_5232.jpeg,2,43.2038
data_clean\train\def_front\cast_def_0_6767.jpeg,2,43.2429
data_clean\train\def_front\cast_def_0_2248.jpeg,2,43.2489
data_clean\train\def_front\cast_def_0_8872.jpeg,2,43.2803
data_clean\train\def_front\cast_def_0_4109.jpeg,2,43.3989
data_clean\train\def_front\cast_def_0_7122.jpeg,2,43.6039
data_clean\train\def_front\cast_def_0_1953.jpeg,2,43.6703
data_clean\train\def_front\cast_def_0_5240.jpeg,2,43.6743
data_clean\train\def_front\cast_def_0_799.jpeg,2,43.6756
data_clean\train\def_front\cast_def_0_2129.jpeg,2,43.8378
data_clean\train\def_front\cast_def_0_2902.jpeg,2,43.8381
data_clean\train\def_front\cast_def_0_9130.jpeg,2,43.8744
data_clean\train\def_front\cast_def_0_8295.jpeg,2,44.0264
data_clean\train\def_front\cast_def_0_9066.jpeg,2,44.0338
data_clean\train\def_front\cast_def_0_9897.jpeg,2,44.0677
data_clean\train\def_front\cast_def_0_6585.jpeg,2,44.0951
data_clean\train\def_front\cast_def_0_5923.jpeg,2,44.1164
data_clean\val\def_front\cast_def_0_1480.jpeg,2,44.1781
data_clean\train\def_front\cast_def_0_5850.jpeg,2,44.4570
data_clean\train\def_front\cast_def_0_3853.jpeg,2,44.4747
data_clean\train\def_front\cast_def_0_6761.jpeg,2,44.6213
data_clean\train\def_front\cast_def_0_6728.jpeg,2,44.6739
data_clean\train\def_front\cast_def_0_3858.jpeg,2,44.7678
data_clean\train\def_front\cast_def_0_193.jpeg,2,44.8220
data_clean\train\def_front\cast_def_0_3742.jpeg,2,44.9028
data_clean\train\def_front\cast_def_0_9715.jpeg,2,45.0192
data_clean\train\def_front\cast_def_0_4954.jpeg,2,45.0931
data_clean\train\def_front\cast_def_0_3898.jpeg,2,45.2583
data_clean\train\def_front\cast_def_0_66.jpeg,2,45.2746
data_clean\val\def_front\cast_def_0_1536.jpeg,2,45.4262
data_clean\train\def_front\cast_def_0_5990.jpeg,2,45.4319
data_clean\train\def_front\cast_def_0_5940.jpeg,2,45.5456
data_clean\train\def_front\cast_def_0_1151.jpeg,2,45.6913
data_clean\val\def_front\cast_def_0_1636.jpeg,2,45.8147
data_clean\train\def_front\cast_def_0_7733.jpeg,2,45.8695
data_clean\train\def_front\cast_def_0_7898.jpeg,2,45.8793
data_clean\train\def_front\cast_def_0_9486.jpeg,2,45.9072
data_clean\train\def_front\cast_def_0_7885.jpeg,2,45.9900
data_clean\train\def_front\cast_def_0_3460.jpeg,2,46.0187
data_clean\train\def_front\cast_def_0_1108.jpeg,2,46.0744
data_clean\train\def_front\cast_def_0_354.jpeg,2,46.1326
data_clean\train\def_front\cast_def_0_3737.jpeg,2,46.3580
data_clean\train\def_front\cast_def_0_6687.jpeg,2,46.3806
data_clean\val\def_front\cast_def_0_1186.jpeg,2,46.3904
data_clean\train\def_front\cast_def_0_3558.jpeg,2,46.4523
data_clean\train\def_front\cast_def_0_9963.jpeg,2,46.5743
data_clean\train\def_front\cast_def_0_9555.jpeg,2,46.6082
data_clean\train\def_front\cast_def_0_2332.jpeg,2,46.6446
data_clean\train\def_front\cast_def_0_3067.jpeg,2,46.6938
data_clean\train\def_front\cast_def_0_3478.jpeg,2,46.7199
data_clean\train\def_front\cast_def_0_2542.jpeg,2,46.7539
data_clean\train\def_front\cast_def_0_9794.jpeg,2,46.7706
data_clean\train\def_front\cast_def_0_4884.jpeg,2,46.7768
data_clean\train\def_front\cast_def_0_2840.jpeg,2,46.9059
data_clean\train\def_front\cast_def_0_1001.jpeg,2,47.0771
data_clean\train\def_front\cast_def_0_8521.jpeg,2,47.3563
data_clean\val\def_front\cast_def_0_1411.jpeg,2,47.4132
data_clean\train\def_front\cast_def_0_8956.jpeg,2,47.6465
data_clean\train\def_front\cast_def_0_8362.jpeg,2,47.6513
data_clean\train\def_front\cast_def_0_6264.jpeg,2,47.7404
data_clean\train\def_front\cast_def_0_8782.jpeg,2,47.8098
data_clean\train\def_front\cast_def_0_631.jpeg,2,47.8234
data_clean\train\def_front\cast_def_0_8661.jpeg,2,47.9234
data_clean\train\def_front\cast_def_0_9467.jpeg,2,48.0561
data_clean\train\def_front\cast_def_0_7577.jpeg,2,48.1779
data_clean\val\def_front\cast_def_0_549.jpeg,2,48.2475
data_clean\train\def_front\cast_def_0_978.jpeg,2,48.3022
data_clean\train\def_front\cast_def_0_9025.jpeg,2,48.3111
data_clean\train\def_front\cast_def_0_7312.jpeg,2,48.3445
data_clean\train\def_front\cast_def_0_4900.jpeg,2,48.9285
data_clean\train\def_front\cast_def_0_6122.jpeg,2,48.9429
data_clean\train\def_front\cast_def_0_7047.jpeg,2,49.0357
data_clean\train\def_front\cast_def_0_5166.jpeg,2,49.2265
data_clean\train\def_front\cast_def_0_8604.jpeg,2,49.2543
data_clean\train\def_front\cast_def_0_6058.jpeg,2,49.3866
data_clean\train\def_front\cast_def_0_9946.jpeg,2,49.4406
data_clean\train\def_front\cast_def_0_2482.jpeg,2,49.4523
data_clean\train\def_front\cast_def_0_7939.jpeg,2,49.4947
data_clean\train\def_front\cast_def_0_5858.jpeg,2,49.5441
data_clean\train\def_front\cast_def_0_6213.jpeg,2,49.5631
data_clean\train\def_front\cast_def_0_5221.jpeg,2,49.6030
data_clean\train\def_front\cast_def_0_520.jpeg,2,49.7352
data_clean\train\def_front\cast_def_0_4947.jpeg,2,49.7765
data_clean\val\def_front\cast_def_0_2479.jpeg,2,49.7966
data_clean\train\def_front\cast_def_0_5394.jpeg,2,49.8619
data_clean\train\def_front\cast_def_0_9908.jpeg,2,49.9580
data_clean\train\def_front\cast_def_0_4375.jpeg,2,49.9842
data_clean\train\def_front\cast_def_0_6342.jpeg,2,50.1989
data_clean\train\def_front\cast_def_0_757.jpeg,2,50.2264
data_clean\val\def_front\cast_def_0_1400.jpeg,2,50.2747
data_clean\train\def_front\cast_def_0_1360.jpeg,2,50.2883
data_clean\train\def_front\cast_def_0_5787.jpeg,2,50.3008
data_clean\train\def_front\cast_def_0_7458.jpeg,2,50.3480
data_clean\train\def_front\cast_def_0_3874.jpeg,2,50.3756
data_clean\train\def_front\cast_def_0_4835.jpeg,2,50.6920
data_clean\train\def_front\cast_def_0_314.jpeg,2,50.7452
data_clean\train\def_front\cast_def_0_6269.jpeg,2,50.7759
data_clean\train\def_front\cast_def_0_1306.jpeg,2,50.9578
data_clean\train\def_front\cast_def_0_3764.jpeg,2,50.9940
data_clean\train\def_front\cast_def_0_1209.jpeg,2,51.1588
data_clean\val\def_front\cast_def_0_485.jpeg,2,51.1902
data_clean\train\def_front\cast_def_0_6189.jpeg,2,51.1983
data_clean\train\def_front\cast_def_0_9319.jpeg,2,51.2044
data_clean\train\def_front\cast_def_0_8320.jpeg,2,51.2606
data_clean\val\def_front\cast_def_0_1935.jpeg,2,51.3009
data_clean\train\def_front\cast_def_0_7473.jpeg,2,51.3777
data_clean\train\def_front\cast_def_0_882.jpeg,2,51.5407
data_clean\train\def_front\cast_def_0_9750.jpeg,2,51.5643
data_clean\train\def_front\cast_def_0_2608.jpeg,2,51.7027
data_clean\train\def_front\cast_def_0_9231.jpeg,2,51.7977
data_clean\train\def_front\cast_def_0_3901.jpeg,2,51.8705
data_clean\train\def_front\cast_def_0_4260.jpeg,2,51.8770
data_clean\train\def_front\cast_def_0_6090.jpeg,2,51.9054
data_clean\train\def_front\cast_def_0_6754.jpeg,2,51.9411
data_clean\train\def_front\cast_def_0_4773.jpeg,2,51.9978
data_clean\train\def_front\cast_def_0_6552.jpeg,2,52.0593
data_clean\train\def_front\cast_def_0_4546.jpeg,2,52.2620
data_clean\train\def_front\cast_def_0_8478.jpeg,2,52.5742
data_clean\train\def_front\cast_def_0_5517.jpeg,2,52.5828
data_clean\val\def_front\cast_def_0_442.jpeg,2,52.6539
data_clean\train\def_front\cast_def_0_6298.jpeg,2,52.7076
data_clean\train\def_front\cast_def_0_5290.jpeg,2,52.7119
data_clean\train\def_front\cast_def_0_200.jpeg,2,52.8382
data_clean\train\def_front\cast_def_0_4480.jpeg,2,52.9431
data_clean\train\def_front\cast_def_0_5341.jpeg,2,52.9856
data_clean\train\def_front\cast_def_0_7855.jpeg,2,53.0158
data_clean\train\def_front\cast_def_0_3952.jpeg,2,53.0878
data_clean\train\def_front\cast_def_0_9888.jpeg,2,53.0967
data_clean\train\def_front\cast_def_0_3050.jpeg,2,53.2471
data_clean\train\def_front\cast_def_0_9660.jpeg,2,53.3334
data_clean\train\def_front\cast_def_0_9468.jpeg,2,53.4060
data_clean\train\def_front\cast_def_0_4957.jpeg,2,53.4363
data_clean\train\def_front\cast_def_0_4908.jpeg,2,53.5509
data_clean\train\def_front\cast_def_0_9705.jpeg,2,53.6457
data_clean\val\def_front\cast_def_0_65.jpeg,2,53.7963
data_clean\train\def_front\cast_def_0_4357.jpeg,2,53.8054
data_clean\train\def_front\cast_def_0_6154.jpeg,2,53.8369
data_clean\train\def_front\cast_def_0_3821.jpeg,2,53.9245
data_clean\train\def_front\cast_def_0_6801.jpeg,2,53.9632
data_clean\train\def_front\cast_def_0_5081.jpeg,2,53.9690
data_clean\train\def_front\cast_def_0_7298.jpeg,2,54.1944
data_clean\train\def_front\cast_def_0_2939.jpeg,2,54.2356
data_clean\train\def_front\cast_def_0_3883.jpeg,2,54.5362
data_clean\train\def_front\cast_def_0_3485.jpeg,2,54.5732
data_clean\train\def_front\cast_def_0_8755.jpeg,2,54.5934
data_clean\train\def_front\cast_def_0_4401.jpeg,2,54.5942
data_clean\train\def_front\cast_def_0_6023.jpeg,2,54.6139
data_clean\train\def_front\cast_def_0_7265.jpeg,2,54.6282
data_clean\train\def_front\cast_def_0_8179.jpeg,2,54.7300
data_clean\train\def_front\cast_def_0_4434.jpeg,2,54.7901
data_clean\train\def_front\cast_def_0_3527.jpeg,2,54.8379
data_clean\train\def_front\cast_def_0_3329.jpeg,2,54.8591
data_clean\train\def_front\cast_def_0_9404.jpeg,2,54.9115
data_clean\val\def_front\cast_def_0_2392.jpeg,2,54.9598
data_clean\train\def_front\cast_def_0_9193.jpeg,2,55.0507
data_clean\train\def_front\cast_def_0_8550.jpeg,2,55.0753
data_clean\train\def_front\cast_def_0_2050.jpeg,2,55.0994
data_clean\train\def_front\cast_def_0_3188.jpeg,2,55.1625
data_clean\train\def_front\cast_def_0_1087.jpeg,2,55.2718
data_clean\train\def_front\cast_def_0_8032.jpeg,2,55.4790
data_clean\train\def_front\cast_def_0_8501.jpeg,2,55.5254
data_clean\train\def_front\cast_def_0_2814.jpeg,2,55.6539
data_clean\train\def_front\cast_def_0_5294.jpeg,2,55.8445
data_clean\train\def_front\cast_def_0_2754.jpeg,2,55.8770
data_clean\train\def_front\cast_def_0_7679.jpeg,2,55.8965
data_clean\train\def_front\cast_def_0_1112.jpeg,2,56.0461
data_clean\train\def_front\cast_def_0_7318.jpeg,2,56.0512
data_clean\val\def_front\cast_def_0_514.jpeg,2,56.0577
data_clean\train\def_front\cast_def_0_8652.jpeg,2,56.2340
data_clean\train\def_front\cast_def_0_4936.jpeg,2,56.2895
data_clean\train\def_front\cast_def_0_9700.jpeg,2,56.5552
data_clean\val\def_front\cast_def_0_1589.jpeg,2,56.7324
data_clean\train\def_front\cast_def_0_6885.jpeg,2,56.8080
data_clean\train\def_front\cast_def_0_5634.jpeg,2,56.9252
data_clean\train\def_front\cast_def_0_5028.jpeg,2,57.0256
data_clean\train\def_front\cast_def_0_9695.jpeg,2,57.0504
data_clean\train\def_front\cast_def_0_8910.jpeg,2,57.0832
data_clean\train\def_front\cast_def_0_3857.jpeg,2,57.2059
data_clean\train\def_front\cast_def_0_2325.jpeg,2,57.4905
data_clean\train\def_front\cast_def_0_3892.jpeg,2,57.5257
data_clean\train\def_front\cast_def_0_8698.jpeg,2,57.5640
data_clean\val\def_front\cast_def_0_1477.jpeg,2,57.6675
data_clean\val\def_front\cast_def_0_9991.jpeg,2,57.8873
data_clean\train\def_front\cast_def_0_6089.jpeg,2,57.9394
data_clean\val\def_front\cast_def_0_4186.jpeg,2,58.0506
data_clean\train\def_front\cast_def_0_8156.jpeg,2,58.0778
data_clean\train\def_front\cast_def_0_6074.jpeg,2,58.3331
data_clean\train\def_front\cast_def_0_6206.jpeg,2,58.3564
data_clean\train\def_front\cast_def_0_1407.jpeg,2,58.5924
data_clean\train\def_front\cast_def_0_7516.jpeg,2,58.7558
data_clean\train\def_front\cast_def_0_3692.jpeg,2,58.7592
data_clean\train\def_front\cast_def_0_9604.jpeg,2,58.8109
data_clean\train\def_front\cast_def_0_6120.jpeg,2,58.8829
data_clean\train\def_front\cast_def_0_3414.jpeg,2,58.9541
data_clean\train\def_front\cast_def_0_3739.jpeg,2,59.0226
data_clean\train\def_front\cast_def_0_467.jpeg,2,59.0337
data_clean\train\def_front\cast_def_0_5084.jpeg,2,59.4464
data_clean\train\def_front\cast_def_0_5225.jpeg,2,59.5881
data_clean\train\def_front\cast_def_0_2779.jpeg,2,59.6035
data_clean\train\def_front\cast_def_0_9024.jpeg,2,59.7083
data_clean\train\def_front\cast_def_0_5239.jpeg,2,59.7161
data_clean\train\def_front\cast_def_0_8187.jpeg,2,59.7271
data_clean\train\def_front\cast_def_0_74.jpeg,2,59.7728
data_clean\train\def_front\cast_def_0_9785.jpeg,2,59.8551
data_clean\train\def_front\cast_def_0_4307.jpeg,2,60.2232
data_clean\train\def_front\cast_def_0_3314.jpeg,2,60.3130
data_clean\train\def_front\cast_def_0_4765.jpeg,2,60.4557
data_clean\train\def_front\cast_def_0_7627.jpeg,2,60.5144
data_clean\train\def_front\cast_def_0_1092.jpeg,2,60.6407
data_clean\train\def_front\cast_def_0_4914.jpeg,2,60.7252
data_clean\train\def_front\cast_def_0_5673.jpeg,2,60.7665
data_clean\train\def_front\cast_def_0_203.jpeg,2,60.9403
data_clean\train\def_front\cast_def_0_4544.jpeg,2,61.0351
data_clean\train\def_front\cast_def_0_5286.jpeg,2,61.0393
data_clean\train\def_front\cast_def_0_7237.jpeg,2,61.1025
data_clean\train\def_front\cast_def_0_2011.jpeg,2,61.1291
data_clean\train\def_front\cast_def_0_6250.jpeg,2,61.2103
data_clean\train\def_front\cast_def_0_7689.jpeg,2,61.3245
data_clean\train\def_front\cast_def_0_5529.jpeg,2,61.5466
data_clean\train\def_front\cast_def_0_3479.jpeg,2,61.8359
data_clean\train\def_front\cast_def_0_5776.jpeg,2,61.8503
data_clean\train\def_front\cast_def_0_8867.jpeg,2,62.2351
data_clean\train\def_front\cast_def_0_7873.jpeg,2,62.3839
data_clean\train\def_front\cast_def_0_6944.jpeg,2,62.4463
data_clean\train\def_front\cast_def_0_5203.jpeg,2,62.4976
data_clean\train\def_front\cast_def_0_8119.jpeg,2,62.6039
data_clean\train\def_front\cast_def_0_3631.jpeg,2,62.6536
data_clean\val\def_front\cast_def_0_7271.jpeg,2,62.7284
data_clean\train\def_front\cast_def_0_2045.jpeg,2,62.8016
data_clean\val\def_front\cast_def_0_15.jpeg,2,62.8229
data_clean\train\def_front\cast_def_0_6734.jpeg,2,62.8369
data_clean\train\def_front\cast_def_0_9825.jpeg,2,62.8607
data_clean\train\def_front\cast_def_0_3036.jpeg,2,62.9245
data_clean\train\def_front\cast_def_0_9355.jpeg,2,62.9757
data_clean\train\def_front\cast_def_0_9671.jpeg,2,62.9869
data_clean\train\def_front\cast_def_0_1896.jpeg,2,63.0648
data_clean\train\def_front\cast_def_0_122.jpeg,2,63.1832
data_clean\train\def_front\cast_def_0_7489.jpeg,2,63.1880
data_clean\val\def_front\cast_def_0_1413.jpeg,2,63.1897
data_clean\train\def_front\cast_def_0_5918.jpeg,2,63.2499
data_clean\train\def_front\cast_def_0_6703.jpeg,2,63.3061
data_clean\train\def_front\cast_def_0_8201.jpeg,2,63.3657
data_clean\train\def_front\cast_def_0_9150.jpeg,2,63.4330
data_clean\train\def_front\cast_def_0_9689.jpeg,2,63.5202
data_clean\train\def_front\cast_def_0_6495.jpeg,2,63.5371
data_clean\val\def_front\cast_def_0_1586.jpeg,2,63.5619
data_clean\val\def_front\cast_def_0_4164.jpeg,2,63.8277
data_clean\train\def_front\cast_def_0_5259.jpeg,2,63.8792
data_clean\train\def_front\cast_def_0_3829.jpeg,2,63.8843
data_clean\train\def_front\cast_def_0_9627.jpeg,2,63.9450
data_clean\train\def_front\cast_def_0_2256.jpeg,2,63.9804
data_clean\train\def_front\cast_def_0_6067.jpeg,2,64.0373
data_clean\train\def_front\cast_def_0_2433.jpeg,2,64.2750
data_clean\train\def_front\cast_def_0_8203.jpeg,2,64.3553
data_clean\train\def_front\cast_def_0_3496.jpeg,2,64.4292
data_clean\train\def_front\cast_def_0_9483.jpeg,2,64.4546
data_clean\train\def_front\cast_def_0_5192.jpeg,2,64.5231
data_clean\train\def_front\cast_def_0_7501.jpeg,2,64.6104
data_clean\train\def_front\cast_def_0_908.jpeg,2,64.6440
data_clean\train\def_front\cast_def_0_1860.jpeg,2,64.7784
data_clean\train\def_front\cast_def_0_6947.jpeg,2,64.8747
data_clean\train\def_front\cast_def_0_1727.jpeg,2,64.9223
data_clean\train\def_front\cast_def_0_8821.jpeg,2,65.0145
data_clean\train\def_front\cast_def_0_8215.jpeg,2,65.1209
data_clean\train\def_front\cast_def_0_4654.jpeg,2,65.1675
data_clean\train\def_front\cast_def_0_2785.jpeg,2,65.2245
data_clean\train\def_front\cast_def_0_3003.jpeg,2,65.2561
data_clean\train\def_front\cast_def_0_6301.jpeg,2,65.3304
data_clean\val\def_front\cast_def_0_1660.jpeg,2,65.3309
data_clean\train\def_front\cast_def_0_5631.jpeg,2,65.4539
data_clean\val\def_front\cast_def_0_1645.jpeg,2,65.5082
data_clean\train\def_front\cast_def_0_9864.jpeg,2,65.5189
data_clean\train\def_front\cast_def_0_5325.jpeg,2,65.5304
data_clean\train\def_front\cast_def_0_5859.jpeg,2,65.5545
data_clean\train\def_front\cast_def_0_8888.jpeg,2,65.6471
data_clean\train\def_front\cast_def_0_9277.jpeg,2,65.6685
data_clean\train\def_front\cast_def_0_9387.jpeg,2,65.6901
data_clean\train\def_front\cast_def_0_3403.jpeg,2,65.6972
data_clean\train\def_front\cast_def_0_4102.jpeg,2,65.8303
data_clean\train\def_front\cast_def_0_7778.jpeg,2,66.0206
data_clean\train\def_front\cast_def_0_3498.jpeg,2,66.0276
data_clean\val\def_front\cast_def_0_291.jpeg,2,66.0488
data_clean\train\def_front\cast_def_0_1369.jpeg,2,66.1193
data_clean\val\def_front\cast_def_0_703.jpeg,2,66.2132
data_clean\train\def_front\cast_def_0_3805.jpeg,2,66.3046
data_clean\val\def_front\cast_def_0_2393.jpeg,2,66.3872
data_clean\train\def_front\cast_def_0_7114.jpeg,2,66.4544
data_clean\train\def_front\cast_def_0_9956.jpeg,2,66.5659
data_clean\train\def_front\cast_def_0_7432.jpeg,2,66.5735
data_clean\train\def_front\cast_def_0_4123.jpeg,2,66.7251
data_clean\train\def_front\cast_def_0_9921.jpeg,2,66.8700
data_clean\val\def_front\cast_def_0_2451.jpeg,2,67.1136
data_clean\train\def_front\cast_def_0_9006.jpeg,2,67.1331
data_clean\train\def_front\cast_def_0_2400.jpeg,2,67.3003
data_clean\val\def_front\cast_def_0_499.jpeg,2,67.3761
data_clean\train\def_front\cast_def_0_7026.jpeg,2,67.5267
data_clean\train\def_front\cast_def_0_5820.jpeg,2,67.7188
data_clean\train\def_front\cast_def_0_5040.jpeg,2,67.7252
data_clean\train\def_front\cast_def_0_526.jpeg,2,67.8221
data_clean\train\def_front\cast_def_0_8055.jpeg,2,68.3651
data_clean\train\def_front\cast_def_0_9602.jpeg,2,68.4024
data_clean\train\def_front\cast_def_0_3659.jpeg,2,68.4469
data_clean\val\def_front\cast_def_0_1509.jpeg,2,68.7202
data_clean\train\def_front\cast_def_0_1457.jpeg,2,68.7318
data_clean\train\def_front\cast_def_0_9816.jpeg,2,68.9994
data_clean\train\def_front\cast_def_0_211.jpeg,2,69.1399
data_clean\train\def_front\cast_def_0_5323.jpeg,2,69.3324
data_clean\train\def_front\cast_def_0_3254.jpeg,2,69.4270
data_clean\train\def_front\cast_def_0_2735.jpeg,2,69.5127
data_clean\train\def_front\cast_def_0_4103.jpeg,2,69.7147
data_clean\val\def_front\cast_def_0_2341.jpeg,2,69.7834
data_clean\train\def_front\cast_def_0_5819.jpeg,2,69.9945
data_clean\train\def_front\cast_def_0_3765.jpeg,2,70.0128
data_clean\train\def_front\cast_def_0_1276.jpeg,2,70.1519
data_clean\train\def_front\cast_def_0_2523.jpeg,2,70.1705
data_clean\train\def_front\cast_def_0_2426.jpeg,2,70.2308
data_clean\train\def_front\cast_def_0_1113.jpeg,2,70.2717
data_clean\train\def_front\cast_def_0_3834.jpeg,2,70.3601
data_clean\train\def_front\cast_def_0_191.jpeg,2,70.4352
data_clean\train\def_front\cast_def_0_8557.jpeg,2,70.5057
data_clean\train\def_front\cast_def_0_8504.jpeg,2,70.5491
data_clean\train\def_front\cast_def_0_2122.jpeg,2,70.7868
data_clean\train\def_front\cast_def_0_3046.jpeg,2,71.2848
data_clean\train\def_front\cast_def_0_5525.jpeg,2,71.3770
data_clean\train\def_front\cast_def_0_9259.jpeg,2,71.6138
data_clean\train\def_front\cast_def_0_9463.jpeg,2,71.6551
data_clean\train\def_front\cast_def_0_7394.jpeg,2,71.9131
data_clean\train\def_front\cast_def_0_41.jpeg,2,71.9273
data_clean\train\def_front\cast_def_0_7827.jpeg,2,72.0541
data_clean\train\def_front\cast_def_0_4552.jpeg,2,72.1222
data_clean\val\def_front\cast_def_0_1614.jpeg,2,72.1765
data_clean\train\def_front\cast_def_0_936.jpeg,2,72.2612
data_clean\train\def_front\cast_def_0_653.jpeg,2,72.2881
data_clean\train\def_front\cast_def_0_8783.jpeg,2,72.3461
data_clean\train\def_front\cast_def_0_8329.jpeg,2,72.3872
data_clean\train\def_front\cast_def_0_9430.jpeg,2,72.4495
data_clean\train\def_front\cast_def_0_1966.jpeg,2,72.4618
data_clean\train\def_front\cast_def_0_9634.jpeg,2,72.6062
data_clean\train\def_front\cast_def_0_8192.jpeg,2,72.6509
data_clean\val\def_front\cast_def_0_1678.jpeg,2,72.7791
data_clean\train\def_front\cast_def_0_8256.jpeg,2,72.8008
data_clean\train\def_front\cast_def_0_3161.jpeg,2,72.8338
data_clean\train\def_front\cast_def_0_7718.jpeg,2,72.9057
data_clean\train\def_front\cast_def_0_5199.jpeg,2,72.9080
data_clean\train\def_front\cast_def_0_7093.jpeg,2,72.9371
data_clean\train\def_front\cast_def_0_327.jpeg,2,72.9565
data_clean\val\def_front\cast_def_0_2526.jpeg,2,73.1790
data_clean\train\def_front\cast_def_0_3019.jpeg,2,73.1948
data_clean\train\def_front\cast_def_0_9852.jpeg,2,73.2611
data_clean\train\def_front\cast_def_0_750.jpeg,2,73.2866
data_clean\train\def_front\cast_def_0_7896.jpeg,2,73.4115
data_clean\train\def_front\cast_def_0_3182.jpeg,2,73.4494
data_clean\train\def_front\cast_def_0_8630.jpeg,2,73.4922
data_clean\train\def_front\cast_def_0_7021.jpeg,2,73.5741
data_clean\train\def_front\cast_def_0_7825.jpeg,2,73.5815
data_clean\train\def_front\cast_def_0_7357.jpeg,2,73.5921
data_clean\train\def_front\cast_def_0_3292.jpeg,2,73.7792
data_clean\train\def_front\cast_def_0_8659.jpeg,2,73.7823
data_clean\train\def_front\cast_def_0_9033.jpeg,2,73.7874
data_clean\train\def_front\cast_def_0_4507.jpeg,2,73.9112
data_clean\train\def_front\cast_def_0_7911.jpeg,2,73.9137
data_clean\train\def_front\cast_def_0_1239.jpeg,2,74.1445
data_clean\train\def_front\cast_def_0_8915.jpeg,2,74.1745
data_clean\val\def_front\cast_def_0_1535.jpeg,2,74.2638
data_clean\train\def_front\cast_def_0_499.jpeg,2,74.4014
data_clean\train\def_front\cast_def_0_2186.jpeg,2,74.8485
data_clean\train\def_front\cast_def_0_1074.jpeg,2,74.9188
data_clean\train\def_front\cast_def_0_3654.jpeg,2,75.1082
data_clean\train\def_front\cast_def_0_40.jpeg,2,75.3934
data_clean\train\def_front\cast_def_0_6224.jpeg,2,75.6448
data_clean\train\def_front\cast_def_0_3663.jpeg,2,75.6652
data_clean\val\def_front\cast_def_0_983.jpeg,2,75.7207
data_clean\val\def_front\cast_def_0_143.jpeg,2,75.7548
data_clean\val\def_front\cast_def_0_147.jpeg,2,75.9370
data_clean\train\def_front\cast_def_0_7630.jpeg,2,75.9475
data_clean\val\def_front\cast_def_0_1352.jpeg,2,76.0880
data_clean\train\def_front\cast_def_0_7743.jpeg,2,76.1006
data_clean\val\def_front\cast_def_0_1585.jpeg,2,76.3408
data_clean\train\def_front\cast_def_0_4494.jpeg,2,76.3837
data_clean\train\def_front\cast_def_0_7816.jpeg,2,76.5391
data_clean\train\def_front\cast_def_0_3025.jpeg,2,76.7018
data_clean\train\def_front\cast_def_0_5257.jpeg,2,76.7992
data_clean\train\def_front\cast_def_0_4387.jpeg,2,76.9156
data_clean\train\def_front\cast_def_0_7214.jpeg,2,76.9369
data_clean\train\def_front\cast_def_0_3208.jpeg,2,77.0603
data_clean\train\def_front\cast_def_0_6227.jpeg,2,77.1271
data_clean\train\def_front\cast_def_0_1689.jpeg,2,77.2436
data_clean\train\def_front\cast_def_0_2899.jpeg,2,77.2646
data_clean\train\def_front\cast_def_0_2348.jpeg,2,77.3991
data_clean\train\def_front\cast_def_0_8011.jpeg,2,77.4048
data_clean\train\def_front\cast_def_0_928.jpeg,2,77.4728
data_clean\train\def_front\cast_def_0_2121.jpeg,2,77.4928
data_clean\val\def_front\cast_def_0_2299.jpeg,2,77.7376
data_clean\train\def_front\cast_def_0_6322.jpeg,2,77.8217
data_clean\train\def_front\cast_def_0_8617.jpeg,2,78.2461
data_clean\train\def_front\cast_def_0_5904.jpeg,2,78.3527
data_clean\val\def_front\cast_def_0_586.jpeg,2,78.3592
data_clean\train\def_front\cast_def_0_3925.jpeg,2,78.4946
data_clean\train\def_front\cast_def_0_2197.jpeg,2,78.5954
data_clean\train\def_front\cast_def_0_5003.jpeg,2,78.6679
data_clean\train\def_front\cast_def_0_2415.jpeg,2,78.7262
data_clean\train\def_front\cast_def_0_5722.jpeg,2,78.9483
data_clean\train\def_front\cast_def_0_8612.jpeg,2,79.0130
data_clean\train\def_front\cast_def_0_4918.jpeg,2,79.0743
data_clean\val\def_front\cast_def_0_4198.jpeg,2,79.1492
data_clean\train\def_front\cast_def_0_4484.jpeg,2,79.1497
data_clean\train\def_front\cast_def_0_1000.jpeg,2,79.2080
data_clean\train\def_front\cast_def_0_496.jpeg,2,79.3353
data_clean\val\def_front\cast_def_0_2247.jpeg,2,79.4358
data_clean\val\def_front\cast_def_0_515.jpeg,2,79.6666
data_clean\train\def_front\cast_def_0_9244.jpeg,2,79.6907
data_clean\val\def_front\cast_def_0_1517.jpeg,2,79.8395
data_clean\train\def_front\cast_def_0_5941.jpeg,2,79.9066
data_clean\train\def_front\cast_def_0_2347.jpeg,2,79.9147
data_clean\train\def_front\cast_def_0_2024.jpeg,2,80.0705
data_clean\train\def_front\cast_def_0_5604.jpeg,2,80.1003
data_clean\train\def_front\cast_def_0_3676.jpeg,2,80.1230
data_clean\train\def_front\cast_def_0_1286.jpeg,2,80.1519
data_clean\train\def_front\cast_def_0_5393.jpeg,2,80.1799
data_clean\train\def_front\cast_def_0_4046.jpeg,2,80.3388
data_clean\train\def_front\cast_def_0_7281.jpeg,2,80.3650
data_clean\train\def_front\cast_def_0_5812.jpeg,2,80.3730
data_clean\train\def_front\cast_def_0_7415.jpeg,2,80.5751
data_clean\train\def_front\cast_def_0_1918.jpeg,2,80.9246
data_clean\train\def_front\cast_def_0_9678.jpeg,2,81.2878
data_clean\train\def_front\cast_def_0_2224.jpeg,2,81.4781
data_clean\train\def_front\cast_def_0_5041.jpeg,2,81.8290
data_clean\train\def_front\cast_def_0_4736.jpeg,2,81.8588
data_clean\train\def_front\cast_def_0_6179.jpeg,2,81.9327
data_clean\train\def_front\cast_def_0_6749.jpeg,2,81.9425
data_clean\train\def_front\cast_def_0_4861.jpeg,2,82.2262
data_clean\train\def_front\cast_def_0_4509.jpeg,2,82.2818
data_clean\train\def_front\cast_def_0_8975.jpeg,2,82.5441
data_clean\val\def_front\cast_def_0_340.jpeg,2,82.5466
data_clean\train\def_front\cast_def_0_9138.jpeg,2,82.5832
data_clean\train\def_front\cast_def_0_4740.jpeg,2,82.8241
data_clean\train\def_front\cast_def_0_5811.jpeg,2,82.8334
data_clean\train\def_front\cast_def_0_3299.jpeg,2,83.2394
data_clean\val\def_front\cast_def_0_88.jpeg,2,83.3606
data_clean\train\def_front\cast_def_0_8111.jpeg,2,83.5438
data_clean\train\def_front\cast_def_0_7865.jpeg,2,83.5746
data_clean\train\def_front\cast_def_0_7761.jpeg,2,83.5987
data_clean\train\def_front\cast_def_0_471.jpeg,2,83.7518
data_clean\train\def_front\cast_def_0_7641.jpeg,2,83.8748
data_clean\train\def_front\cast_def_0_4948.jpeg,2,83.9924
data_clean\train\def_front\cast_def_0_6668.jpeg,2,84.1366
data_clean\train\def_front\cast_def_0_1154.jpeg,2,84.2402
data_clean\train\def_front\cast_def_0_110.jpeg,2,84.3325
data_clean\train\def_front\cast_def_0_7620.jpeg,2,84.3930
data_clean\train\def_front\cast_def_0_9707.jpeg,2,84.4763
data_clean\train\def_front\cast_def_0_1204.jpeg,2,84.5670
data_clean\train\def_front\cast_def_0_9740.jpeg,2,84.6017
data_clean\train\def_front\cast_def_0_4761.jpeg,2,84.6924
data_clean\train\def_front\cast_def_0_4924.jpeg,2,84.7062
data_clean\train\def_front\cast_def_0_7104.jpeg,2,84.7451
data_clean\val\def_front\cast_def_0_436.jpeg,2,85.1512
data_clean\train\def_front\cast_def_0_9107.jpeg,2,85.1710
data_clean\train\def_front\cast_def_0_7040.jpeg,2,85.2135
data_clean\train\def_front\cast_def_0_6207.jpeg,2,85.2690
data_clean\train\def_front\cast_def_0_1107.jpeg,2,85.3621
data_clean\train\def_front\cast_def_0_9892.jpeg,2,85.3630
data_clean\train\def_front\cast_def_0_3167.jpeg,2,85.4184
data_clean\train\def_front\cast_def_0_3973.jpeg,2,85.4660
data_clean\val\def_front\cast_def_0_2422.jpeg,2,85.5248
data_clean\train\def_front\cast_def_0_1997.jpeg,2,85.6481
data_clean\train\def_front\cast_def_0_9422.jpeg,2,85.7048
data_clean\val\def_front\new__0_4483.jpeg,2,85.7764
data_clean\train\def_front\cast_def_0_4797.jpeg,2,85.8202
data_clean\train\def_front\cast_def_0_6547.jpeg,2,85.8404
data_clean\train\def_front\cast_def_0_4615.jpeg,2,85.8860
data_clean\train\def_front\cast_def_0_7335.jpeg,2,85.9658
data_clean\train\def_front\cast_def_0_4963.jpeg,2,86.0148
data_clean\train\def_front\cast_def_0_6525.jpeg,2,86.0333
data_clean\train\def_front\cast_def_0_2405.jpeg,2,86.2392
data_clean\train\def_front\cast_def_0_7700.jpeg,2,86.2922
data_clean\train\def_front\cast_def_0_9109.jpeg,2,86.3643
data_clean\train\def_front\cast_def_0_3336.jpeg,2,86.3714
data_clean\train\def_front\cast_def_0_3272.jpeg,2,86.3984
data_clean\train\def_front\cast_def_0_1920.jpeg,2,86.4246
data_clean\train\def_front\cast_def_0_411.jpeg,2,86.4362
data_clean\train\def_front\cast_def_0_6167.jpeg,2,86.4656
data_clean\val\def_front\cast_def_0_480.jpeg,2,86.4943
data_clean\train\def_front\cast_def_0_9047.jpeg,2,86.7202
data_clean\train\def_front\cast_def_0_5719.jpeg,2,86.7582
data_clean\train\def_front\cast_def_0_330.jpeg,2,86.7720
data_clean\train\def_front\cast_def_0_4327.jpeg,2,87.0129
data_clean\train\def_front\cast_def_0_7976.jpeg,2,87.1327
data_clean\train\def_front\cast_def_0_1127.jpeg,2,87.4275
data_clean\train\def_front\cast_def_0_3073.jpeg,2,87.5682
data_clean\train\def_front\cast_def_0_7327.jpeg,2,87.6705
data_clean\train\def_front\cast_def_0_8470.jpeg,2,87.6861
data_clean\train\def_front\cast_def_0_8943.jpeg,2,87.7735
data_clean\train\def_front\cast_def_0_8093.jpeg,2,87.7984
data_clean\train\def_front\cast_def_0_7163.jpeg,2,87.8969
data_clean\val\def_front\cast_def_0_1634.jpeg,2,87.9365
data_clean\train\def_front\cast_def_0_2403.jpeg,2,88.5042
data_clean\train\def_front\cast_def_0_9075.jpeg,2,88.5271
data_clean\val\def_front\cast_def_0_7454.jpeg,2,88.6815
data_clean\train\def_front\cast_def_0_838.jpeg,2,88.6923
data_clean\train\def_front\cast_def_0_9808.jpeg,2,88.7401
data_clean\train\def_front\cast_def_0_5310.jpeg,2,88.8925
data_clean\train\def_front\cast_def_0_4475.jpeg,2,88.9048
data_clean\train\def_front\cast_def_0_9470.jpeg,2,89.1205
data_clean\train\def_front\cast_def_0_872.jpeg,2,89.3765
data_clean\train\def_front\cast_def_0_9647.jpeg,2,89.6195
data_clean\train\def_front\cast_def_0_8720.jpeg,2,89.6515
data_clean\train\def_front\cast_def_0_8089.jpeg,2,89.9160
data_clean\train\def_front\cast_def_0_4365.jpeg,2,90.0662
data_clean\train\def_front\cast_def_0_3541.jpeg,2,90.1311
data_clean\train\def_front\cast_def_0_3940.jpeg,2,90.1434
data_clean\train\def_front\cast_def_0_2032.jpeg,2,90.3376
data_clean\train\def_front\cast_def_0_7313.jpeg,2,90.4056
data_clean\train\def_front\cast_def_0_5791.jpeg,2,90.4765
data_clean\train\def_front\cast_def_0_758.jpeg,2,90.5547
data_clean\train\def_front\cast_def_0_7002.jpeg,2,90.6823
data_clean\train\def_front\cast_def_0_3980.jpeg,2,90.6974
data_clean\train\def_front\cast_def_0_2252.jpeg,2,90.7082
data_clean\train\def_front\cast_def_0_887.jpeg,2,90.8621
data_clean\train\def_front\cast_def_0_8441.jpeg,2,90.8954
data_clean\train\def_front\cast_def_0_450.jpeg,2,90.9348
data_clean\train\def_front\cast_def_0_1984.jpeg,2,90.9917
data_clean\train\def_front\cast_def_0_6808.jpeg,2,91.0920
data_clean\train\def_front\cast_def_0_5796.jpeg,2,91.2181
data_clean\train\def_front\cast_def_0_4725.jpeg,2,91.4779
data_clean\train\def_front\cast_def_0_6568.jpeg,2,91.5324
data_clean\train\def_front\cast_def_0_5762.jpeg,2,91.5416
data_clean\train\def_front\cast_def_0_2173.jpeg,2,92.1270
data_clean\train\def_front\cast_def_0_2093.jpeg,2,92.1439
data_clean\train\def_front\cast_def_0_6480.jpeg,2,92.1443
data_clean\train\def_front\cast_def_0_1697.jpeg,2,92.2108
data_clean\train\def_front\cast_def_0_3482.jpeg,2,92.3265
data_clean\train\def_front\cast_def_0_3924.jpeg,2,92.4245
data_clean\train\def_front\cast_def_0_964.jpeg,2,92.6513
data_clean\train\def_front\cast_def_0_4405.jpeg,2,92.6514
data_clean\train\def_front\cast_def_0_9858.jpeg,2,92.7472
data_clean\train\def_front\cast_def_0_8113.jpeg,2,92.8241
data_clean\train\def_front\cast_def_0_9478.jpeg,2,92.8905
data_clean\train\def_front\cast_def_0_4459.jpeg,2,92.9818
data_clean\train\def_front\cast_def_0_7633.jpeg,2,93.0385
data_clean\train\def_front\cast_def_0_9878.jpeg,2,93.0770
data_clean\train\def_front\cast_def_0_5693.jpeg,2,93.2223
data_clean\train\def_front\cast_def_0_8958.jpeg,2,93.2505
data_clean\train\def_front\cast_def_0_5655.jpeg,2,93.3259
data_clean\val\def_front\cast_def_0_411.jpeg,2,93.3475
data_clean\train\def_front\cast_def_0_1768.jpeg,2,93.3856
data_clean\val\def_front\cast_def_0_1486.jpeg,2,93.4501
data_clean\train\def_front\cast_def_0_6829.jpeg,2,93.5103
data_clean\train\def_front\cast_def_0_6841.jpeg,2,93.5685
data_clean\train\def_front\cast_def_0_7366.jpeg,2,93.6345
data_clean\train\def_front\cast_def_0_8532.jpeg,2,93.6799
data_clean\train\def_front\cast_def_0_5962.jpeg,2,93.8875
data_clean\train\def_front\cast_def_0_6856.jpeg,2,93.9519
data_clean\train\def_front\cast_def_0_6927.jpeg,2,94.1195
data_clean\train\def_front\cast_def_0_7675.jpeg,2,94.1868
data_clean\train\def_front\cast_def_0_9826.jpeg,2,94.1885
data_clean\train\def_front\cast_def_0_1863.jpeg,2,94.2184
data_clean\train\def_front\cast_def_0_8992.jpeg,2,94.2483
data_clean\train\def_front\cast_def_0_501.jpeg,2,94.3144
data_clean\train\def_front\cast_def_0_8247.jpeg,2,94.4538
data_clean\train\def_front\cast_def_0_9624.jpeg,2,94.5614
data_clean\train\def_front\cast_def_0_1710.jpeg,2,94.5858
data_clean\train\def_front\cast_def_0_2381.jpeg,2,94.6156
data_clean\train\def_front\cast_def_0_8989.jpeg,2,94.6928
data_clean\train\def_front\cast_def_0_3075.jpeg,2,94.7459
data_clean\train\def_front\cast_def_0_1881.jpeg,2,94.7752
data_clean\train\def_front\cast_def_0_9917.jpeg,2,94.9457
data_clean\train\def_front\cast_def_0_5162.jpeg,2,94.9780
data_clean\train\def_front\cast_def_0_9266.jpeg,2,94.9789
data_clean\train\def_front\cast_def_0_3986.jpeg,2,95.0700
data_clean\train\def_front\cast_def_0_3667.jpeg,2,95.1284
data_clean\train\def_front\cast_def_0_9818.jpeg,2,95.1776
data_clean\train\def_front\cast_def_0_6906.jpeg,2,95.1988
data_clean\train\def_front\cast_def_0_1488.jpeg,2,95.2783
data_clean\val\def_front\cast_def_0_3473.jpeg,2,95.4229
data_clean\train\def_front\cast_def_0_4282.jpeg,2,95.5638
data_clean\train\def_front\cast_def_0_7605.jpeg,2,95.6242
data_clean\train\def_front\cast_def_0_4195.jpeg,2,95.6874
data_clean\val\def_front\cast_def_0_1191.jpeg,2,95.7640
data_clean\train\def_front\cast_def_0_8355.jpeg,2,95.7701
data_clean\train\def_front\cast_def_0_9342.jpeg,2,95.8800
data_clean\train\def_front\cast_def_0_9743.jpeg,2,95.9084
data_clean\val\def_front\cast_def_0_1358.jpeg,2,95.9162
data_clean\train\def_front\cast_def_0_4388.jpeg,2,95.9501
data_clean\train\def_front\cast_def_0_7664.jpeg,2,95.9983
data_clean\train\def_front\cast_def_0_5630.jpeg,2,96.1460
data_clean\train\def_front\cast_def_0_95.jpeg,2,96.1665
data_clean\train\def_front\cast_def_0_8308.jpeg,2,96.1744
data_clean\train\def_front\cast_def_0_7638.jpeg,2,96.4961
data_clean\train\def_front\cast_def_0_8855.jpeg,2,96.5758
data_clean\train\def_front\cast_def_0_9635.jpeg,2,96.6521
data_clean\train\def_front\cast_def_0_5487.jpeg,2,96.6529
data_clean\train\def_front\cast_def_0_5237.jpeg,2,96.7880
data_clean\train\def_front\cast_def_0_874.jpeg,2,96.8213
data_clean\train\def_front\cast_def_0_2646.jpeg,2,96.8807
data_clean\train\def_front\cast_def_0_109.jpeg,2,97.0844
data_clean\train\def_front\cast_def_0_9745.jpeg,2,97.1855
data_clean\train\def_front\cast_def_0_4653.jpeg,2,97.2560
data_clean\train\def_front\cast_def_0_9345.jpeg,2,97.3235
data_clean\train\def_front\cast_def_0_2829.jpeg,2,97.3563
data_clean\train\def_front\cast_def_0_848.jpeg,2,97.3840
data_clean\train\def_front\cast_def_0_8879.jpeg,2,97.6144
data_clean\train\def_front\cast_def_0_8936.jpeg,2,97.7352
data_clean\train\def_front\cast_def_0_3778.jpeg,2,97.8909
data_clean\train\def_front\cast_def_0_6510.jpeg,2,97.9269
data_clean\train\def_front\cast_def_0_7397.jpeg,2,97.9346
data_clean\train\def_front\cast_def_0_634.jpeg,2,98.0981
data_clean\train\def_front\cast_def_0_7942.jpeg,2,98.1757
data_clean\train\def_front\cast_def_0_7783.jpeg,2,98.2080
data_clean\val\def_front\cast_def_0_9921.jpeg,2,98.2554
data_clean\train\def_front\cast_def_0_4727.jpeg,2,98.2630
data_clean\train\def_front\cast_def_0_1950.jpeg,2,98.3142
data_clean\train\def_front\cast_def_0_7429.jpeg,2,98.5214
data_clean\train\def_front\cast_def_0_3734.jpeg,2,98.8017
data_clean\train\def_front\cast_def_0_5283.jpeg,2,98.8746
data_clean\val\def_front\cast_def_0_2053.jpeg,2,99.0086
data_clean\train\def_front\cast_def_0_3472.jpeg,2,99.1382
data_clean\train\def_front\cast_def_0_7355.jpeg,2,99.3374
data_clean\train\def_front\cast_def_0_542.jpeg,2,99.6481
data_clean\train\def_front\cast_def_0_1043.jpeg,2,99.6706
data_clean\train\def_front\cast_def_0_4275.jpeg,2,99.7465
data_clean\train\def_front\cast_def_0_6069.jpeg,2,99.8742
data_clean\train\def_front\cast_def_0_9651.jpeg,2,100.2415
data_clean\train\def_front\cast_def_0_5117.jpeg,2,100.3346
data_clean\train\def_front\cast_def_0_4269.jpeg,2,100.5711
data_clean\train\def_front\cast_def_0_4127.jpeg,2,100.6291
data_clean\train\def_front\cast_def_0_5955.jpeg,2,100.7061
data_clean\train\def_front\cast_def_0_5801.jpeg,2,100.8127
data_clean\train\def_front\cast_def_0_8529.jpeg,2,100.9475
data_clean\train\def_front\cast_def_0_4324.jpeg,2,101.0336
data_clean\train\def_front\cast_def_0_9563.jpeg,2,101.0751
data_clean\train\def_front\cast_def_0_1055.jpeg,2,101.2967
data_clean\train\def_front\cast_def_0_5576.jpeg,2,101.3611
data_clean\train\def_front\cast_def_0_8772.jpeg,2,101.4676
data_clean\val\def_front\new__0_6459.jpeg,2,101.5363
data_clean\train\def_front\cast_def_0_2010.jpeg,2,101.6459
data_clean\train\def_front\cast_def_0_9173.jpeg,2,101.6556
data_clean\train\def_front\cast_def_0_8682.jpeg,2,101.6610
data_clean\train\def_front\cast_def_0_9188.jpeg,2,101.6719
data_clean\train\def_front\cast_def_0_8732.jpeg,2,101.7738
data_clean\train\def_front\cast_def_0_6037.jpeg,2,101.9002
data_clean\train\def_front\cast_def_0_7115.jpeg,2,102.1500
data_clean\train\def_front\cast_def_0_9242.jpeg,2,102.3540
data_clean\train\def_front\cast_def_0_4306.jpeg,2,102.3831
data_clean\train\def_front\cast_def_0_4778.jpeg,2,102.5817
data_clean\train\def_front\cast_def_0_9581.jpeg,2,102.6687
data_clean\train\def_front\cast_def_0_9685.jpeg,2,102.7444
data_clean\train\def_front\cast_def_0_7662.jpeg,2,103.1266
data_clean\train\def_front\cast_def_0_2557.jpeg,2,103.3590
data_clean\train\def_front\cast_def_0_895.jpeg,2,103.3909
data_clean\train\def_front\cast_def_0_9234.jpeg,2,103.7800
data_clean\val\def_front\cast_def_0_2136.jpeg,2,103.7865
data_clean\train\def_front\cast_def_0_6427.jpeg,2,103.8981
data_clean\train\def_front\cast_def_0_3376.jpeg,2,103.9155
data_clean\train\def_front\cast_def_0_7990.jpeg,2,104.0955
data_clean\train\def_front\cast_def_0_2826.jpeg,2,104.1388
data_clean\train\def_front\cast_def_0_8876.jpeg,2,104.1598
data_clean\train\def_front\cast_def_0_3896.jpeg,2,104.2836
data_clean\train\def_front\cast_def_0_4413.jpeg,2,104.4603
data_clean\train\def_front\cast_def_0_982.jpeg,2,104.4750
data_clean\train\def_front\cast_def_0_6997.jpeg,2,104.6199
data_clean\train\def_front\cast_def_0_7234.jpeg,2,104.6501
data_clean\train\def_front\cast_def_0_7198.jpeg,2,104.6786
data_clean\train\def_front\cast_def_0_2141.jpeg,2,104.8392
data_clean\train\def_front\cast_def_0_719.jpeg,2,104.9478
data_clean\train\def_front\cast_def_0_5403.jpeg,2,104.9892
data_clean\train\def_front\cast_def_0_4746.jpeg,2,105.0252
data_clean\train\def_front\cast_def_0_6286.jpeg,2,105.2688
data_clean\train\def_front\cast_def_0_6797.jpeg,2,105.3900
data_clean\train\def_front\cast_def_0_2635.jpeg,2,105.4045
data_clean\train\def_front\cast_def_0_7541.jpeg,2,105.4423
data_clean\train\def_front\cast_def_0_7381.jpeg,2,105.5607
data_clean\train\def_front\cast_def_0_1194.jpeg,2,105.6100
data_clean\train\def_front\cast_def_0_2367.jpeg,2,105.6703
data_clean\train\def_front\cast_def_0_3865.jpeg,2,105.7666
data_clean\train\def_front\cast_def_0_649.jpeg,2,105.9601
data_clean\train\def_front\cast_def_0_7348.jpeg,2,105.9724
data_clean\train\def_front\cast_def_0_7045.jpeg,2,106.3468
data_clean\train\def_front\cast_def_0_2505.jpeg,2,106.5908
data_clean\train\def_front\cast_def_0_3605.jpeg,2,106.5959
data_clean\train\def_front\cast_def_0_9910.jpeg,2,106.7820
data_clean\train\def_front\cast_def_0_9332.jpeg,2,106.8547
data_clean\train\def_front\cast_def_0_6717.jpeg,2,107.2293
data_clean\train\def_front\cast_def_0_7050.jpeg,2,107.2318
data_clean\train\def_front\cast_def_0_4155.jpeg,2,107.2368
data_clean\train\def_front\cast_def_0_3542.jpeg,2,107.2673
data_clean\train\def_front\cast_def_0_9703.jpeg,2,107.3263
data_clean\train\def_front\cast_def_0_6121.jpeg,2,107.3646
data_clean\train\def_front\cast_def_0_8886.jpeg,2,107.4140
data_clean\train\def_front\cast_def_0_1178.jpeg,2,107.4936
data_clean\train\def_front\cast_def_0_2008.jpeg,2,107.5290
data_clean\train\def_front\cast_def_0_7173.jpeg,2,107.5813
data_clean\train\def_front\cast_def_0_2907.jpeg,2,107.6510
data_clean\train\def_front\cast_def_0_1066.jpeg,2,107.6655
data_clean\val\def_front\cast_def_0_186.jpeg,2,107.8324
data_clean\train\def_front\cast_def_0_4428.jpeg,2,108.0693
data_clean\train\def_front\cast_def_0_2677.jpeg,2,108.1412
data_clean\train\def_front\cast_def_0_5686.jpeg,2,108.1947
data_clean\train\def_front\cast_def_0_8125.jpeg,2,108.4587
data_clean\train\def_front\cast_def_0_5141.jpeg,2,108.4765
data_clean\train\def_front\cast_def_0_1752.jpeg,2,108.5001
data_clean\train\def_front\cast_def_0_5903.jpeg,2,108.5766
data_clean\train\def_front\cast_def_0_9488.jpeg,2,108.6227
data_clean\train\def_front\cast_def_0_6281.jpeg,2,108.7997
data_clean\train\def_front\cast_def_0_8594.jpeg,2,109.3021
data_clean\train\def_front\cast_def_0_5709.jpeg,2,109.5982
data_clean\train\def_front\cast_def_0_7569.jpeg,2,109.5993
data_clean\val\def_front\cast_def_0_2241.jpeg,2,109.7363
data_clean\train\def_front\cast_def_0_4721.jpeg,2,109.7621
data_clean\val\def_front\cast_def_0_3105.jpeg,2,109.8300
data_clean\train\def_front\cast_def_0_2470.jpeg,2,109.9702
data_clean\val\def_front\cast_def_0_439.jpeg,2,110.1253
data_clean\train\def_front\cast_def_0_9590.jpeg,2,110.3437
data_clean\train\def_front\cast_def_0_3718.jpeg,2,110.3480
data_clean\train\def_front\cast_def_0_7590.jpeg,2,110.4107
data_clean\val\def_front\cast_def_0_1628.jpeg,2,110.4593
data_clean\train\def_front\cast_def_0_5985.jpeg,2,110.4657
data_clean\train\def_front\cast_def_0_99.jpeg,2,110.4750
data_clean\train\def_front\cast_def_0_8774.jpeg,2,110.6533
data_clean\train\def_front\cast_def_0_1784.jpeg,2,110.8017
data_clean\train\def_front\cast_def_0_9382.jpeg,2,110.8536
data_clean\train\def_front\cast_def_0_6476.jpeg,2,110.9530
data_clean\train\def_front\cast_def_0_7993.jpeg,2,110.9820
data_clean\train\def_front\cast_def_0_2758.jpeg,2,111.0335
data_clean\train\def_front\cast_def_0_1345.jpeg,2,111.2779
data_clean\train\def_front\cast_def_0_5167.jpeg,2,111.2913
data_clean\train\def_front\cast_def_0_8408.jpeg,2,111.3738
data_clean\train\def_front\cast_def_0_3804.jpeg,2,111.4497
data_clean\train\def_front\cast_def_0_4229.jpeg,2,111.5817
data_clean\train\def_front\cast_def_0_9539.jpeg,2,111.6213
data_clean\train\def_front\cast_def_0_3486.jpeg,2,111.6394
data_clean\train\def_front\cast_def_0_9548.jpeg,2,111.8586
data_clean\train\def_front\cast_def_0_6708.jpeg,2,112.1515
data_clean\train\def_front\cast_def_0_9368.jpeg,2,112.3949
data_clean\train\def_front\cast_def_0_9421.jpeg,2,112.4187
data_clean\train\def_front\cast_def_0_6108.jpeg,2,112.5127
data_clean\val\def_front\cast_def_0_2155.jpeg,2,112.5244
data_clean\train\def_front\cast_def_0_8175.jpeg,2,112.6345
data_clean\train\def_front\cast_def_0_1995.jpeg,2,112.7059
data_clean\train\def_front\cast_def_0_6849.jpeg,2,112.7155
data_clean\train\def_front\cast_def_0_9021.jpeg,2,112.8149
data_clean\train\def_front\cast_def_0_2827.jpeg,2,112.8185
data_clean\train\def_front\cast_def_0_6174.jpeg,2,112.9156
data_clean\train\def_front\cast_def_0_3006.jpeg,2,112.9376
data_clean\train\def_front\cast_def_0_7332.jpeg,2,112.9833
data_clean\val\def_front\cast_def_0_61.jpeg,2,113.0096
data_clean\val\def_front\cast_def_0_151.jpeg,2,113.0371
data_clean\train\def_front\cast_def_0_8933.jpeg,2,113.0705
data_clean\train\def_front\cast_def_0_1797.jpeg,2,113.3163
data_clean\train\def_front\cast_def_0_7748.jpeg,2,113.3721
data_clean\train\def_front\cast_def_0_8734.jpeg,2,113.4017
data_clean\train\def_front\cast_def_0_7325.jpeg,2,113.5257
data_clean\train\def_front\cast_def_0_359.jpeg,2,113.6126
data_clean\train\def_front\cast_def_0_3868.jpeg,2,113.6514
data_clean\train\def_front\cast_def_0_3474.jpeg,2,113.8775
data_clean\train\def_front\cast_def_0_25.jpeg,2,114.0185
data_clean\train\def_front\cast_def_0_4858.jpeg,2,114.0564
data_clean\val\def_front\cast_def_0_1258.jpeg,2,114.0613
data_clean\train\def_front\cast_def_0_3377.jpeg,2,114.1137
data_clean\train\def_front\cast_def_0_4664.jpeg,2,114.1794
data_clean\train\def_front\cast_def_0_4225.jpeg,2,114.1926
data_clean\train\def_front\cast_def_0_4953.jpeg,2,114.3890
data_clean\train\def_front\cast_def_0_3688.jpeg,2,114.3962
data_clean\train\def_front\cast_def_0_8887.jpeg,2,114.4196
data_clean\train\def_front\cast_def_0_9646.jpeg,2,114.4950
data_clean\train\def_front\cast_def_0_6054.jpeg,2,114.4959
data_clean\val\def_front\cast_def_0_645.jpeg,2,114.7803
data_clean\train\def_front\cast_def_0_8615.jpeg,2,114.7898
data_clean\train\def_front\cast_def_0_543.jpeg,2,114.9189
data_clean\train\def_front\cast_def_0_3545.jpeg,2,114.9771
data_clean\train\def_front\cast_def_0_1828.jpeg,2,115.1056
data_clean\train\def_front\cast_def_0_5583.jpeg,2,115.1149
data_clean\train\def_front\cast_def_0_2630.jpeg,2,115.1590
data_clean\train\def_front\cast_def_0_875.jpeg,2,115.2251
data_clean\train\def_front\cast_def_0_1183.jpeg,2,115.3286
data_clean\train\def_front\cast_def_0_1042.jpeg,2,115.3327
data_clean\train\def_front\cast_def_0_985.jpeg,2,115.3340
data_clean\val\def_front\cast_def_0_249.jpeg,2,115.3475
data_clean\train\def_front\cast_def_0_9073.jpeg,2,115.4524
data_clean\train\def_front\cast_def_0_9245.jpeg,2,115.4695
data_clean\train\def_front\cast_def_0_1216.jpeg,2,115.6065
data_clean\train\def_front\cast_def_0_9167.jpeg,2,115.6457
data_clean\train\def_front\cast_def_0_6393.jpeg,2,115.8222
data_clean\train\def_front\cast_def_0_9487.jpeg,2,115.8718
data_clean\train\def_front\cast_def_0_1844.jpeg,2,116.7277
data_clean\train\def_front\cast_def_0_5178.jpeg,2,117.0549
data_clean\train\def_front\cast_def_0_7447.jpeg,2,117.1253
data_clean\train\def_front\cast_def_0_1334.jpeg,2,117.1327
data_clean\train\def_front\cast_def_0_2409.jpeg,2,117.4026
data_clean\train\def_front\cast_def_0_4964.jpeg,2,117.6759
data_clean\train\def_front\cast_def_0_7610.jpeg,2,117.8082
data_clean\train\def_front\cast_def_0_4238.jpeg,2,118.0046
data_clean\train\def_front\cast_def_0_2762.jpeg,2,118.2749
data_clean\train\def_front\cast_def_0_693.jpeg,2,118.3148
data_clean\val\def_front\cast_def_0_450.jpeg,2,118.3688
data_clean\train\def_front\cast_def_0_6675.jpeg,2,118.8731
data_clean\train\def_front\cast_def_0_9095.jpeg,2,118.9832
data_clean\train\def_front\cast_def_0_6502.jpeg,2,119.1500
data_clean\train\def_front\cast_def_0_5049.jpeg,2,119.2222
data_clean\train\def_front\cast_def_0_5857.jpeg,2,119.3474
data_clean\train\def_front\cast_def_0_6142.jpeg,2,119.6744
data_clean\train\def_front\cast_def_0_8638.jpeg,2,119.6871
data_clean\train\def_front\cast_def_0_9220.jpeg,2,119.9250
data_clean\train\def_front\cast_def_0_7556.jpeg,2,120.0105
data_clean\train\def_front\cast_def_0_5021.jpeg,2,120.0678
data_clean\train\def_front\cast_def_0_8902.jpeg,2,120.2253
data_clean\train\def_front\cast_def_0_9147.jpeg,2,120.2641
data_clean\train\def_front\cast_def_0_1775.jpeg,2,120.7037
data_clean\train\def_front\cast_def_0_7208.jpeg,2,120.8133
data_clean\train\def_front\cast_def_0_6411.jpeg,2,120.8538
data_clean\train\def_front\cast_def_0_4622.jpeg,2,120.8767
data_clean\train\def_front\cast_def_0_4640.jpeg,2,120.9145
data_clean\train\def_front\cast_def_0_7426.jpeg,2,120.9489
data_clean\train\def_front\cast_def_0_9523.jpeg,2,121.0416
data_clean\train\def_front\cast_def_0_103.jpeg,2,121.1067
data_clean\train\def_front\cast_def_0_2724.jpeg,2,121.1366
data_clean\train\def_front\cast_def_0_9145.jpeg,2,121.1453
data_clean\train\def_front\cast_def_0_7892.jpeg,2,121.2319
data_clean\train\def_front\cast_def_0_1249.jpeg,2,121.3008
data_clean\train\def_front\cast_def_0_5596.jpeg,2,121.3706
data_clean\train\def_front\cast_def_0_9456.jpeg,2,121.5767
data_clean\train\def_front\cast_def_0_9306.jpeg,2,121.6144
data_clean\train\def_front\cast_def_0_9314.jpeg,2,121.8738
data_clean\train\def_front\cast_def_0_2944.jpeg,2,121.9003
data_clean\train\def_front\cast_def_0_4985.jpeg,2,121.9565
data_clean\train\def_front\cast_def_0_3177.jpeg,2,121.9597
data_clean\train\def_front\cast_def_0_7614.jpeg,2,121.9870
data_clean\train\def_front\cast_def_0_4338.jpeg,2,122.2658
data_clean\train\def_front\cast_def_0_3338.jpeg,2,122.3622
data_clean\train\def_front\cast_def_0_5868.jpeg,2,122.3930
data_clean\train\def_front\cast_def_0_6594.jpeg,2,122.4016
data_clean\train\def_front\cast_def_0_7209.jpeg,2,122.4391
data_clean\train\def_front\cast_def_0_8640.jpeg,2,122.4719
data_clean\train\def_front\cast_def_0_9531.jpeg,2,122.5426
data_clean\train\def_front\cast_def_0_6306.jpeg,2,122.5692
data_clean\train\def_front\cast_def_0_2167.jpeg,2,122.9373
data_clean\train\def_front\cast_def_0_6065.jpeg,2,123.0259
data_clean\val\def_front\cast_def_0_2442.jpeg,2,123.2220
data_clean\train\def_front\cast_def_0_801.jpeg,2,123.2576
data_clean\train\def_front\cast_def_0_6691.jpeg,2,123.4086
data_clean\train\def_front\cast_def_0_4642.jpeg,2,123.5283
data_clean\train\def_front\cast_def_0_8756.jpeg,2,123.5689
data_clean\train\def_front\cast_def_0_7120.jpeg,2,123.5957
data_clean\val\def_front\cast_def_0_1617.jpeg,2,123.5970
data_clean\train\def_front\cast_def_0_1347.jpeg,2,123.6238
data_clean\train\def_front\cast_def_0_2471.jpeg,2,123.6474
data_clean\train\def_front\cast_def_0_2989.jpeg,2,123.7295
data_clean\val\def_front\cast_def_0_551.jpeg,2,123.7518
data_clean\train\def_front\cast_def_0_9867.jpeg,2,123.7692
data_clean\train\def_front\cast_def_0_4311.jpeg,2,123.8485
data_clean\val\def_front\cast_def_0_1625.jpeg,2,123.9835
data_clean\train\def_front\cast_def_0_1948.jpeg,2,124.1734
data_clean\train\def_front\cast_def_0_8824.jpeg,2,124.2077
data_clean\train\def_front\cast_def_0_3143.jpeg,2,124.3233
data_clean\train\def_front\cast_def_0_8603.jpeg,2,124.7230
data_clean\train\def_front\cast_def_0_4139.jpeg,2,124.8885
data_clean\val\def_front\cast_def_0_303.jpeg,2,125.1491
data_clean\train\def_front\cast_def_0_6637.jpeg,2,125.1535
data_clean\train\def_front\cast_def_0_1084.jpeg,2,125.2256
data_clean\train\def_front\cast_def_0_694.jpeg,2,125.3566
data_clean\train\def_front\cast_def_0_7465.jpeg,2,125.3604
data_clean\train\def_front\cast_def_0_5766.jpeg,2,125.4558
data_clean\train\def_front\cast_def_0_7273.jpeg,2,125.4948
data_clean\train\def_front\cast_def_0_8953.jpeg,2,125.5133
data_clean\train\def_front\cast_def_0_426.jpeg,2,125.7313
data_clean\train\def_front\cast_def_0_2820.jpeg,2,125.7559
data_clean\train\def_front\cast_def_0_6116.jpeg,2,125.8655
data_clean\train\def_front\cast_def_0_8446.jpeg,2,126.0523
data_clean\val\def_front\cast_def_0_302.jpeg,2,126.2678
data_clean\train\def_front\cast_def_0_1021.jpeg,2,126.5069
data_clean\train\def_front\cast_def_0_6896.jpeg,2,126.5326
data_clean\train\def_front\cast_def_0_5775.jpeg,2,126.7688
data_clean\train\def_front\cast_def_0_8880.jpeg,2,126.8399
data_clean\train\def_front\cast_def_0_88.jpeg,2,127.0398
data_clean\train\def_front\cast_def_0_5679.jpeg,2,127.0437
data_clean\train\def_front\cast_def_0_443.jpeg,2,127.1467
data_clean\train\def_front\cast_def_0_6075.jpeg,2,127.1654
data_clean\train\def_front\cast_def_0_1906.jpeg,2,127.2216
data_clean\train\def_front\cast_def_0_1815.jpeg,2,127.3145
data_clean\train\def_front\cast_def_0_3554.jpeg,2,127.4740
data_clean\train\def_front\cast_def_0_8226.jpeg,2,127.5029
data_clean\train\def_front\cast_def_0_1155.jpeg,2,127.5651
data_clean\train\def_front\cast_def_0_846.jpeg,2,127.5847
data_clean\train\def_front\cast_def_0_7608.jpeg,2,127.7374
data_clean\train\def_front\cast_def_0_9175.jpeg,2,127.8443
data_clean\val\def_front\cast_def_0_629.jpeg,2,127.8480
data_clean\train\def_front\cast_def_0_4597.jpeg,2,127.9532
data_clean\train\def_front\cast_def_0_4197.jpeg,2,128.0278
data_clean\train\def_front\cast_def_0_1786.jpeg,2,128.0560
data_clean\train\def_front\cast_def_0_1180.jpeg,2,128.1181
data_clean\val\def_front\cast_def_0_159.jpeg,2,128.1792
data_clean\train\def_front\cast_def_0_2391.jpeg,2,128.1917
data_clean\train\def_front\cast_def_0_2856.jpeg,2,128.2163
data_clean\train\def_front\cast_def_0_2696.jpeg,2,128.2713
data_clean\train\def_front\cast_def_0_4704.jpeg,2,128.3782
data_clean\train\def_front\cast_def_0_3628.jpeg,2,128.4028
data_clean\train\def_front\cast_def_0_4490.jpeg,2,128.4069
data_clean\train\def_front\cast_def_0_6284.jpeg,2,128.4308
data_clean\train\def_front\cast_def_0_5546.jpeg,2,128.5353
data_clean\train\def_front\cast_def_0_8845.jpeg,2,128.5987
data_clean\train\def_front\cast_def_0_8561.jpeg,2,128.6882
data_clean\val\def_front\cast_def_0_1059.jpeg,2,129.1287
data_clean\train\def_front\cast_def_0_3495.jpeg,2,129.1948
data_clean\train\def_front\cast_def_0_9051.jpeg,2,129.3118
data_clean\val\def_front\cast_def_0_537.jpeg,2,129.5387
data_clean\train\def_front\cast_def_0_3398.jpeg,2,129.7125
data_clean\train\def_front\cast_def_0_8139.jpeg,2,129.8606
data_clean\train\def_front\cast_def_0_9933.jpeg,2,130.1963
data_clean\train\def_front\cast_def_0_7439.jpeg,2,130.4916
data_clean\train\def_front\cast_def_0_3233.jpeg,2,130.5480
data_clean\train\def_front\cast_def_0_1986.jpeg,2,130.8522
data_clean\train\def_front\cast_def_0_9003.jpeg,2,131.4244
data_clean\train\def_front\cast_def_0_9417.jpeg,2,131.5570
data_clean\val\def_front\cast_def_0_1264.jpeg,2,131.9085
data_clean\train\def_front\cast_def_0_3817.jpeg,2,132.0212
data_clean\train\def_front\cast_def_0_6013.jpeg,2,132.0217
data_clean\train\def_front\cast_def_0_712.jpeg,2,132.0653
data_clean\val\def_front\cast_def_0_434.jpeg,2,132.1071
data_clean\train\def_front\cast_def_0_1302.jpeg,2,132.4520
data_clean\train\def_front\cast_def_0_5124.jpeg,2,133.2815
data_clean\train\def_front\cast_def_0_3869.jpeg,2,133.3328
data_clean\train\def_front\cast_def_0_6706.jpeg,2,133.3524
data_clean\train\def_front\cast_def_0_4104.jpeg,2,133.6149
data_clean\train\def_front\cast_def_0_4609.jpeg,2,133.6793
data_clean\val\def_front\cast_def_0_490.jpeg,2,133.6867
data_clean\train\def_front\cast_def_0_3974.jpeg,2,133.7749
data_clean\train\def_front\cast_def_0_9062.jpeg,2,133.8541
data_clean\train\def_front\cast_def_0_6584.jpeg,2,134.0244
data_clean\train\def_front\cast_def_0_8823.jpeg,2,134.0607
data_clean\train\def_front\cast_def_0_2474.jpeg,2,134.2016
data_clean\train\def_front\cast_def_0_5557.jpeg,2,134.4391
data_clean\train\def_front\cast_def_0_4944.jpeg,2,134.4602
data_clean\train\def_front\cast_def_0_5282.jpeg,2,134.4631
data_clean\train\def_front\cast_def_0_7655.jpeg,2,134.4867
data_clean\train\def_front\cast_def_0_9104.jpeg,2,134.7478
data_clean\train\def_front\cast_def_0_5867.jpeg,2,134.9460
data_clean\train\def_front\cast_def_0_9873.jpeg,2,134.9827
data_clean\train\def_front\cast_def_0_2518.jpeg,2,135.1077
data_clean\train\def_front\cast_def_0_7592.jpeg,2,135.1225
data_clean\train\def_front\cast_def_0_4464.jpeg,2,135.1586
data_clean\train\def_front\cast_def_0_4786.jpeg,2,135.2671
data_clean\train\def_front\cast_def_0_7347.jpeg,2,135.3834
data_clean\train\def_front\cast_def_0_2715.jpeg,2,135.4447
data_clean\train\def_front\cast_def_0_4662.jpeg,2,135.5224
data_clean\val\def_front\cast_def_0_646.jpeg,2,135.5416
data_clean\train\def_front\cast_def_0_8684.jpeg,2,135.6774
data_clean\train\def_front\cast_def_0_774.jpeg,2,135.7182
data_clean\train\def_front\cast_def_0_5772.jpeg,2,135.8713
data_clean\train\def_front\cast_def_0_853.jpeg,2,136.2374
data_clean\train\def_front\cast_def_0_5584.jpeg,2,136.2938
data_clean\train\def_front\cast_def_0_8583.jpeg,2,136.3307
data_clean\train\def_front\cast_def_0_9997.jpeg,2,136.7666
data_clean\train\def_front\cast_def_0_3661.jpeg,2,137.0000
data_clean\val\def_front\cast_def_0_220.jpeg,2,137.0470
data_clean\val\def_front\cast_def_0_1298.jpeg,2,137.1483
data_clean\train\def_front\cast_def_0_1853.jpeg,2,137.4107
data_clean\train\def_front\cast_def_0_5126.jpeg,2,137.4323
data_clean\train\def_front\cast_def_0_61.jpeg,2,137.5285
data_clean\train\def_front\cast_def_0_7774.jpeg,2,137.5714
data_clean\train\def_front\cast_def_0_1363.jpeg,2,137.5948
data_clean\val\def_front\cast_def_0_158.jpeg,2,137.6024
data_clean\train\def_front\cast_def_0_4840.jpeg,2,137.6157
data_clean\train\def_front\cast_def_0_3841.jpeg,2,137.6781
data_clean\train\def_front\cast_def_0_4467.jpeg,2,137.7460
data_clean\train\def_front\cast_def_0_5757.jpeg,2,137.8970
data_clean\train\def_front\cast_def_0_8085.jpeg,2,138.1080
data_clean\train\def_front\cast_def_0_5841.jpeg,2,138.1128
data_clean\train\def_front\cast_def_0_3157.jpeg,2,138.2258
data_clean\train\def_front\cast_def_0_1785.jpeg,2,138.4137
data_clean\train\def_front\cast_def_0_5024.jpeg,2,138.8471
data_clean\train\def_front\cast_def_0_7411.jpeg,2,138.8903
data_clean\val\def_front\cast_def_0_1462.jpeg,2,139.1866
data_clean\train\def_front\cast_def_0_2615.jpeg,2,139.2876
data_clean\val\def_front\cast_def_0_715.jpeg,2,139.4050
data_clean\train\def_front\cast_def_0_7730.jpeg,2,139.4415
data_clean\train\def_front\cast_def_0_4894.jpeg,2,139.4736
data_clean\train\def_front\cast_def_0_1102.jpeg,2,139.5474
data_clean\train\def_front\cast_def_0_2852.jpeg,2,139.7697
data_clean\train\def_front\cast_def_0_9683.jpeg,2,139.8658
data_clean\train\def_front\cast_def_0_8644.jpeg,2,139.9300
data_clean\train\def_front\cast_def_0_6356.jpeg,2,139.9670
data_clean\train\def_front\cast_def_0_6629.jpeg,2,140.1534
data_clean\train\def_front\cast_def_0_4551.jpeg,2,140.1564
data_clean\train\def_front\cast_def_0_9255.jpeg,2,140.2200
data_clean\train\def_front\cast_def_0_528.jpeg,2,140.3908
data_clean\train\def_front\cast_def_0_8973.jpeg,2,140.5691
data_clean\train\def_front\cast_def_0_4585.jpeg,2,140.6384
data_clean\train\def_front\cast_def_0_55.jpeg,2,140.8065
data_clean\train\def_front\cast_def_0_5262.jpeg,2,141.2414
data_clean\train\def_front\cast_def_0_1313.jpeg,2,141.4037
data_clean\train\def_front\cast_def_0_8610.jpeg,2,141.4187
data_clean\train\def_front\cast_def_0_7138.jpeg,2,141.4576
data_clean\train\def_front\cast_def_0_9181.jpeg,2,141.5915
data_clean\train\def_front\cast_def_0_2834.jpeg,2,141.8812
data_clean\train\def_front\cast_def_0_5426.jpeg,2,142.0417
data_clean\train\def_front\cast_def_0_5371.jpeg,2,142.0468
data_clean\train\def_front\cast_def_0_5685.jpeg,2,142.0943
data_clean\train\def_front\cast_def_0_5516.jpeg,2,142.1079
data_clean\train\def_front\cast_def_0_3196.jpeg,2,142.1264
data_clean\train\def_front\cast_def_0_4119.jpeg,2,142.1690
data_clean\train\def_front\cast_def_0_98.jpeg,2,142.2477
data_clean\train\def_front\cast_def_0_7452.jpeg,2,142.2568
data_clean\train\def_front\cast_def_0_8647.jpeg,2,142.3082
data_clean\train\def_front\cast_def_0_4456.jpeg,2,142.4123
data_clean\train\def_front\cast_def_0_2066.jpeg,2,142.4435
data_clean\train\def_front\cast_def_0_317.jpeg,2,142.4454
data_clean\train\def_front\cast_def_0_6394.jpeg,2,143.1047
data_clean\train\def_front\cast_def_0_7307.jpeg,2,143.3133
data_clean\train\def_front\cast_def_0_9616.jpeg,2,143.4668
data_clean\train\def_front\cast_def_0_2033.jpeg,2,143.5229
data_clean\train\def_front\cast_def_0_2604.jpeg,2,144.0745
data_clean\train\def_front\cast_def_0_3055.jpeg,2,144.0828
data_clean\train\def_front\cast_def_0_6007.jpeg,2,144.4528
data_clean\train\def_front\cast_def_0_2499.jpeg,2,144.4809
data_clean\train\def_front\cast_def_0_7374.jpeg,2,144.5240
data_clean\train\def_front\cast_def_0_7551.jpeg,2,144.7363
data_clean\train\def_front\cast_def_0_8620.jpeg,2,144.7477
data_clean\train\def_front\cast_def_0_9365.jpeg,2,144.7562
data_clean\val\def_front\cast_def_0_224.jpeg,2,144.7607
data_clean\train\def_front\cast_def_0_6383.jpeg,2,144.7892
data_clean\train\def_front\cast_def_0_8634.jpeg,2,145.0315
data_clean\train\def_front\cast_def_0_6576.jpeg,2,145.0606
data_clean\train\def_front\cast_def_0_3158.jpeg,2,145.4913
data_clean\train\def_front\cast_def_0_8344.jpeg,2,145.6269
data_clean\train\def_front\cast_def_0_3634.jpeg,2,145.7048
data_clean\train\def_front\cast_def_0_1981.jpeg,2,145.8353
data_clean\train\def_front\cast_def_0_4691.jpeg,2,145.8436
data_clean\train\def_front\cast_def_0_5711.jpeg,2,145.9221
data_clean\train\def_front\cast_def_0_0.jpeg,2,146.1229
data_clean\train\def_front\cast_def_0_1046.jpeg,2,146.1876
data_clean\train\def_front\cast_def_0_2955.jpeg,2,146.2231
data_clean\train\def_front\cast_def_0_854.jpeg,2,146.3497
data_clean\train\def_front\cast_def_0_2457.jpeg,2,146.6033
data_clean\train\def_front\cast_def_0_9451.jpeg,2,146.6412
data_clean\train\def_front\cast_def_0_3922.jpeg,2,146.7435
data_clean\train\def_front\cast_def_0_5307.jpeg,2,146.8883
data_clean\train\def_front\cast_def_0_5196.jpeg,2,146.9663
data_clean\train\def_front\cast_def_0_1364.jpeg,2,147.1979
data_clean\train\def_front\cast_def_0_7405.jpeg,2,147.5029
data_clean\train\def_front\cast_def_0_7385.jpeg,2,147.8652
data_clean\train\def_front\cast_def_0_812.jpeg,2,148.0500
data_clean\train\def_front\cast_def_0_2138.jpeg,2,148.1539
data_clean\train\def_front\cast_def_0_7462.jpeg,2,148.9012
data_clean\val\def_front\cast_def_0_535.jpeg,2,149.2947
data_clean\train\def_front\cast_def_0_5895.jpeg,2,149.4146
data_clean\train\def_front\cast_def_0_6343.jpeg,2,149.5967
data_clean\val\def_front\cast_def_0_621.jpeg,2,149.6822
data_clean\train\def_front\cast_def_0_2681.jpeg,2,149.7202
data_clean\train\def_front\cast_def_0_6409.jpeg,2,149.7736
data_clean\train\def_front\cast_def_0_9765.jpeg,2,149.9948
data_clean\train\def_front\cast_def_0_8483.jpeg,2,149.9995
data_clean\train\def_front\cast_def_0_8796.jpeg,2,150.0041
data_clean\val\def_front\new__0_1385.jpeg,2,150.3411
data_clean\train\def_front\cast_def_0_9911.jpeg,2,150.7066
data_clean\train\def_front\cast_def_0_8172.jpeg,2,151.1366
data_clean\train\def_front\cast_def_0_941.jpeg,2,151.1547
data_clean\train\def_front\cast_def_0_9977.jpeg,2,151.2579
data_clean\train\def_front\cast_def_0_1858.jpeg,2,151.2931
data_clean\train\def_front\cast_def_0_3408.jpeg,2,151.3624
data_clean\train\def_front\cast_def_0_636.jpeg,2,151.3662
data_clean\train\def_front\cast_def_0_7343.jpeg,2,151.5175
data_clean\val\def_front\new__0_7323.jpeg,2,151.5685
data_clean\train\def_front\cast_def_0_5456.jpeg,2,151.5733
data_clean\train\def_front\cast_def_0_2990.jpeg,2,151.6100
data_clean\val\def_front\cast_def_0_483.jpeg,2,151.6459
data_clean\train\def_front\cast_def_0_4854.jpeg,2,152.0614
data_clean\train\def_front\cast_def_0_1427.jpeg,2,152.1252
data_clean\train\def_front\cast_def_0_5472.jpeg,2,152.2852
data_clean\train\def_front\cast_def_0_3673.jpeg,2,152.3267
data_clean\val\def_front\cast_def_0_161.jpeg,2,152.3606
data_clean\train\def_front\cast_def_0_3610.jpeg,2,152.4880
data_clean\train\def_front\cast_def_0_8161.jpeg,2,152.5344
data_clean\train\def_front\cast_def_0_7669.jpeg,2,152.9075
data_clean\train\def_front\cast_def_0_4044.jpeg,2,152.9309
data_clean\train\def_front\cast_def_0_8771.jpeg,2,152.9639
data_clean\train\def_front\cast_def_0_1834.jpeg,2,153.0374
data_clean\val\def_front\cast_def_0_1607.jpeg,2,153.1095
data_clean\train\def_front\cast_def_0_6978.jpeg,2,153.2706
data_clean\train\def_front\cast_def_0_5705.jpeg,2,153.3249
data_clean\train\def_front\cast_def_0_6955.jpeg,2,153.4045
data_clean\train\def_front\cast_def_0_1247.jpeg,2,153.4897
data_clean\train\def_front\cast_def_0_9863.jpeg,2,153.5378
data_clean\train\def_front\cast_def_0_6352.jpeg,2,153.5983
data_clean\train\def_front\cast_def_0_3744.jpeg,2,153.6141
data_clean\train\def_front\cast_def_0_7435.jpeg,2,153.7038
data_clean\train\def_front\cast_def_0_3097.jpeg,2,153.7044
data_clean\train\def_front\cast_def_0_6599.jpeg,2,153.8165
data_clean\train\def_front\cast_def_0_43.jpeg,2,153.8712
data_clean\val\def_front\cast_def_0_1612.jpeg,2,153.9995
data_clean\train\def_front\cast_def_0_4232.jpeg,2,154.2091
data_clean\train\def_front\cast_def_0_2411.jpeg,2,154.3026
data_clean\train\def_front\cast_def_0_4703.jpeg,2,154.4205
data_clean\train\def_front\cast_def_0_7280.jpeg,2,154.5621
data_clean\train\def_front\cast_def_0_1059.jpeg,2,154.6421
data_clean\train\def_front\cast_def_0_9601.jpeg,2,155.1372
data_clean\train\def_front\cast_def_0_8477.jpeg,2,155.3115
data_clean\train\def_front\cast_def_0_1723.jpeg,2,155.3768
data_clean\train\def_front\cast_def_0_4437.jpeg,2,155.4993
data_clean\train\def_front\cast_def_0_5059.jpeg,2,155.6675
data_clean\train\def_front\cast_def_0_9915.jpeg,2,155.8463
data_clean\train\def_front\cast_def_0_5598.jpeg,2,155.9142
data_clean\train\def_front\cast_def_0_7221.jpeg,2,156.0746
data_clean\train\def_front\cast_def_0_2522.jpeg,2,156.0818
data_clean\val\def_front\cast_def_0_1661.jpeg,2,156.1153
data_clean\train\def_front\cast_def_0_6011.jpeg,2,156.2346
data_clean\train\def_front\cast_def_0_8333.jpeg,2,156.2798
data_clean\train\def_front\cast_def_0_1761.jpeg,2,156.4707
data_clean\train\def_front\cast_def_0_4025.jpeg,2,156.4864
data_clean\train\def_front\cast_def_0_8740.jpeg,2,156.5944
data_clean\train\def_front\cast_def_0_7870.jpeg,2,156.7459
data_clean\train\def_front\cast_def_0_5952.jpeg,2,156.9062
data_clean\train\def_front\cast_def_0_2490.jpeg,2,156.9446
data_clean\train\def_front\cast_def_0_3743.jpeg,2,157.0723
data_clean\train\def_front\cast_def_0_6695.jpeg,2,157.1888
data_clean\val\def_front\cast_def_0_1686.jpeg,2,157.3152
data_clean\val\def_front\cast_def_0_1294.jpeg,2,157.3163
data_clean\train\def_front\cast_def_0_8859.jpeg,2,157.8010
data_clean\val\def_front\cast_def_0_2177.jpeg,2,157.9312
data_clean\train\def_front\cast_def_0_3969.jpeg,2,157.9397
data_clean\train\def_front\cast_def_0_3133.jpeg,2,157.9892
data_clean\train\def_front\cast_def_0_8186.jpeg,2,158.1845
data_clean\train\def_front\cast_def_0_5212.jpeg,2,158.2614
data_clean\train\def_front\cast_def_0_3823.jpeg,2,158.2941
data_clean\train\def_front\cast_def_0_4060.jpeg,2,158.3162
data_clean\train\def_front\cast_def_0_4973.jpeg,2,158.3342
data_clean\train\def_front\cast_def_0_9992.jpeg,2,158.4953
data_clean\train\def_front\cast_def_0_2022.jpeg,2,158.6124
data_clean\train\def_front\cast_def_0_9527.jpeg,2,158.9216
data_clean\train\def_front\cast_def_0_3895.jpeg,2,159.5187
data_clean\train\def_front\cast_def_0_5350.jpeg,2,159.5966
data_clean\train\def_front\cast_def_0_5265.jpeg,2,159.9167
data_clean\train\def_front\cast_def_0_5894.jpeg,2,160.0814
data_clean\train\def_front\cast_def_0_4673.jpeg,2,160.0901
data_clean\train\def_front\cast_def_0_9693.jpeg,2,160.1037
data_clean\train\def_front\cast_def_0_5380.jpeg,2,160.1759
data_clean\train\def_front\cast_def_0_3297.jpeg,2,160.4259
data_clean\train\def_front\cast_def_0_4116.jpeg,2,160.5307
data_clean\train\def_front\cast_def_0_912.jpeg,2,160.5945
data_clean\train\def_front\cast_def_0_4645.jpeg,2,160.9711
data_clean\train\def_front\cast_def_0_9195.jpeg,2,161.0417
data_clean\val\def_front\cast_def_0_1590.jpeg,2,161.0644
data_clean\train\def_front\cast_def_0_8979.jpeg,2,161.1391
data_clean\train\def_front\cast_def_0_4937.jpeg,2,161.2094
data_clean\train\def_front\cast_def_0_6265.jpeg,2,161.4132
data_clean\train\def_front\cast_def_0_3653.jpeg,2,161.5465
data_clean\train\def_front\cast_def_0_9027.jpeg,2,161.7076
data_clean\train\def_front\cast_def_0_2769.jpeg,2,162.2747
data_clean\train\def_front\cast_def_0_8051.jpeg,2,162.3198
data_clean\train\def_front\cast_def_0_3728.jpeg,2,162.3407
data_clean\train\def_front\cast_def_0_4719.jpeg,2,162.8145
data_clean\train\def_front\cast_def_0_7548.jpeg,2,162.8476
data_clean\train\def_front\cast_def_0_1182.jpeg,2,163.3506
data_clean\train\def_front\cast_def_0_2089.jpeg,2,163.4775
data_clean\train\def_front\cast_def_0_6175.jpeg,2,163.5123
data_clean\train\def_front\cast_def_0_4333.jpeg,2,163.7940
data_clean\train\def_front\cast_def_0_5927.jpeg,2,164.1967
data_clean\train\def_front\cast_def_0_175.jpeg,2,164.5000
data_clean\train\def_front\cast_def_0_1048.jpeg,2,164.5315
data_clean\train\def_front\cast_def_0_5545.jpeg,2,164.7046
data_clean\train\def_front\cast_def_0_1750.jpeg,2,164.7453
data_clean\train\def_front\cast_def_0_6727.jpeg,2,164.8671
data_clean\train\def_front\cast_def_0_4110.jpeg,2,164.9881
data_clean\train\def_front\cast_def_0_3720.jpeg,2,165.1066
data_clean\train\def_front\cast_def_0_135.jpeg,2,165.2379
data_clean\train\def_front\cast_def_0_8433.jpeg,2,165.3448
data_clean\train\def_front\cast_def_0_2648.jpeg,2,165.3981
data_clean\train\def_front\cast_def_0_3866.jpeg,2,165.4411
data_clean\train\def_front\cast_def_0_4538.jpeg,2,165.4584
data_clean\train\def_front\cast_def_0_3142.jpeg,2,165.6678
data_clean\train\def_front\cast_def_0_4554.jpeg,2,165.7622
data_clean\train\def_front\cast_def_0_8928.jpeg,2,165.7886
data_clean\train\def_front\cast_def_0_3320.jpeg,2,165.9590
data_clean\train\def_front\cast_def_0_5319.jpeg,2,166.0352
data_clean\val\def_front\cast_def_0_1379.jpeg,2,166.0901
data_clean\train\def_front\cast_def_0_7149.jpeg,2,166.2650
data_clean\train\def_front\cast_def_0_3666.jpeg,2,166.6127
data_clean\train\def_front\cast_def_0_4661.jpeg,2,167.2587
data_clean\train\def_front\cast_def_0_8436.jpeg,2,167.2616
data_clean\train\def_front\cast_def_0_2950.jpeg,2,167.6019
data_clean\val\def_front\cast_def_0_1292.jpeg,2,167.9577
data_clean\val\def_front\cast_def_0_495.jpeg,2,167.9632
data_clean\train\def_front\cast_def_0_7419.jpeg,2,168.3403
data_clean\train\def_front\cast_def_0_5574.jpeg,2,168.4541
data_clean\train\def_front\cast_def_0_883.jpeg,2,168.6086
data_clean\train\def_front\cast_def_0_1348.jpeg,2,168.7316
data_clean\val\def_front\cast_def_0_228.jpeg,2,168.8056
data_clean\train\def_front\cast_def_0_4837.jpeg,2,168.8650
data_clean\train\def_front\cast_def_0_734.jpeg,2,169.0507
data_clean\train\def_front\cast_def_0_9983.jpeg,2,169.1886
data_clean\train\def_front\cast_def_0_8463.jpeg,2,169.3998
data_clean\train\def_front\cast_def_0_7463.jpeg,2,169.8267
data_clean\train\def_front\cast_def_0_692.jpeg,2,170.0380
data_clean\train\def_front\cast_def_0_6820.jpeg,2,170.1458
data_clean\train\def_front\cast_def_0_8797.jpeg,2,170.2395
data_clean\train\def_front\cast_def_0_2764.jpeg,2,170.2870
data_clean\train\def_front\cast_def_0_5591.jpeg,2,170.5460
data_clean\train\def_front\cast_def_0_4574.jpeg,2,170.6672
data_clean\train\def_front\cast_def_0_2818.jpeg,2,170.8413
data_clean\train\def_front\cast_def_0_2290.jpeg,2,171.2180
data_clean\train\def_front\cast_def_0_8054.jpeg,2,171.3524
data_clean\train\def_front\cast_def_0_7992.jpeg,2,171.4063
data_clean\train\def_front\cast_def_0_4668.jpeg,2,171.5945
data_clean\train\def_front\cast_def_0_1428.jpeg,2,171.6117
data_clean\train\def_front\cast_def_0_6834.jpeg,2,171.6298
data_clean\train\def_front\cast_def_0_2003.jpeg,2,172.0736
data_clean\train\def_front\cast_def_0_2546.jpeg,2,172.1063
data_clean\train\def_front\cast_def_0_4240.jpeg,2,172.1889
data_clean\train\def_front\cast_def_0_7341.jpeg,2,172.6182
data_clean\train\def_front\cast_def_0_4162.jpeg,2,172.7321
data_clean\train\def_front\cast_def_0_9069.jpeg,2,172.8565
data_clean\train\def_front\cast_def_0_5135.jpeg,2,172.9905
data_clean\train\def_front\cast_def_0_4362.jpeg,2,173.1452
data_clean\train\def_front\cast_def_0_417.jpeg,2,173.1464
data_clean\train\def_front\cast_def_0_5450.jpeg,2,173.2986
data_clean\train\def_front\cast_def_0_1670.jpeg,2,173.4222
data_clean\train\def_front\cast_def_0_4370.jpeg,2,173.4371
data_clean\train\def_front\cast_def_0_8129.jpeg,2,173.4599
data_clean\train\def_front\cast_def_0_6616.jpeg,2,173.5269
data_clean\train\def_front\cast_def_0_993.jpeg,2,173.8593
data_clean\train\def_front\cast_def_0_973.jpeg,2,174.0157
data_clean\train\def_front\cast_def_0_1301.jpeg,2,174.2637
data_clean\train\def_front\cast_def_0_5260.jpeg,2,174.5381
data_clean\train\def_front\cast_def_0_5019.jpeg,2,174.6192
data_clean\train\def_front\cast_def_0_2689.jpeg,2,174.6192
data_clean\train\def_front\cast_def_0_9542.jpeg,2,174.8715
data_clean\train\def_front\cast_def_0_6932.jpeg,2,174.9366
data_clean\val\def_front\cast_def_0_230.jpeg,2,175.1333
data_clean\train\def_front\cast_def_0_7726.jpeg,2,175.1627
data_clean\train\def_front\cast_def_0_9305.jpeg,2,175.2434
data_clean\train\def_front\cast_def_0_6625.jpeg,2,175.4533
data_clean\train\def_front\cast_def_0_1408.jpeg,2,175.4774
data_clean\train\def_front\cast_def_0_1105.jpeg,2,175.6025
data_clean\train\def_front\cast_def_0_4498.jpeg,2,175.6212
data_clean\train\def_front\cast_def_0_9064.jpeg,2,175.8231
data_clean\train\def_front\cast_def_0_6134.jpeg,2,176.2402
data_clean\val\def_front\cast_def_0_2100.jpeg,2,176.3252
data_clean\train\def_front\cast_def_0_3031.jpeg,2,176.3811
data_clean\train\def_front\cast_def_0_7098.jpeg,2,176.3973
data_clean\train\def_front\cast_def_0_378.jpeg,2,176.6293
data_clean\train\def_front\cast_def_0_7088.jpeg,2,176.8102
data_clean\train\def_front\cast_def_0_3327.jpeg,2,177.0041
data_clean\val\def_front\cast_def_0_717.jpeg,2,177.0325
data_clean\train\def_front\cast_def_0_5562.jpeg,2,177.0543
data_clean\train\def_front\cast_def_0_5767.jpeg,2,177.2178
data_clean\train\def_front\cast_def_0_5360.jpeg,2,177.2316
data_clean\train\def_front\cast_def_0_4860.jpeg,2,177.2453
data_clean\train\def_front\cast_def_0_8222.jpeg,2,177.2989
data_clean\train\def_front\cast_def_0_6042.jpeg,2,177.5808
data_clean\train\def_front\cast_def_0_9125.jpeg,2,177.7100
data_clean\train\def_front\cast_def_0_3389.jpeg,2,177.9838
data_clean\val\def_front\cast_def_0_1547.jpeg,2,178.4298
data_clean\train\def_front\cast_def_0_7232.jpeg,2,178.6285
data_clean\train\def_front\cast_def_0_7989.jpeg,2,178.8872
data_clean\train\def_front\cast_def_0_8229.jpeg,2,179.2541
data_clean\train\def_front\cast_def_0_5080.jpeg,2,179.5347
data_clean\train\def_front\cast_def_0_8621.jpeg,2,179.7066
data_clean\train\def_front\cast_def_0_860.jpeg,2,179.8486
data_clean\val\def_front\cast_def_0_1594.jpeg,2,180.0507
data_clean\train\def_front\cast_def_0_4458.jpeg,2,180.0891
data_clean\val\def_front\cast_def_0_460.jpeg,2,180.1148
data_clean\train\def_front\cast_def_0_9348.jpeg,2,180.3168
data_clean\train\def_front\cast_def_0_5174.jpeg,2,180.8368
data_clean\val\def_front\cast_def_0_2487.jpeg,2,180.9006
data_clean\train\def_front\cast_def_0_2220.jpeg,2,180.9321
data_clean\train\def_front\cast_def_0_7777.jpeg,2,180.9774
data_clean\train\def_front\cast_def_0_3447.jpeg,2,181.1853
data_clean\train\def_front\cast_def_0_7527.jpeg,2,181.5364
data_clean\train\def_front\cast_def_0_6874.jpeg,2,181.6373
data_clean\train\def_front\cast_def_0_7845.jpeg,2,181.7990
data_clean\train\def_front\cast_def_0_8356.jpeg,2,181.8100
data_clean\train\def_front\cast_def_0_6215.jpeg,2,182.0606
data_clean\train\def_front\cast_def_0_7056.jpeg,2,182.4734
data_clean\train\def_front\cast_def_0_8431.jpeg,2,182.7068
data_clean\train\def_front\cast_def_0_2504.jpeg,2,182.7527
data_clean\train\def_front\cast_def_0_944.jpeg,2,182.9521
data_clean\train\def_front\cast_def_0_3806.jpeg,2,183.1632
data_clean\train\def_front\cast_def_0_4747.jpeg,2,183.2643
data_clean\train\def_front\cast_def_0_7628.jpeg,2,183.3074
data_clean\train\def_front\cast_def_0_6443.jpeg,2,183.5306
data_clean\val\def_front\cast_def_0_1324.jpeg,2,184.4071
data_clean\train\def_front\cast_def_0_2873.jpeg,2,184.4404
data_clean\train\def_front\cast_def_0_3961.jpeg,2,184.9585
data_clean\train\def_front\cast_def_0_4092.jpeg,2,185.0643
data_clean\train\def_front\cast_def_0_826.jpeg,2,185.4589
data_clean\train\def_front\cast_def_0_9018.jpeg,2,185.5485
data_clean\train\def_front\cast_def_0_5733.jpeg,2,185.6003
data_clean\train\def_front\cast_def_0_4534.jpeg,2,186.2803
data_clean\train\def_front\cast_def_0_4610.jpeg,2,186.3204
data_clean\train\def_front\cast_def_0_6747.jpeg,2,186.9396
data_clean\train\def_front\cast_def_0_2044.jpeg,2,186.9527
data_clean\train\def_front\cast_def_0_3703.jpeg,2,186.9873
data_clean\train\def_front\cast_def_0_5511.jpeg,2,187.2748
data_clean\train\def_front\cast_def_0_6812.jpeg,2,187.2867
data_clean\val\def_front\cast_def_0_1063.jpeg,2,187.3436
data_clean\train\def_front\cast_def_0_6434.jpeg,2,188.0745
data_clean\train\def_front\cast_def_0_4902.jpeg,2,188.3903
data_clean\train\def_front\cast_def_0_33.jpeg,2,188.6200
data_clean\train\def_front\cast_def_0_1926.jpeg,2,188.8228
data_clean\train\def_front\cast_def_0_92.jpeg,2,189.1543
data_clean\train\def_front\cast_def_0_2900.jpeg,2,189.1745
data_clean\train\def_front\cast_def_0_8777.jpeg,2,189.4129
data_clean\train\def_front\cast_def_0_5815.jpeg,2,189.5351
data_clean\train\def_front\cast_def_0_5909.jpeg,2,189.8645
data_clean\train\def_front\cast_def_0_7058.jpeg,2,190.2500
data_clean\train\def_front\cast_def_0_3652.jpeg,2,190.3521
data_clean\train\def_front\cast_def_0_2148.jpeg,2,190.3556
data_clean\train\def_front\cast_def_0_736.jpeg,2,190.5759
data_clean\train\def_front\cast_def_0_1909.jpeg,2,190.9155
data_clean\train\def_front\cast_def_0_3837.jpeg,2,191.2374
data_clean\val\def_front\cast_def_0_1603.jpeg,2,191.8567
data_clean\train\def_front\cast_def_0_2467.jpeg,2,191.9473
data_clean\train\def_front\cast_def_0_3586.jpeg,2,191.9927
data_clean\train\def_front\cast_def_0_7573.jpeg,2,192.2147
data_clean\train\def_front\cast_def_0_9221.jpeg,2,192.2729
data_clean\train\def_front\cast_def_0_2598.jpeg,2,192.2763
data_clean\train\def_front\cast_def_0_972.jpeg,2,192.6308
data_clean\train\def_front\cast_def_0_9264.jpeg,2,192.7309
data_clean\val\def_front\new__0_1780.jpeg,2,192.7989
data_clean\train\def_front\cast_def_0_4321.jpeg,2,193.4941
data_clean\train\def_front\cast_def_0_8331.jpeg,2,196.6126
data_clean\train\def_front\cast_def_0_2359.jpeg,2,197.5544
data_clean\train\def_front\cast_def_0_333.jpeg,2,197.6323
data_clean\train\def_front\cast_def_0_3762.jpeg,2,199.4580
data_clean\train\def_front\cast_def_0_7858.jpeg,2,200.7038
data_clean\train\def_front\cast_def_0_6425.jpeg,2,201.8498
data_clean\train\def_front\cast_def_0_1831.jpeg,2,202.0286
data_clean\train\def_front\cast_def_0_3828.jpeg,2,203.6968
data_clean\train\def_front\cast_def_0_6690.jpeg,2,204.6070
data_clean\train\def_front\cast_def_0_4776.jpeg,2,204.7015
data_clean\train\def_front\cast_def_0_8917.jpeg,2,206.9395
data_clean\train\def_front\cast_def_0_3021.jpeg,2,209.4231
data_clean\train\def_front\cast_def_0_9879.jpeg,2,211.2039
data_clean\train\def_front\cast_def_0_4992.jpeg,2,212.0173
data_clean\train\def_front\cast_def_0_7578.jpeg,2,219.7184
data_clean\train\def_front\cast_def_0_2626.jpeg,2,223.0775
data_clean\train\def_front\cast_def_0_737.jpeg,2,227.6103
data_clean\train\def_front\cast_def_0_1185.jpeg,2,228.4742
data_clean\train\def_front\cast_def_0_2407.jpeg,2,229.3497
data_clean\val\def_front\cast_def_0_2102.jpeg,2,231.5605
data_clean\train\def_front\cast_def_0_2884.jpeg,2,233.0879
data_clean\val\def_front\cast_def_0_2483.jpeg,2,254.9717
data_clean\train\def_front\cast_def_0_2535.jpeg,2,270.1319
data_clean\val\def_front\cast_def_0_2154.jpeg,2,277.1369
data_clean\train\def_front\cast_def_0_3487.jpeg,2,289.6075
data_clean\train\def_front\cast_def_0_3041.jpeg,2,299.4341
data_clean\train\def_front\cast_def_0_9847.jpeg,2,307.8666
data_clean\train\def_front\cast_def_0_1053.jpeg,2,323.0545
data_clean\train\def_front\cast_def_0_4284.jpeg,2,334.8708
data_clean\val\def_front\cast_def_0_150.jpeg,2,339.6033
data_clean\train\def_front\cast_def_0_6254.jpeg,2,342.8795
data_clean\val\def_front\cast_def_0_1591.jpeg,2,360.5012
data_clean\train\def_front\cast_def_0_7847.jpeg,2,382.7701
data_clean\train\def_front\cast_def_0_4669.jpeg,2,385.3564
data_clean\train\def_front\cast_def_0_2838.jpeg,2,388.0921
data_clean\train\def_front\cast_def_0_3047.jpeg,2,390.1599
data_clean\train\def_front\cast_def_0_4932.jpeg,2,390.5790
data_clean\train\def_front\cast_def_0_7057.jpeg,2,390.6588
data_clean\train\def_front\cast_def_0_4710.jpeg,2,390.6838
data_clean\train\def_front\cast_def_0_9965.jpeg,2,390.7068
data_clean\train\def_front\cast_def_0_3464.jpeg,2,390.7296
data_clean\train\def_front\cast_def_0_6988.jpeg,2,390.7467
data_clean\train\def_front\cast_def_0_7878.jpeg,2,390.9793
data_clean\train\def_front\cast_def_0_2949.jpeg,2,390.9862
data_clean\train\def_front\cast_def_0_8041.jpeg,2,391.1668
data_clean\train\def_front\cast_def_0_4073.jpeg,2,391.2136
data_clean\train\def_front\cast_def_0_1016.jpeg,2,391.4549
data_clean\train\def_front\cast_def_0_5152.jpeg,2,392.5078
data_clean\train\def_front\cast_def_0_9835.jpeg,3,28.2131
data_clean\train\def_front\cast_def_0_136.jpeg,3,28.5371
data_clean\train\def_front\cast_def_0_9848.jpeg,3,28.8130
data_clean\train\def_front\cast_def_0_7210.jpeg,3,30.0801
data_clean\train\def_front\cast_def_0_2729.jpeg,3,32.5899
data_clean\train\def_front\cast_def_0_765.jpeg,3,33.0406
data_clean\train\def_front\cast_def_0_7826.jpeg,3,33.2953
data_clean\train\def_front\cast_def_0_992.jpeg,3,33.8593
data_clean\train\def_front\cast_def_0_4962.jpeg,3,33.9558
data_clean\train\def_front\cast_def_0_3563.jpeg,3,34.6686
data_clean\val\def_front\cast_def_0_7481.jpeg,3,35.4383
data_clean\train\def_front\cast_def_0_6698.jpeg,3,35.5159
data_clean\val\def_front\cast_def_0_190.jpeg,3,36.2044
data_clean\train\def_front\cast_def_0_5954.jpeg,3,37.3523
data_clean\train\def_front\cast_def_0_9792.jpeg,3,37.7417
data_clean\val\def_front\cast_def_0_9758.jpeg,3,38.3471
data_clean\train\def_front\cast_def_0_7804.jpeg,3,38.4537
data_clean\val\def_front\cast_def_0_290.jpeg,3,39.0200
data_clean\train\def_front\cast_def_0_5342.jpeg,3,39.1713
data_clean\train\def_front\cast_def_0_5484.jpeg,3,39.5727
data_clean\train\def_front\cast_def_0_1221.jpeg,3,40.0375
data_clean\train\def_front\cast_def_0_8420.jpeg,3,40.1959
data_clean\train\def_front\cast_def_0_7644.jpeg,3,40.2644
data_clean\train\def_front\cast_def_0_3437.jpeg,3,40.6744
data_clean\train\def_front\cast_def_0_3457.jpeg,3,41.9343
data_clean\val\def_front\cast_def_0_1506.jpeg,3,42.5320
data_clean\train\def_front\cast_def_0_3524.jpeg,3,42.8362
data_clean\train\def_front\cast_def_0_8697.jpeg,3,43.5199
data_clean\train\def_front\cast_def_0_818.jpeg,3,43.7298
data_clean\train\def_front\cast_def_0_3446.jpeg,3,43.7514
data_clean\train\def_front\cast_def_0_4141.jpeg,3,43.9604
data_clean\val\def_front\cast_def_0_1392.jpeg,3,44.0316
data_clean\train\def_front\cast_def_0_6064.jpeg,3,44.0654
data_clean\val\def_front\cast_def_0_2135.jpeg,3,44.8474
data_clean\train\def_front\cast_def_0_7112.jpeg,3,44.9923
data_clean\train\def_front\cast_def_0_8122.jpeg,3,45.4525
data_clean\train\def_front\cast_def_0_2113.jpeg,3,45.9132
data_clean\train\def_front\cast_def_0_9000.jpeg,3,46.1991
data_clean\train\def_front\cast_def_0_9854.jpeg,3,46.2759
data_clean\train\def_front\cast_def_0_1694.jpeg,3,46.6619
data_clean\train\def_front\cast_def_0_3280.jpeg,3,47.5779
data_clean\train\def_front\cast_def_0_6267.jpeg,3,47.7029
data_clean\train\def_front\cast_def_0_4429.jpeg,3,48.3140
data_clean\train\def_front\cast_def_0_1669.jpeg,3,48.5192
data_clean\train\def_front\cast_def_0_5799.jpeg,3,48.7230
data_clean\train\def_front\cast_def_0_2506.jpeg,3,49.4251
data_clean\train\def_front\cast_def_0_5834.jpeg,3,49.4974
data_clean\train\def_front\cast_def_0_8542.jpeg,3,49.6272
data_clean\train\def_front\cast_def_0_3648.jpeg,3,49.9582
data_clean\val\def_front\cast_def_0_592.jpeg,3,50.1343
data_clean\val\def_front\cast_def_0_3388.jpeg,3,50.4461
data_clean\train\def_front\cast_def_0_5768.jpeg,3,50.9297
data_clean\val\def_front\cast_def_0_4133.jpeg,3,51.1047
data_clean\train\def_front\cast_def_0_6533.jpeg,3,51.4574
data_clean\train\def_front\cast_def_0_2301.jpeg,3,51.9318
data_clean\train\def_front\cast_def_0_6114.jpeg,3,52.0731
data_clean\train\def_front\cast_def_0_2219.jpeg,3,52.2384
data_clean\train\def_front\cast_def_0_4989.jpeg,3,52.8883
data_clean\val\def_front\cast_def_0_3123.jpeg,3,53.5673
data_clean\train\def_front\cast_def_0_5641.jpeg,3,54.1813
data_clean\val\def_front\cast_def_0_2421.jpeg,3,54.2009
data_clean\train\def_front\cast_def_0_9217.jpeg,3,54.4101
data_clean\train\def_front\cast_def_0_5207.jpeg,3,54.8223
data_clean\val\def_front\cast_def_0_7653.jpeg,3,55.3550
data_clean\train\def_front\cast_def_0_2017.jpeg,3,55.5261
data_clean\train\def_front\cast_def_0_3994.jpeg,3,55.7511
data_clean\train\def_front\cast_def_0_4515.jpeg,3,55.7586
data_clean\train\def_front\cast_def_0_7490.jpeg,3,55.9818
data_clean\train\def_front\cast_def_0_4754.jpeg,3,55.9865
data_clean\train\def_front\cast_def_0_3492.jpeg,3,56.2823
data_clean\val\def_front\cast_def_0_1447.jpeg,3,56.3023
data_clean\val\def_front\cast_def_0_1137.jpeg,3,56.6399
data_clean\train\def_front\cast_def_0_9494.jpeg,3,57.0837
data_clean\train\def_front\cast_def_0_2701.jpeg,3,57.1545
data_clean\train\def_front\cast_def_0_9798.jpeg,3,57.6735
data_clean\val\def_front\cast_def_0_457.jpeg,3,57.8230
data_clean\train\def_front\cast_def_0_5838.jpeg,3,57.9869
data_clean\train\def_front\cast_def_0_5336.jpeg,3,58.3354
data_clean\train\def_front\cast_def_0_2164.jpeg,3,58.5306
data_clean\train\def_front\cast_def_0_7331.jpeg,3,59.1422
data_clean\train\def_front\cast_def_0_4230.jpeg,3,59.2456
data_clean\train\def_front\cast_def_0_5770.jpeg,3,59.5037
data_clean\train\def_front\cast_def_0_3914.jpeg,3,60.0576
data_clean\train\def_front\cast_def_0_7553.jpeg,3,60.2794
data_clean\train\def_front\cast_def_0_1175.jpeg,3,60.5021
data_clean\train\def_front\cast_def_0_4626.jpeg,3,61.0464
data_clean\train\def_front\cast_def_0_9165.jpeg,3,61.4599
data_clean\train\def_front\cast_def_0_8662.jpeg,3,61.4849
data_clean\train\def_front\cast_def_0_5900.jpeg,3,61.5658
data_clean\train\def_front\cast_def_0_2699.jpeg,3,61.5728
data_clean\train\def_front\cast_def_0_5669.jpeg,3,61.7079
data_clean\train\def_front\cast_def_0_7946.jpeg,3,61.7333
data_clean\train\def_front\cast_def_0_2778.jpeg,3,61.9231
data_clean\train\def_front\cast_def_0_6909.jpeg,3,62.4450
data_clean\train\def_front\cast_def_0_1116.jpeg,3,62.8762
data_clean\train\def_front\cast_def_0_3239.jpeg,3,62.8801
data_clean\train\def_front\cast_def_0_6459.jpeg,3,63.3450
data_clean\train\def_front\cast_def_0_7555.jpeg,3,63.5254
data_clean\train\def_front\cast_def_0_3976.jpeg,3,63.5668
data_clean\val\def_front\cast_def_0_2212.jpeg,3,63.7812
data_clean\train\def_front\cast_def_0_3290.jpeg,3,63.8278
data_clean\train\def_front\cast_def_0_6610.jpeg,3,64.3411
data_clean\train\def_front\cast_def_0_1738.jpeg,3,64.6922
data_clean\train\def_front\cast_def_0_1110.jpeg,3,64.7756
data_clean\train\def_front\cast_def_0_9481.jpeg,3,64.8317
data_clean\train\def_front\cast_def_0_131.jpeg,3,65.5184
data_clean\train\def_front\cast_def_0_9465.jpeg,3,65.7211
data_clean\train\def_front\cast_def_0_6163.jpeg,3,65.8428
data_clean\val\def_front\new__0_2783.jpeg,3,65.8599
data_clean\train\def_front\cast_def_0_7895.jpeg,3,66.3464
data_clean\train\def_front\cast_def_0_933.jpeg,3,66.3795
data_clean\train\def_front\cast_def_0_2763.jpeg,3,66.5907
data_clean\train\def_front\cast_def_0_4420.jpeg,3,66.6051
data_clean\train\def_front\cast_def_0_5443.jpeg,3,66.7872
data_clean\train\def_front\cast_def_0_1409.jpeg,3,67.0121
data_clean\train\def_front\cast_def_0_8358.jpeg,3,67.9347
data_clean\train\def_front\cast_def_0_3052.jpeg,3,68.0772
data_clean\train\def_front\cast_def_0_2000.jpeg,3,68.0978
data_clean\train\def_front\cast_def_0_4246.jpeg,3,68.2499
data_clean\train\def_front\cast_def_0_4729.jpeg,3,68.4678
data_clean\train\def_front\cast_def_0_6374.jpeg,3,68.6090
data_clean\train\def_front\cast_def_0_2057.jpeg,3,68.6455
data_clean\train\def_front\cast_def_0_9002.jpeg,3,69.5351
data_clean\train\def_front\cast_def_0_4493.jpeg,3,69.8322
data_clean\train\def_front\cast_def_0_4878.jpeg,3,70.5253
data_clean\train\def_front\cast_def_0_4526.jpeg,3,70.6925
data_clean\train\def_front\cast_def_0_8022.jpeg,3,70.7110
data_clean\train\def_front\cast_def_0_9229.jpeg,3,70.7567
data_clean\train\def_front\cast_def_0_7225.jpeg,3,70.8797
data_clean\train\def_front\cast_def_0_2336.jpeg,3,70.9523
data_clean\val\def_front\cast_def_0_939.jpeg,3,70.9783
data_clean\train\def_front\cast_def_0_8381.jpeg,3,71.0137
data_clean\train\def_front\cast_def_0_7190.jpeg,3,71.1718
data_clean\val\def_front\cast_def_0_1510.jpeg,3,71.3603
data_clean\train\def_front\cast_def_0_9480.jpeg,3,71.4002
data_clean\train\def_front\cast_def_0_9.jpeg,3,71.9152
data_clean\train\def_front\cast_def_0_4361.jpeg,3,72.7789
data_clean\val\def_front\cast_def_0_138.jpeg,3,73.0508
data_clean\train\def_front\cast_def_0_4097.jpeg,3,73.1399
data_clean\train\def_front\cast_def_0_2721.jpeg,3,73.2785
data_clean\train\def_front\cast_def_0_4877.jpeg,3,73.4629
data_clean\train\def_front\cast_def_0_7261.jpeg,3,73.7242
data_clean\train\def_front\cast_def_0_6438.jpeg,3,73.7816
data_clean\train\def_front\cast_def_0_5901.jpeg,3,74.1837
data_clean\train\def_front\cast_def_0_999.jpeg,3,74.6810
data_clean\train\def_front\cast_def_0_1014.jpeg,3,74.7494
data_clean\train\def_front\cast_def_0_796.jpeg,3,74.7605
data_clean\train\def_front\cast_def_0_6809.jpeg,3,75.1706
data_clean\train\def_front\cast_def_0_9493.jpeg,3,75.5366
data_clean\train\def_front\cast_def_0_9267.jpeg,3,75.8213
data_clean\train\def_front\cast_def_0_5668.jpeg,3,76.1476
data_clean\val\def_front\cast_def_0_9960.jpeg,3,76.3273
data_clean\train\def_front\cast_def_0_3582.jpeg,3,76.6637
data_clean\train\def_front\cast_def_0_772.jpeg,3,76.8325
data_clean\train\def_front\cast_def_0_2757.jpeg,3,76.8770
data_clean\train\def_front\cast_def_0_6566.jpeg,3,76.9843
data_clean\train\def_front\cast_def_0_6249.jpeg,3,77.1007
data_clean\train\def_front\cast_def_0_2548.jpeg,3,77.2570
data_clean\train\def_front\cast_def_0_4166.jpeg,3,77.3774
data_clean\train\def_front\cast_def_0_8239.jpeg,3,78.2964
data_clean\train\def_front\cast_def_0_2632.jpeg,3,78.7462
data_clean\train\def_front\cast_def_0_2847.jpeg,3,78.7765
data_clean\train\def_front\cast_def_0_8376.jpeg,3,78.8989
data_clean\train\def_front\cast_def_0_8988.jpeg,3,78.9455
data_clean\train\def_front\cast_def_0_7433.jpeg,3,79.4181
data_clean\val\def_front\cast_def_0_1500.jpeg,3,79.4649
data_clean\train\def_front\cast_def_0_8820.jpeg,3,79.7806
data_clean\train\def_front\cast_def_0_8748.jpeg,3,79.8359
data_clean\train\def_front\cast_def_0_4194.jpeg,3,79.8564
data_clean\train\def_front\cast_def_0_9893.jpeg,3,79.9294
data_clean\train\def_front\cast_def_0_8852.jpeg,3,80.1163
data_clean\train\def_front\cast_def_0_3139.jpeg,3,80.5251
data_clean\train\def_front\cast_def_0_4499.jpeg,3,80.6059
data_clean\train\def_front\cast_def_0_8384.jpeg,3,80.6807
data_clean\train\def_front\cast_def_0_6772.jpeg,3,81.3960
data_clean\train\def_front\cast_def_0_2203.jpeg,3,81.7169
data_clean\train\def_front\cast_def_0_5532.jpeg,3,82.1087
data_clean\train\def_front\cast_def_0_6967.jpeg,3,82.3065
data_clean\train\def_front\cast_def_0_6344.jpeg,3,82.4450
data_clean\train\def_front\cast_def_0_1720.jpeg,3,82.6207
data_clean\train\def_front\cast_def_0_9449.jpeg,3,85.2816
data_clean\val\def_front\cast_def_0_1638.jpeg,3,85.3841
data_clean\train\def_front\cast_def_0_6574.jpeg,3,85.4454
data_clean\train\def_front\cast_def_0_1801.jpeg,3,85.5724
data_clean\train\def_front\cast_def_0_3405.jpeg,3,85.6061
data_clean\train\def_front\cast_def_0_9587.jpeg,3,85.6921
data_clean\train\def_front\cast_def_0_5710.jpeg,3,86.1421
data_clean\train\def_front\cast_def_0_4865.jpeg,3,86.1431
data_clean\train\def_front\cast_def_0_6802.jpeg,3,86.1776
data_clean\train\def_front\cast_def_0_1342.jpeg,3,86.3971
data_clean\train\def_front\cast_def_0_4712.jpeg,3,86.8649
data_clean\train\def_front\cast_def_0_8451.jpeg,3,86.9496
data_clean\train\def_front\cast_def_0_4266.jpeg,3,87.3514
data_clean\train\def_front\cast_def_0_308.jpeg,3,87.6202
data_clean\train\def_front\cast_def_0_2578.jpeg,3,87.6890
data_clean\train\def_front\cast_def_0_3104.jpeg,3,87.9999
data_clean\val\def_front\cast_def_0_5302.jpeg,3,88.1911
data_clean\train\def_front\cast_def_0_5131.jpeg,3,88.4519
data_clean\train\def_front\cast_def_0_6733.jpeg,3,88.7963
data_clean\train\def_front\cast_def_0_2305.jpeg,3,88.9158
data_clean\train\def_front\cast_def_0_6825.jpeg,3,88.9703
data_clean\train\def_front\cast_def_0_7224.jpeg,3,89.4251
data_clean\train\def_front\cast_def_0_9291.jpeg,3,90.4078
data_clean\train\def_front\cast_def_0_7807.jpeg,3,90.6770
data_clean\train\def_front\cast_def_0_841.jpeg,3,90.8041
data_clean\train\def_front\cast_def_0_798.jpeg,3,90.9051
data_clean\train\def_front\cast_def_0_8453.jpeg,3,90.9326
data_clean\train\def_front\cast_def_0_8452.jpeg,3,91.2314
data_clean\train\def_front\cast_def_0_7372.jpeg,3,91.2575
data_clean\train\def_front\cast_def_0_4577.jpeg,3,91.2751
data_clean\train\def_front\cast_def_0_421.jpeg,3,91.4759
data_clean\train\def_front\cast_def_0_2552.jpeg,3,91.5761
data_clean\train\def_front\cast_def_0_5055.jpeg,3,91.5870
data_clean\train\def_front\cast_def_0_4039.jpeg,3,92.1494
data_clean\train\def_front\cast_def_0_2946.jpeg,3,92.5896
data_clean\train\def_front\cast_def_0_4607.jpeg,3,92.6623
data_clean\train\def_front\cast_def_0_9981.jpeg,3,92.9679
data_clean\train\def_front\cast_def_0_2329.jpeg,3,93.0875
data_clean\train\def_front\cast_def_0_3913.jpeg,3,93.3251
data_clean\val\def_front\cast_def_0_432.jpeg,3,93.6055
data_clean\train\def_front\cast_def_0_9420.jpeg,3,93.9901
data_clean\train\def_front\cast_def_0_24.jpeg,3,94.0943
data_clean\val\def_front\cast_def_0_1493.jpeg,3,94.1514
data_clean\train\def_front\cast_def_0_1912.jpeg,3,94.1881
data_clean\train\def_front\cast_def_0_5374.jpeg,3,94.7990
data_clean\train\def_front\cast_def_0_1965.jpeg,3,94.9114
data_clean\train\def_front\cast_def_0_3672.jpeg,3,95.0627
data_clean\train\def_front\cast_def_0_9119.jpeg,3,95.1372
data_clean\train\def_front\cast_def_0_6390.jpeg,3,95.6736
data_clean\train\def_front\cast_def_0_3873.jpeg,3,96.6327
data_clean\train\def_front\cast_def_0_2182.jpeg,3,96.7126
data_clean\train\def_front\cast_def_0_1731.jpeg,3,97.6849
data_clean\train\def_front\cast_def_0_7126.jpeg,3,97.7369
data_clean\train\def_front\cast_def_0_1868.jpeg,3,98.0099
data_clean\train\def_front\cast_def_0_9026.jpeg,3,98.5177
data_clean\train\def_front\cast_def_0_4874.jpeg,3,98.6825
data_clean\train\def_front\cast_def_0_9313.jpeg,3,98.9507
data_clean\val\def_front\cast_def_0_1412.jpeg,3,99.6218
data_clean\train\def_front\cast_def_0_3598.jpeg,3,99.6484
data_clean\train\def_front\cast_def_0_8118.jpeg,3,99.7044
data_clean\train\def_front\cast_def_0_2603.jpeg,3,99.7072
data_clean\train\def_front\cast_def_0_2434.jpeg,3,99.7991
data_clean\train\def_front\cast_def_0_4769.jpeg,3,99.8653
data_clean\val\def_front\cast_def_0_659.jpeg,3,100.0063
data_clean\train\def_front\cast_def_0_8947.jpeg,3,100.1457
data_clean\train\def_front\cast_def_0_2679.jpeg,3,100.2242
data_clean\train\def_front\cast_def_0_7831.jpeg,3,100.5639
data_clean\train\def_front\cast_def_0_9562.jpeg,3,100.8093
data_clean\train\def_front\cast_def_0_5889.jpeg,3,101.5224
data_clean\train\def_front\cast_def_0_5331.jpeg,3,101.6848
data_clean\train\def_front\cast_def_0_6415.jpeg,3,101.7011
data_clean\train\def_front\cast_def_0_6124.jpeg,3,101.9754
data_clean\val\def_front\cast_def_0_1397.jpeg,3,102.2207
data_clean\train\def_front\cast_def_0_9588.jpeg,3,102.5059
data_clean\train\def_front\cast_def_0_3802.jpeg,3,102.8619
data_clean\train\def_front\cast_def_0_8106.jpeg,3,102.9048
data_clean\train\def_front\cast_def_0_3187.jpeg,3,103.0036
data_clean\val\def_front\cast_def_0_9969.jpeg,3,103.9392
data_clean\train\def_front\cast_def_0_768.jpeg,3,104.0858
data_clean\train\def_front\cast_def_0_3838.jpeg,3,104.3430
data_clean\train\def_front\cast_def_0_2605.jpeg,3,104.7389
data_clean\train\def_front\cast_def_0_9784.jpeg,3,104.8649
data_clean\train\def_front\cast_def_0_1800.jpeg,3,104.9044
data_clean\train\def_front\cast_def_0_4619.jpeg,3,105.0521
data_clean\train\def_front\cast_def_0_6388.jpeg,3,105.4703
data_clean\train\def_front\cast_def_0_1210.jpeg,3,105.5629
data_clean\train\def_front\cast_def_0_3429.jpeg,3,106.4151
data_clean\val\def_front\cast_def_0_85.jpeg,3,106.7314
data_clean\val\def_front\cast_def_0_5297.jpeg,3,106.7700
data_clean\val\def_front\cast_def_0_1593.jpeg,3,106.8671
data_clean\train\def_front\cast_def_0_4579.jpeg,3,107.3695
data_clean\train\def_front\cast_def_0_918.jpeg,3,107.4641
data_clean\train\def_front\cast_def_0_7710.jpeg,3,107.9677
data_clean\train\def_front\cast_def_0_9607.jpeg,3,108.1157
data_clean\train\def_front\cast_def_0_9762.jpeg,3,108.1313
data_clean\train\def_front\cast_def_0_3956.jpeg,3,108.6145
data_clean\train\def_front\cast_def_0_7421.jpeg,3,108.8142
data_clean\train\def_front\cast_def_0_2596.jpeg,3,109.3978
data_clean\val\def_front\cast_def_0_669.jpeg,3,109.5905
data_clean\train\def_front\cast_def_0_6006.jpeg,3,109.6539
data_clean\train\def_front\cast_def_0_7851.jpeg,3,109.8201
data_clean\train\def_front\cast_def_0_3373.jpeg,3,109.8406
data_clean\train\def_front\cast_def_0_4879.jpeg,3,110.2794
data_clean\train\def_front\cast_def_0_53.jpeg,3,111.3116
data_clean\val\def_front\cast_def_0_2137.jpeg,3,111.7151
data_clean\train\def_front\cast_def_0_6201.jpeg,3,111.7910
data_clean\train\def_front\cast_def_0_6863.jpeg,3,111.9733
data_clean\train\def_front\cast_def_0_1782.jpeg,3,111.9747
data_clean\train\def_front\cast_def_0_7505.jpeg,3,112.0386
data_clean\train\def_front\cast_def_0_7011.jpeg,3,112.3113
data_clean\train\def_front\cast_def_0_2925.jpeg,3,113.0433
data_clean\val\def_front\cast_def_0_3416.jpeg,3,113.2851
data_clean\train\def_front\cast_def_0_4868.jpeg,3,113.6976
data_clean\train\def_front\cast_def_0_6245.jpeg,3,114.4120
data_clean\val\def_front\new__0_7515.jpeg,3,114.5655
data_clean\train\def_front\cast_def_0_3553.jpeg,3,115.3166
data_clean\val\def_front\cast_def_0_4160.jpeg,3,115.4260
data_clean\train\def_front\cast_def_0_2710.jpeg,3,115.5525
data_clean\train\def_front\cast_def_0_2652.jpeg,3,115.7606
data_clean\val\def_front\cast_def_0_164.jpeg,3,116.0858
data_clean\train\def_front\cast_def_0_8077.jpeg,3,117.1448
data_clean\train\def_front\cast_def_0_3430.jpeg,3,117.4304
data_clean\train\def_front\cast_def_0_3365.jpeg,3,117.4697
data_clean\val\def_front\new__0_1664.jpeg,3,117.5257
data_clean\train\def_front\cast_def_0_4942.jpeg,3,117.5516
data_clean\val\def_front\cast_def_0_1172.jpeg,3,117.6391
data_clean\train\def_front\cast_def_0_1402.jpeg,3,118.8834
data_clean\train\def_front\cast_def_0_3515.jpeg,3,118.9038
data_clean\train\def_front\cast_def_0_5070.jpeg,3,119.2205
data_clean\train\def_front\cast_def_0_5103.jpeg,3,119.2620
data_clean\train\def_front\cast_def_0_8220.jpeg,3,119.2848
data_clean\train\def_front\cast_def_0_6014.jpeg,3,119.3425
data_clean\val\def_front\cast_def_0_108.jpeg,3,119.4221
data_clean\train\def_front\cast_def_0_3970.jpeg,3,119.7386
data_clean\train\def_front\cast_def_0_6103.jpeg,3,119.8940
data_clean\train\def_front\cast_def_0_3246.jpeg,3,120.1938
data_clean\train\def_front\cast_def_0_6811.jpeg,3,120.2161
data_clean\train\def_front\cast_def_0_8856.jpeg,3,120.6399
data_clean\val\def_front\new__0_8133.jpeg,3,120.9246
data_clean\train\def_front\cast_def_0_7256.jpeg,3,121.0052
data_clean\train\def_front\cast_def_0_3303.jpeg,3,121.0224
data_clean\train\def_front\cast_def_0_6561.jpeg,3,121.1020
data_clean\train\def_front\cast_def_0_2901.jpeg,3,121.1155
data_clean\train\def_front\cast_def_0_7910.jpeg,3,121.5024
data_clean\val\def_front\cast_def_0_536.jpeg,3,121.8482
data_clean\train\def_front\cast_def_0_6135.jpeg,3,121.9989
data_clean\train\def_front\cast_def_0_8804.jpeg,3,122.0300
data_clean\val\def_front\cast_def_0_1895.jpeg,3,122.0481
data_clean\train\def_front\cast_def_0_1673.jpeg,3,122.0950
data_clean\train\def_front\cast_def_0_744.jpeg,3,122.1018
data_clean\train\def_front\cast_def_0_3622.jpeg,3,122.3581
data_clean\train\def_front\cast_def_0_2052.jpeg,3,122.5955
data_clean\train\def_front\cast_def_0_6729.jpeg,3,122.6344
data_clean\train\def_front\cast_def_0_8377.jpeg,3,122.9520
data_clean\val\def_front\cast_def_0_2342.jpeg,3,124.0239
data_clean\train\def_front\cast_def_0_3920.jpeg,3,124.0391
data_clean\train\def_front\cast_def_0_4600.jpeg,3,124.0508
data_clean\val\def_front\cast_def_0_437.jpeg,3,124.2479
data_clean\train\def_front\cast_def_0_9461.jpeg,3,124.5595
data_clean\train\def_front\cast_def_0_3966.jpeg,3,124.9130
data_clean\train\def_front\cast_def_0_6538.jpeg,3,125.2963
data_clean\train\def_front\cast_def_0_8764.jpeg,3,125.5375
data_clean\train\def_front\cast_def_0_6954.jpeg,3,126.8180
data_clean\train\def_front\cast_def_0_727.jpeg,3,126.9417
data_clean\train\def_front\cast_def_0_3647.jpeg,3,126.9956
data_clean\train\def_front\cast_def_0_681.jpeg,3,127.1932
data_clean\val\def_front\cast_def_0_2215.jpeg,3,127.2626
data_clean\train\def_front\cast_def_0_5861.jpeg,3,127.5156
data_clean\train\def_front\cast_def_0_2612.jpeg,3,128.0337
data_clean\train\def_front\cast_def_0_7950.jpeg,3,128.5671
data_clean\train\def_front\cast_def_0_8428.jpeg,3,128.6069
data_clean\train\def_front\cast_def_0_6539.jpeg,3,128.6135
data_clean\train\def_front\cast_def_0_1883.jpeg,3,128.8122
data_clean\train\def_front\cast_def_0_3250.jpeg,3,128.8388
data_clean\train\def_front\cast_def_0_6293.jpeg,3,128.8523
data_clean\train\def_front\cast_def_0_7907.jpeg,3,128.8751
data_clean\train\def_front\cast_def_0_4817.jpeg,3,128.9415
data_clean\train\def_front\cast_def_0_3544.jpeg,3,129.9124
data_clean\train\def_front\cast_def_0_4059.jpeg,3,129.9505
data_clean\train\def_front\cast_def_0_7085.jpeg,3,130.1638
data_clean\val\def_front\cast_def_0_491.jpeg,3,130.4801
data_clean\train\def_front\cast_def_0_2337.jpeg,3,130.7317
data_clean\train\def_front\cast_def_0_2692.jpeg,3,130.8698
data_clean\train\def_front\cast_def_0_7373.jpeg,3,130.9679
data_clean\train\def_front\cast_def_0_9799.jpeg,3,131.0202
data_clean\train\def_front\cast_def_0_2460.jpeg,3,131.3819
data_clean\val\def_front\cast_def_0_2528.jpeg,3,131.6676
data_clean\val\def_front\cast_def_0_1569.jpeg,3,131.7182
data_clean\val\def_front\cast_def_0_1203.jpeg,3,132.2563
data_clean\train\def_front\cast_def_0_1954.jpeg,3,132.4540
data_clean\train\def_front\cast_def_0_4072.jpeg,3,132.6074
data_clean\train\def_front\cast_def_0_6984.jpeg,3,132.7269
data_clean\train\def_front\cast_def_0_4706.jpeg,3,132.7878
data_clean\train\def_front\cast_def_0_8597.jpeg,3,133.0605
data_clean\train\def_front\cast_def_0_4035.jpeg,3,133.1055
data_clean\train\def_front\cast_def_0_5708.jpeg,3,133.8109
data_clean\train\def_front\cast_def_0_5783.jpeg,3,134.1197
data_clean\val\def_front\cast_def_0_1546.jpeg,3,134.5826
data_clean\train\def_front\cast_def_0_1007.jpeg,3,134.6392
data_clean\val\def_front\cast_def_0_534.jpeg,3,135.0421
data_clean\train\def_front\cast_def_0_2184.jpeg,3,136.5403
data_clean\train\def_front\cast_def_0_4121.jpeg,3,136.6445
data_clean\train\def_front\cast_def_0_4708.jpeg,3,136.6924
data_clean\val\def_front\cast_def_0_242.jpeg,3,137.2598
data_clean\val\def_front\cast_def_0_149.jpeg,3,137.4198
data_clean\train\def_front\cast_def_0_8807.jpeg,3,137.6589
data_clean\train\def_front\cast_def_0_2538.jpeg,3,137.7792
data_clean\train\def_front\cast_def_0_5928.jpeg,3,137.9273
data_clean\train\def_front\cast_def_0_9354.jpeg,3,138.1542
data_clean\train\def_front\cast_def_0_5724.jpeg,3,138.4831
data_clean\train\def_front\cast_def_0_4880.jpeg,3,138.5203
data_clean\val\def_front\cast_def_0_1683.jpeg,3,138.5659
data_clean\train\def_front\cast_def_0_9324.jpeg,3,138.5849
data_clean\train\def_front\cast_def_0_3518.jpeg,3,139.2936
data_clean\val\def_front\cast_def_0_1233.jpeg,3,139.5341
data_clean\train\def_front\cast_def_0_2815.jpeg,3,139.7439
data_clean\train\def_front\cast_def_0_4848.jpeg,3,139.8620
data_clean\train\def_front\cast_def_0_4125.jpeg,3,140.6335
data_clean\train\def_front\cast_def_0_8673.jpeg,3,140.6529
data_clean\train\def_front\cast_def_0_9189.jpeg,3,140.6973
data_clean\train\def_front\cast_def_0_1339.jpeg,3,140.9366
data_clean\train\def_front\cast_def_0_7200.jpeg,3,140.9732
data_clean\train\def_front\cast_def_0_827.jpeg,3,141.4858
data_clean\train\def_front\cast_def_0_337.jpeg,3,141.5340
data_clean\train\def_front\cast_def_0_522.jpeg,3,141.6077
data_clean\train\def_front\cast_def_0_8418.jpeg,3,141.6252
data_clean\val\def_front\cast_def_0_501.jpeg,3,141.6569
data_clean\train\def_front\cast_def_0_9311.jpeg,3,142.1051
data_clean\train\def_front\cast_def_0_7441.jpeg,3,142.5056
data_clean\train\def_front\cast_def_0_5036.jpeg,3,142.6860
data_clean\train\def_front\cast_def_0_3910.jpeg,3,143.1706
data_clean\train\def_front\cast_def_0_4588.jpeg,3,143.2891
data_clean\train\def_front\cast_def_0_2965.jpeg,3,143.4429
data_clean\val\def_front\cast_def_0_656.jpeg,3,143.9639
data_clean\train\def_front\cast_def_0_9198.jpeg,3,144.1460
data_clean\train\def_front\cast_def_0_1745.jpeg,3,144.6760
data_clean\val\def_front\cast_def_0_176.jpeg,3,144.8710
data_clean\train\def_front\cast_def_0_3108.jpeg,3,144.8832
data_clean\train\def_front\cast_def_0_4659.jpeg,3,145.0432
data_clean\train\def_front\cast_def_0_21.jpeg,3,146.0996
data_clean\train\def_front\cast_def_0_3218.jpeg,3,146.1344
data_clean\train\def_front\cast_def_0_8182.jpeg,3,146.1361
data_clean\train\def_front\cast_def_0_3792.jpeg,3,146.1387
data_clean\train\def_front\cast_def_0_3426.jpeg,3,146.3077
data_clean\train\def_front\cast_def_0_3113.jpeg,3,146.5032
data_clean\val\def_front\cast_def_0_1903.jpeg,3,146.6122
data_clean\train\def_front\cast_def_0_5921.jpeg,3,146.8091
data_clean\train\def_front\cast_def_0_2071.jpeg,3,147.1274
data_clean\train\def_front\cast_def_0_5614.jpeg,3,147.3506
data_clean\train\def_front\cast_def_0_1976.jpeg,3,147.4622
data_clean\train\def_front\cast_def_0_5700.jpeg,3,147.5152
data_clean\train\def_front\cast_def_0_9639.jpeg,3,147.5891
data_clean\train\def_front\cast_def_0_2572.jpeg,3,147.5908
data_clean\train\def_front\cast_def_0_3912.jpeg,3,147.6017
data_clean\train\def_front\cast_def_0_5444.jpeg,3,147.6063
data_clean\train\def_front\cast_def_0_8971.jpeg,3,148.4425
data_clean\train\def_front\cast_def_0_1794.jpeg,3,148.5883
data_clean\train\def_front\cast_def_0_9460.jpeg,3,148.6242
data_clean\train\def_front\cast_def_0_5067.jpeg,3,148.6940
data_clean\train\def_front\cast_def_0_447.jpeg,3,148.7357
data_clean\train\def_front\cast_def_0_9479.jpeg,3,149.4180
data_clean\train\def_front\cast_def_0_3753.jpeg,3,149.5873
data_clean\train\def_front\cast_def_0_1709.jpeg,3,149.9460
data_clean\train\def_front\cast_def_0_2723.jpeg,3,150.1182
data_clean\train\def_front\cast_def_0_5753.jpeg,3,150.2329
data_clean\val\def_front\new__0_6708.jpeg,3,150.2970
data_clean\train\def_front\cast_def_0_335.jpeg,3,150.8516
data_clean\train\def_front\cast_def_0_9258.jpeg,3,151.2131
data_clean\val\def_front\cast_def_0_455.jpeg,3,151.2152
data_clean\train\def_front\cast_def_0_6636.jpeg,3,151.5719
data_clean\train\def_front\cast_def_0_7409.jpeg,3,151.6672
data_clean\train\def_front\cast_def_0_2986.jpeg,3,151.8302
data_clean\train\def_front\cast_def_0_9546.jpeg,3,152.0219
data_clean\val\def_front\cast_def_0_619.jpeg,3,152.0798
data_clean\train\def_front\cast_def_0_3018.jpeg,3,152.1526
data_clean\train\def_front\cast_def_0_4049.jpeg,3,152.3690
data_clean\train\def_front\cast_def_0_8868.jpeg,3,152.4826
data_clean\train\def_front\cast_def_0_5608.jpeg,3,152.7649
data_clean\val\def_front\cast_def_0_193.jpeg,3,152.9634
data_clean\train\def_front\cast_def_0_5185.jpeg,3,153.1996
data_clean\val\def_front\cast_def_0_1570.jpeg,3,153.3342
data_clean\train\def_front\cast_def_0_7169.jpeg,3,153.9271
data_clean\train\def_front\cast_def_0_8651.jpeg,3,154.5066
data_clean\train\def_front\cast_def_0_6291.jpeg,3,154.5344
data_clean\train\def_front\cast_def_0_2389.jpeg,3,155.2137
data_clean\train\def_front\cast_def_0_7480.jpeg,3,155.9850
data_clean\train\def_front\cast_def_0_9736.jpeg,3,155.9978
data_clean\train\def_front\cast_def_0_6292.jpeg,3,156.0196
data_clean\train\def_front\cast_def_0_7982.jpeg,3,156.1111
data_clean\train\def_front\cast_def_0_363.jpeg,3,156.1969
data_clean\train\def_front\cast_def_0_4855.jpeg,3,156.4768
data_clean\train\def_front\cast_def_0_2793.jpeg,3,156.5715
data_clean\val\def_front\cast_def_0_154.jpeg,3,156.5840
data_clean\train\def_front\cast_def_0_695.jpeg,3,157.4627
data_clean\train\def_front\cast_def_0_1207.jpeg,3,157.4796
data_clean\train\def_front\cast_def_0_6136.jpeg,3,157.8251
data_clean\train\def_front\cast_def_0_4066.jpeg,3,157.9844
data_clean\train\def_front\cast_def_0_4742.jpeg,3,158.4504
data_clean\train\def_front\cast_def_0_4120.jpeg,3,158.4847
data_clean\train\def_front\cast_def_0_9412.jpeg,3,158.5717
data_clean\train\def_front\cast_def_0_4415.jpeg,3,158.7090
data_clean\train\def_front\cast_def_0_884.jpeg,3,159.1709
data_clean\train\def_front\cast_def_0_7127.jpeg,3,159.4896
data_clean\train\def_front\cast_def_0_2574.jpeg,3,159.9460
data_clean\train\def_front\cast_def_0_2272.jpeg,3,160.0651
data_clean\train\def_front\cast_def_0_5976.jpeg,3,160.1826
data_clean\train\def_front\cast_def_0_2140.jpeg,3,160.4123
data_clean\val\def_front\cast_def_0_641.jpeg,3,160.4261
data_clean\val\def_front\cast_def_0_2274.jpeg,3,160.4552
data_clean\train\def_front\cast_def_0_6259.jpeg,3,160.7827
data_clean\train\def_front\cast_def_0_4322.jpeg,3,160.8563
data_clean\train\def_front\cast_def_0_7211.jpeg,3,161.5699
data_clean\train\def_front\cast_def_0_7125.jpeg,3,161.6360
data_clean\train\def_front\cast_def_0_8622.jpeg,3,161.9555
data_clean\train\def_front\cast_def_0_9821.jpeg,3,162.2183
data_clean\train\def_front\cast_def_0_3929.jpeg,3,162.2995
data_clean\train\def_front\cast_def_0_6980.jpeg,3,163.0408
data_clean\train\def_front\cast_def_0_7676.jpeg,3,164.0325
data_clean\train\def_front\cast_def_0_930.jpeg,3,164.0796
data_clean\val\def_front\cast_def_0_531.jpeg,3,164.1335
data_clean\train\def_front\cast_def_0_4523.jpeg,3,164.1531
data_clean\train\def_front\cast_def_0_8003.jpeg,3,164.9832
data_clean\train\def_front\cast_def_0_822.jpeg,3,165.0106
data_clean\train\def_front\cast_def_0_9378.jpeg,3,165.2408
data_clean\val\def_front\cast_def_0_1629.jpeg,3,165.4376
data_clean\train\def_front\cast_def_0_5285.jpeg,3,165.6768
data_clean\train\def_front\cast_def_0_6422.jpeg,3,165.7540
data_clean\train\def_front\cast_def_0_7854.jpeg,3,166.0711
data_clean\train\def_front\cast_def_0_2283.jpeg,3,166.2146
data_clean\train\def_front\cast_def_0_324.jpeg,3,167.3976
data_clean\train\def_front\cast_def_0_1842.jpeg,3,167.4480
data_clean\train\def_front\cast_def_0_7143.jpeg,3,167.7501
data_clean\train\def_front\cast_def_0_6149.jpeg,3,168.1797
data_clean\train\def_front\cast_def_0_1713.jpeg,3,168.4827
data_clean\train\def_front\cast_def_0_2199.jpeg,3,168.6095
data_clean\train\def_front\cast_def_0_4811.jpeg,3,168.6718
data_clean\val\def_front\cast_def_0_2305.jpeg,3,169.5759
data_clean\train\def_front\cast_def_0_5020.jpeg,3,169.7159
data_clean\val\def_front\cast_def_0_1553.jpeg,3,171.0038
data_clean\train\def_front\cast_def_0_5370.jpeg,3,171.4032
data_clean\train\def_front\cast_def_0_6119.jpeg,3,171.5244
data_clean\train\def_front\cast_def_0_6497.jpeg,3,171.7318
data_clean\train\def_front\cast_def_0_3921.jpeg,3,171.9594
data_clean\train\def_front\cast_def_0_6949.jpeg,3,171.9681
data_clean\train\def_front\cast_def_0_360.jpeg,3,172.0444
data_clean\train\def_front\cast_def_0_2657.jpeg,3,172.7357
data_clean\train\def_front\cast_def_0_1987.jpeg,3,172.9864
data_clean\train\def_front\cast_def_0_9007.jpeg,3,173.0879
data_clean\train\def_front\cast_def_0_9450.jpeg,3,173.5072
data_clean\train\def_front\cast_def_0_4087.jpeg,3,173.5836
data_clean\val\def_front\cast_def_0_1560.jpeg,3,173.7501
data_clean\train\def_front\cast_def_0_1922.jpeg,3,174.1435
data_clean\train\def_front\cast_def_0_2163.jpeg,3,174.6780
data_clean\train\def_front\cast_def_0_8026.jpeg,3,174.7715
data_clean\train\def_front\cast_def_0_1895.jpeg,3,174.7903
data_clean\train\def_front\cast_def_0_7492.jpeg,3,174.9755
data_clean\train\def_front\cast_def_0_1328.jpeg,3,175.1549
data_clean\val\def_front\new__0_3645.jpeg,3,175.2582
data_clean\train\def_front\cast_def_0_2985.jpeg,3,175.6742
data_clean\train\def_front\cast_def_0_8768.jpeg,3,175.7020
data_clean\train\def_front\cast_def_0_3404.jpeg,3,175.7372
data_clean\train\def_front\cast_def_0_2218.jpeg,3,175.9164
data_clean\train\def_front\cast_def_0_396.jpeg,3,175.9880
data_clean\train\def_front\cast_def_0_7430.jpeg,3,176.0604
data_clean\val\def_front\cast_def_0_260.jpeg,3,176.4815
data_clean\train\def_front\cast_def_0_5230.jpeg,3,176.7314
data_clean\train\def_front\cast_def_0_4646.jpeg,3,177.3179
data_clean\val\def_front\cast_def_0_564.jpeg,3,177.4852
data_clean\val\def_front\cast_def_0_9747.jpeg,3,177.5469
data_clean\train\def_front\cast_def_0_2099.jpeg,3,177.7499
data_clean\train\def_front\cast_def_0_7632.jpeg,3,178.3204
data_clean\val\def_front\cast_def_0_1488.jpeg,3,178.3296
data_clean\train\def_front\cast_def_0_546.jpeg,3,178.4482
data_clean\train\def_front\cast_def_0_5925.jpeg,3,178.8719
data_clean\val\def_front\cast_def_0_1539.jpeg,3,179.1120
data_clean\train\def_front\cast_def_0_9156.jpeg,3,179.4182
data_clean\train\def_front\cast_def_0_1671.jpeg,3,179.6827
data_clean\train\def_front\cast_def_0_8993.jpeg,3,179.6935
data_clean\train\def_front\cast_def_0_3155.jpeg,3,179.8501
data_clean\train\def_front\cast_def_0_4974.jpeg,3,180.2122
data_clean\train\def_front\cast_def_0_7515.jpeg,3,180.5801
data_clean\train\def_front\cast_def_0_6310.jpeg,3,180.8495
data_clean\train\def_front\cast_def_0_6658.jpeg,3,181.8357
data_clean\train\def_front\cast_def_0_4367.jpeg,3,181.8619
data_clean\train\def_front\cast_def_0_7728.jpeg,3,182.0208
data_clean\train\def_front\cast_def_0_7762.jpeg,3,182.1100
data_clean\train\def_front\cast_def_0_527.jpeg,3,182.2880
data_clean\train\def_front\cast_def_0_1061.jpeg,3,182.3370
data_clean\train\def_front\cast_def_0_1149.jpeg,3,182.9036
data_clean\val\def_front\cast_def_0_162.jpeg,3,183.1446
data_clean\train\def_front\cast_def_0_5042.jpeg,3,183.5564
data_clean\train\def_front\cast_def_0_207.jpeg,3,183.9311
data_clean\train\def_front\cast_def_0_6200.jpeg,3,183.9670
data_clean\train\def_front\cast_def_0_9233.jpeg,3,184.0985
data_clean\train\def_front\cast_def_0_1020.jpeg,3,184.1709
data_clean\train\def_front\cast_def_0_1706.jpeg,3,184.8161
data_clean\val\def_front\cast_def_0_1239.jpeg,3,184.8666
data_clean\val\def_front\cast_def_0_87.jpeg,3,185.2066
data_clean\train\def_front\cast_def_0_9886.jpeg,3,185.2341
data_clean\train\def_front\cast_def_0_27.jpeg,3,185.2400
data_clean\val\def_front\cast_def_0_1620.jpeg,3,185.3057
data_clean\train\def_front\cast_def_0_60.jpeg,3,185.3484
data_clean\train\def_front\cast_def_0_2437.jpeg,3,185.8521
data_clean\train\def_front\cast_def_0_5782.jpeg,3,186.2645
data_clean\val\def_front\cast_def_0_2516.jpeg,3,186.8305
data_clean\val\def_front\cast_def_0_1153.jpeg,3,186.9792
data_clean\train\def_front\cast_def_0_6777.jpeg,3,186.9886
data_clean\train\def_front\cast_def_0_5411.jpeg,3,188.1096
data_clean\train\def_front\cast_def_0_566.jpeg,3,188.5835
data_clean\train\def_front\cast_def_0_5388.jpeg,3,188.7037
data_clean\train\def_front\cast_def_0_2489.jpeg,3,188.7276
data_clean\train\def_front\cast_def_0_5754.jpeg,3,188.9592
data_clean\train\def_front\cast_def_0_51.jpeg,3,189.5053
data_clean\train\def_front\cast_def_0_7587.jpeg,3,189.7707
data_clean\train\def_front\cast_def_0_9135.jpeg,3,190.6741
data_clean\train\def_front\cast_def_0_9923.jpeg,3,190.8845
data_clean\train\def_front\cast_def_0_4486.jpeg,3,190.9052
data_clean\train\def_front\cast_def_0_7271.jpeg,3,191.3446
data_clean\val\def_front\cast_def_0_1399.jpeg,3,191.8168
data_clean\train\def_front\cast_def_0_9642.jpeg,3,191.9268
data_clean\val\def_front\cast_def_0_1637.jpeg,3,191.9417
data_clean\val\def_front\cast_def_0_588.jpeg,3,191.9512
data_clean\train\def_front\cast_def_0_4117.jpeg,3,192.1826
data_clean\train\def_front\cast_def_0_68.jpeg,3,192.7924
data_clean\train\def_front\cast_def_0_8442.jpeg,3,192.9021
data_clean\train\def_front\cast_def_0_7121.jpeg,3,193.1567
data_clean\train\def_front\cast_def_0_581.jpeg,3,193.3696
data_clean\val\def_front\cast_def_0_1681.jpeg,3,193.5975
data_clean\val\def_front\cast_def_0_1633.jpeg,3,194.1156
data_clean\train\def_front\cast_def_0_598.jpeg,3,194.4622
data_clean\train\def_front\cast_def_0_7223.jpeg,3,194.5200
data_clean\train\def_front\cast_def_0_8639.jpeg,3,194.6409
data_clean\train\def_front\cast_def_0_7713.jpeg,3,195.1441
data_clean\train\def_front\cast_def_0_4394.jpeg,3,195.3516
data_clean\train\def_front\cast_def_0_8188.jpeg,3,195.7094
data_clean\train\def_front\cast_def_0_8338.jpeg,3,196.2875
data_clean\train\def_front\cast_def_0_6055.jpeg,3,196.7939
data_clean\train\def_front\cast_def_0_8392.jpeg,3,197.3678
data_clean\train\def_front\cast_def_0_8957.jpeg,3,197.6268
data_clean\train\def_front\cast_def_0_1056.jpeg,3,197.6902
data_clean\train\def_front\cast_def_0_304.jpeg,3,197.7368
data_clean\train\def_front\cast_def_0_9677.jpeg,3,198.0149
data_clean\train\def_front\cast_def_0_769.jpeg,3,198.0229
data_clean\train\def_front\cast_def_0_9442.jpeg,3,198.1572
data_clean\train\def_front\cast_def_0_8785.jpeg,3,198.2892
data_clean\train\def_front\cast_def_0_7010.jpeg,3,198.2900
data_clean\train\def_front\cast_def_0_54.jpeg,3,198.3270
data_clean\train\def_front\cast_def_0_6369.jpeg,3,198.4307
data_clean\train\def_front\cast_def_0_5304.jpeg,3,198.6959
data_clean\train\def_front\cast_def_0_8812.jpeg,3,198.7681
data_clean\train\def_front\cast_def_0_4744.jpeg,3,199.0483
data_clean\train\def_front\cast_def_0_7955.jpeg,3,199.1722
data_clean\train\def_front\cast_def_0_3211.jpeg,3,199.2069
data_clean\train\def_front\cast_def_0_7431.jpeg,3,199.2560
data_clean\train\def_front\cast_def_0_3367.jpeg,3,199.3085
data_clean\train\def_front\cast_def_0_3149.jpeg,3,199.3274
data_clean\train\def_front\cast_def_0_1695.jpeg,3,199.5187
data_clean\train\def_front\cast_def_0_3971.jpeg,3,199.5303
data_clean\train\def_front\cast_def_0_8517.jpeg,3,199.5945
data_clean\train\def_front\cast_def_0_7099.jpeg,3,200.2675
data_clean\train\def_front\cast_def_0_5111.jpeg,3,200.6065
data_clean\train\def_front\cast_def_0_5883.jpeg,3,200.6199
data_clean\train\def_front\cast_def_0_4476.jpeg,3,200.6293
data_clean\train\def_front\cast_def_0_196.jpeg,3,200.7765
data_clean\train\def_front\cast_def_0_7822.jpeg,3,201.4640
data_clean\train\def_front\cast_def_0_1892.jpeg,3,201.5458
data_clean\train\def_front\cast_def_0_808.jpeg,3,201.6380
data_clean\train\def_front\cast_def_0_6737.jpeg,3,201.8358
data_clean\train\def_front\cast_def_0_1840.jpeg,3,201.9755
data_clean\train\def_front\cast_def_0_2351.jpeg,3,202.1588
data_clean\train\def_front\cast_def_0_3219.jpeg,3,202.4501
data_clean\train\def_front\cast_def_0_6091.jpeg,3,202.5826
data_clean\train\def_front\cast_def_0_4463.jpeg,3,202.7075
data_clean\train\def_front\cast_def_0_6989.jpeg,3,203.5241
data_clean\train\def_front\cast_def_0_682.jpeg,3,203.6257
data_clean\train\def_front\cast_def_0_3757.jpeg,3,204.0220
data_clean\train\def_front\cast_def_0_7945.jpeg,3,204.2570
data_clean\train\def_front\cast_def_0_9658.jpeg,3,204.3764
data_clean\train\def_front\cast_def_0_6446.jpeg,3,204.5193
data_clean\train\def_front\cast_def_0_9043.jpeg,3,204.9681
data_clean\train\def_front\cast_def_0_8903.jpeg,3,204.9958
data_clean\train\def_front\cast_def_0_7853.jpeg,3,205.0492
data_clean\train\def_front\cast_def_0_8506.jpeg,3,205.4374
data_clean\val\def_front\cast_def_0_1565.jpeg,3,205.6710
data_clean\val\def_front\cast_def_0_1425.jpeg,3,205.8134
data_clean\val\def_front\cast_def_0_1351.jpeg,3,205.8380
data_clean\train\def_front\cast_def_0_8123.jpeg,3,205.9199
data_clean\val\def_front\cast_def_0_2126.jpeg,3,206.2781
data_clean\train\def_front\cast_def_0_7760.jpeg,3,206.4737
data_clean\train\def_front\cast_def_0_7544.jpeg,3,207.0384
data_clean\val\def_front\cast_def_0_1467.jpeg,3,207.1242
data_clean\train\def_front\cast_def_0_26.jpeg,3,207.3820
data_clean\val\def_front\cast_def_0_5289.jpeg,3,208.3196
data_clean\train\def_front\cast_def_0_9958.jpeg,3,208.4850
data_clean\train\def_front\cast_def_0_3020.jpeg,3,208.4989
data_clean\train\def_front\cast_def_0_2377.jpeg,3,208.6395
data_clean\val\def_front\cast_def_0_1418.jpeg,3,208.7874
data_clean\train\def_front\cast_def_0_1370.jpeg,3,208.8772
data_clean\train\def_front\cast_def_0_8009.jpeg,3,209.2683
data_clean\train\def_front\cast_def_0_6838.jpeg,3,209.4545
data_clean\train\def_front\cast_def_0_5541.jpeg,3,209.8673
data_clean\train\def_front\cast_def_0_7454.jpeg,3,209.9892
data_clean\train\def_front\cast_def_0_8866.jpeg,3,210.1641
data_clean\train\def_front\cast_def_0_7742.jpeg,3,210.1661
data_clean\train\def_front\cast_def_0_8272.jpeg,3,210.2127
data_clean\train\def_front\cast_def_0_9621.jpeg,3,210.2858
data_clean\train\def_front\cast_def_0_5219.jpeg,3,210.3566
data_clean\train\def_front\cast_def_0_470.jpeg,3,210.7712
data_clean\train\def_front\cast_def_0_7097.jpeg,3,210.8403
data_clean\train\def_front\cast_def_0_2813.jpeg,3,210.9348
data_clean\train\def_front\cast_def_0_832.jpeg,3,211.3358
data_clean\train\def_front\cast_def_0_5728.jpeg,3,211.4556
data_clean\train\def_front\cast_def_0_9318.jpeg,3,211.4883
data_clean\train\def_front\cast_def_0_5224.jpeg,3,212.0643
data_clean\train\def_front\cast_def_0_2526.jpeg,3,212.1064
data_clean\train\def_front\cast_def_0_4795.jpeg,3,212.1426
data_clean\train\def_front\cast_def_0_8038.jpeg,3,212.9278
data_clean\train\def_front\cast_def_0_1807.jpeg,3,213.0003
data_clean\val\def_front\cast_def_0_1189.jpeg,3,213.0133
data_clean\train\def_front\cast_def_0_7850.jpeg,3,213.2416
data_clean\train\def_front\cast_def_0_4172.jpeg,3,213.5310
data_clean\train\def_front\cast_def_0_9909.jpeg,3,213.6580
data_clean\train\def_front\cast_def_0_4386.jpeg,3,213.8890
data_clean\train\def_front\cast_def_0_9839.jpeg,3,214.4531
data_clean\train\def_front\cast_def_0_6816.jpeg,3,214.5189
data_clean\train\def_front\cast_def_0_6773.jpeg,3,214.6437
data_clean\train\def_front\cast_def_0_1270.jpeg,3,214.7258
data_clean\train\def_front\cast_def_0_6669.jpeg,3,215.6579
data_clean\train\def_front\cast_def_0_8243.jpeg,3,216.0479
data_clean\train\def_front\cast_def_0_2441.jpeg,3,216.0738
data_clean\train\def_front\cast_def_0_9761.jpeg,3,216.1011
data_clean\train\def_front\cast_def_0_8232.jpeg,3,216.3204
data_clean\train\def_front\cast_def_0_8072.jpeg,3,216.8479
data_clean\train\def_front\cast_def_0_5328.jpeg,3,216.9289
data_clean\train\def_front\cast_def_0_6248.jpeg,3,216.9328
data_clean\train\def_front\cast_def_0_946.jpeg,3,217.1936
data_clean\train\def_front\cast_def_0_4743.jpeg,3,217.4833
data_clean\train\def_front\cast_def_0_2869.jpeg,3,217.5937
data_clean\train\def_front\cast_def_0_2384.jpeg,3,217.6671
data_clean\train\def_front\cast_def_0_8025.jpeg,3,218.0230
data_clean\train\def_front\cast_def_0_13.jpeg,3,218.5630
data_clean\train\def_front\cast_def_0_7769.jpeg,3,219.0276
data_clean\val\def_front\cast_def_0_2084.jpeg,3,219.3959
data_clean\train\def_front\cast_def_0_197.jpeg,3,219.5960
data_clean\train\def_front\cast_def_0_3773.jpeg,3,219.7204
data_clean\train\def_front\cast_def_0_5332.jpeg,3,220.0661
data_clean\train\def_front\cast_def_0_5991.jpeg,3,220.2089
data_clean\train\def_front\cast_def_0_163.jpeg,3,220.4876
data_clean\train\def_front\cast_def_0_3911.jpeg,3,220.9305
data_clean\train\def_front\cast_def_0_8460.jpeg,3,220.9365
data_clean\train\def_front\cast_def_0_4187.jpeg,3,221.4825
data_clean\train\def_front\cast_def_0_5640.jpeg,3,221.6359
data_clean\train\def_front\cast_def_0_9455.jpeg,3,221.9821
data_clean\train\def_front\cast_def_0_8994.jpeg,3,222.1205
data_clean\train\def_front\cast_def_0_5404.jpeg,3,222.7635
data_clean\val\def_front\cast_def_0_236.jpeg,3,224.5368
data_clean\train\def_front\cast_def_0_8631.jpeg,3,224.7868
data_clean\train\def_front\cast_def_0_6758.jpeg,3,225.0887
data_clean\train\def_front\cast_def_0_4617.jpeg,3,225.6436
data_clean\train\def_front\cast_def_0_6626.jpeg,3,225.6817
data_clean\train\def_front\cast_def_0_4911.jpeg,3,225.9913
data_clean\train\def_front\cast_def_0_2425.jpeg,3,226.6320
data_clean\train\def_front\cast_def_0_6902.jpeg,3,227.8445
data_clean\train\def_front\cast_def_0_323.jpeg,3,228.7733
data_clean\train\def_front\cast_def_0_2833.jpeg,3,228.9222
data_clean\train\def_front\cast_def_0_4148.jpeg,3,229.3151
data_clean\train\def_front\cast_def_0_9453.jpeg,3,230.8647
data_clean\train\def_front\cast_def_0_911.jpeg,3,231.7063
data_clean\val\def_front\cast_def_0_2509.jpeg,3,231.9523
data_clean\train\def_front\cast_def_0_7974.jpeg,3,232.0412
data_clean\train\def_front\cast_def_0_502.jpeg,3,234.3059
data_clean\train\def_front\cast_def_0_1778.jpeg,3,234.6059
data_clean\train\def_front\cast_def_0_4598.jpeg,3,235.5472
data_clean\val\def_front\cast_def_0_5251.jpeg,3,235.7147
data_clean\train\def_front\cast_def_0_7398.jpeg,3,237.3259
data_clean\train\def_front\cast_def_0_8598.jpeg,3,237.9217
data_clean\train\def_front\cast_def_0_2132.jpeg,3,237.9454
data_clean\train\def_front\cast_def_0_7160.jpeg,3,238.7130
data_clean\train\def_front\cast_def_0_5896.jpeg,3,239.5995
data_clean\train\def_front\cast_def_0_9843.jpeg,3,239.9586
data_clean\train\def_front\cast_def_0_1811.jpeg,3,241.6391
data_clean\train\def_front\cast_def_0_3238.jpeg,3,242.2094
data_clean\train\def_front\cast_def_0_4533.jpeg,3,242.7405
data_clean\val\def_front\cast_def_0_182.jpeg,3,243.1328
data_clean\train\def_front\cast_def_0_8541.jpeg,3,243.3863
data_clean\train\def_front\cast_def_0_6111.jpeg,3,243.6242
data_clean\train\def_front\cast_def_0_3040.jpeg,3,243.9743
data_clean\train\def_front\cast_def_0_3500.jpeg,3,247.3452
data_clean\train\def_front\cast_def_0_2292.jpeg,3,247.6467
data_clean\train\def_front\cast_def_0_9071.jpeg,3,247.8790
data_clean\train\def_front\cast_def_0_4584.jpeg,3,248.1405
data_clean\train\def_front\cast_def_0_7259.jpeg,3,248.8481
data_clean\train\def_front\cast_def_0_9817.jpeg,3,249.4133
data_clean\train\def_front\cast_def_0_2945.jpeg,3,249.7262
data_clean\train\def_front\cast_def_0_8503.jpeg,3,250.9392
data_clean\train\def_front\cast_def_0_5916.jpeg,3,251.1646
data_clean\val\def_front\cast_def_0_505.jpeg,3,251.6902
data_clean\train\def_front\cast_def_0_8558.jpeg,3,252.7965
data_clean\train\def_front\cast_def_0_2670.jpeg,3,253.9279
data_clean\train\def_front\cast_def_0_3056.jpeg,3,255.1999
data_clean\train\def_front\cast_def_0_8373.jpeg,3,255.5477
data_clean\train\def_front\cast_def_0_463.jpeg,3,258.6861
data_clean\train\def_front\cast_def_0_2706.jpeg,3,260.1568
data_clean\val\def_front\cast_def_0_3438.jpeg,3,262.4666
data_clean\train\def_front\cast_def_0_2221.jpeg,3,265.4087
data_clean\train\def_front\cast_def_0_5483.jpeg,3,266.1992
data_clean\train\def_front\cast_def_0_4521.jpeg,3,266.7832
data_clean\train\def_front\cast_def_0_5022.jpeg,3,267.5689
data_clean\train\def_front\cast_def_0_9759.jpeg,3,268.4158
data_clean\train\def_front\cast_def_0_2589.jpeg,3,269.3996
data_clean\train\def_front\cast_def_0_7095.jpeg,3,269.4720
data_clean\train\def_front\cast_def_0_5536.jpeg,3,269.9499
data_clean\train\def_front\cast_def_0_2628.jpeg,3,276.4729
data_clean\train\def_front\cast_def_0_3288.jpeg,3,276.6570
data_clean\train\def_front\cast_def_0_5017.jpeg,3,278.3194
data_clean\train\def_front\cast_def_0_4595.jpeg,3,279.4294
data_clean\train\def_front\cast_def_0_9702.jpeg,3,279.9036
data_clean\train\def_front\cast_def_0_2558.jpeg,3,281.1611
data_clean\train\def_front\cast_def_0_2882.jpeg,3,281.2521
data_clean\train\def_front\cast_def_0_7872.jpeg,3,282.2155
data_clean\train\def_front\cast_def_0_3695.jpeg,3,283.9235
data_clean\train\def_front\cast_def_0_6925.jpeg,3,285.4864
data_clean\train\def_front\cast_def_0_8385.jpeg,3,286.0036
data_clean\train\def_front\cast_def_0_4859.jpeg,3,286.2790
data_clean\train\def_front\cast_def_0_3117.jpeg,3,289.0276
data_clean\train\def_front\cast_def_0_7906.jpeg,3,291.7090
data_clean\val\def_front\cast_def_0_2273.jpeg,3,293.3724
data_clean\train\def_front\cast_def_0_4337.jpeg,3,294.5567
data_clean\val\def_front\cast_def_0_9927.jpeg,3,295.5102
data_clean\train\def_front\cast_def_0_4038.jpeg,3,295.6082
data_clean\train\def_front\cast_def_0_7667.jpeg,3,296.3523
data_clean\train\def_front\cast_def_0_6084.jpeg,3,297.5180
data_clean\train\def_front\cast_def_0_6507.jpeg,3,298.5240
data_clean\train\def_front\cast_def_0_7863.jpeg,3,299.0859
data_clean\train\def_front\cast_def_0_6257.jpeg,3,299.1589
data_clean\val\def_front\cast_def_0_184.jpeg,3,301.6396
data_clean\train\def_front\cast_def_0_2569.jpeg,3,301.9949
data_clean\train\def_front\cast_def_0_7987.jpeg,3,303.9259
data_clean\train\def_front\cast_def_0_9520.jpeg,3,305.6883
data_clean\train\def_front\cast_def_0_6472.jpeg,3,306.2901
data_clean\train\def_front\cast_def_0_31.jpeg,3,306.6376
data_clean\train\def_front\cast_def_0_8714.jpeg,3,308.3696
data_clean\train\def_front\cast_def_0_8875.jpeg,3,309.6482
data_clean\train\def_front\cast_def_0_1990.jpeg,3,311.3158
data_clean\train\def_front\cast_def_0_8883.jpeg,3,311.3327
data_clean\val\def_front\new__0_3963.jpeg,3,313.7051
data_clean\val\def_front\cast_def_0_3387.jpeg,3,315.2739
data_clean\train\def_front\cast_def_0_1915.jpeg,3,315.7181
data_clean\train\def_front\cast_def_0_910.jpeg,3,318.5004
data_clean\train\def_front\cast_def_0_9270.jpeg,3,319.5281
data_clean\train\def_front\cast_def_0_3171.jpeg,3,319.7716
data_clean\train\def_front\cast_def_0_6282.jpeg,3,319.8701
data_clean\val\def_front\cast_def_0_181.jpeg,3,320.9204
data_clean\val\def_front\cast_def_0_1653.jpeg,3,322.3093
data_clean\train\def_front\cast_def_0_655.jpeg,3,326.2292
data_clean\val\def_front\cast_def_0_2309.jpeg,3,372.1400
