file,split,hand_labelled,p_fray,p_chip,p_spot,p_slash
data_clean\train\def_front\cast_def_0_0.jpeg,train,0,0.0004,0.0213,0.6477,0.2879
data_clean\train\def_front\cast_def_0_1000.jpeg,train,1,0.0002,0.1561,0.9567,0.0172
data_clean\train\def_front\cast_def_0_1001.jpeg,train,0,0.0002,0.0047,0.6350,0.2963
data_clean\train\def_front\cast_def_0_1004.jpeg,train,0,0.9979,0.4737,0.2652,0.3706
data_clean\train\def_front\cast_def_0_1007.jpeg,train,0,0.9995,0.7696,0.9624,0.8419
data_clean\train\def_front\cast_def_0_1008.jpeg,train,1,0.0228,0.0420,0.8333,0.1819
data_clean\train\def_front\cast_def_0_1014.jpeg,train,0,0.9999,0.1205,0.0043,0.9206
data_clean\train\def_front\cast_def_0_1016.jpeg,train,0,0.0014,0.0823,0.3106,0.4152
data_clean\train\def_front\cast_def_0_1019.jpeg,train,0,0.0038,0.1764,0.8839,0.2648
data_clean\train\def_front\cast_def_0_1020.jpeg,train,0,0.9999,0.2073,0.0646,0.4681
data_clean\train\def_front\cast_def_0_1021.jpeg,train,0,0.0011,0.0156,0.6719,0.1824
data_clean\train\def_front\cast_def_0_1025.jpeg,train,0,0.0002,0.0018,0.8337,0.3620
data_clean\train\def_front\cast_def_0_103.jpeg,train,0,0.0003,0.0699,0.0080,0.8188
data_clean\train\def_front\cast_def_0_1031.jpeg,train,0,0.0036,0.0457,0.7724,0.1655
data_clean\train\def_front\cast_def_0_1037.jpeg,train,0,0.0032,0.0515,0.8947,0.1606
data_clean\train\def_front\cast_def_0_1038.jpeg,train,0,0.0018,0.0502,0.9346,0.0854
data_clean\train\def_front\cast_def_0_1042.jpeg,train,0,0.0033,0.0871,0.3384,0.2488
data_clean\train\def_front\cast_def_0_1043.jpeg,train,0,0.0038,0.0335,0.5947,0.3711
data_clean\train\def_front\cast_def_0_1046.jpeg,train,0,0.0057,0.0171,0.5413,0.5675
data_clean\train\def_front\cast_def_0_1048.jpeg,train,0,0.0011,0.0250,0.7192,0.1845
data_clean\train\def_front\cast_def_0_105.jpeg,train,0,0.0804,0.0306,0.0019,0.9905
data_clean\train\def_front\cast_def_0_1053.jpeg,train,0,0.0001,0.4620,0.3574,0.0813
data_clean\train\def_front\cast_def_0_1055.jpeg,train,0,0.0029,0.0050,0.0111,0.9495
data_clean\train\def_front\cast_def_0_1056.jpeg,train,0,0.9999,0.2801,0.1329,0.6055
data_clean\train\def_front\cast_def_0_1059.jpeg,train,0,0.9982,0.6343,0.7172,0.3393
data_clean\train\def_front\cast_def_0_1060.jpeg,train,0,0.9995,0.0811,0.0033,0.9378
data_clean\train\def_front\cast_def_0_1061.jpeg,train,0,0.0044,0.0335,0.0210,0.9284
data_clean\train\def_front\cast_def_0_1066.jpeg,train,0,0.0001,0.0537,0.7429,0.0749
data_clean\train\def_front\cast_def_0_1069.jpeg,train,0,0.0353,0.0334,0.0006,0.9910
data_clean\train\def_front\cast_def_0_107.jpeg,train,0,0.0560,0.0057,0.0054,0.9898
data_clean\train\def_front\cast_def_0_1070.jpeg,train,0,0.0012,0.0042,0.8201,0.5179
data_clean\train\def_front\cast_def_0_1074.jpeg,train,0,0.0668,0.1062,0.2196,0.3879
data_clean\train\def_front\cast_def_0_1077.jpeg,train,0,0.9992,0.3255,0.0021,0.9644
data_clean\train\def_front\cast_def_0_1082.jpeg,train,1,0.0160,0.0251,0.8562,0.3884
data_clean\train\def_front\cast_def_0_1084.jpeg,train,0,0.0009,0.0130,0.7489,0.2824
data_clean\train\def_front\cast_def_0_1085.jpeg,train,0,0.0242,0.2656,0.9181,0.1316
data_clean\train\def_front\cast_def_0_1086.jpeg,train,0,0.0010,0.0538,0.5584,0.0822
data_clean\train\def_front\cast_def_0_1087.jpeg,train,0,0.0021,0.0330,0.8491,0.0703
data_clean\train\def_front\cast_def_0_1088.jpeg,train,0,0.9979,0.6015,0.8162,0.5488
data_clean\train\def_front\cast_def_0_109.jpeg,train,0,0.0004,0.0201,0.8210,0.2432
data_clean\train\def_front\cast_def_0_1090.jpeg,train,0,0.9994,0.2332,0.0046,0.9614
data_clean\train\def_front\cast_def_0_1092.jpeg,train,0,0.9977,0.1936,0.0340,0.8812
data_clean\train\def_front\cast_def_0_1094.jpeg,train,0,0.0035,0.0003,0.2196,0.8232
data_clean\train\def_front\cast_def_0_1095.jpeg,train,0,0.9999,0.2557,0.1167,0.6982
data_clean\train\def_front\cast_def_0_1097.jpeg,train,0,0.9994,0.4247,0.5268,0.4267
data_clean\train\def_front\cast_def_0_1098.jpeg,train,0,0.0008,0.9896,0.0004,0.2447
data_clean\train\def_front\cast_def_0_1099.jpeg,train,0,1.0000,0.3169,0.3343,0.4846
data_clean\train\def_front\cast_def_0_11.jpeg,train,0,0.0051,0.0403,0.9430,0.0277
data_clean\train\def_front\cast_def_0_110.jpeg,train,0,0.0021,0.0175,0.0278,0.7839
data_clean\train\def_front\cast_def_0_1102.jpeg,train,0,0.0000,0.9997,0.0004,0.0029
data_clean\train\def_front\cast_def_0_1104.jpeg,train,0,0.0001,0.0143,0.8586,0.0695
data_clean\train\def_front\cast_def_0_1105.jpeg,train,0,0.0012,0.0513,0.6656,0.2967
data_clean\train\def_front\cast_def_0_1107.jpeg,train,0,0.0057,0.0076,0.0294,0.9295
data_clean\train\def_front\cast_def_0_1108.jpeg,train,0,0.0047,0.0843,0.6218,0.3953
data_clean\train\def_front\cast_def_0_1110.jpeg,train,0,0.0118,0.0497,0.8873,0.1448
data_clean\train\def_front\cast_def_0_1112.jpeg,train,1,0.0004,0.2104,0.9362,0.0287
data_clean\train\def_front\cast_def_0_1113.jpeg,train,0,0.0018,0.0530,0.4568,0.1993
data_clean\train\def_front\cast_def_0_1116.jpeg,train,0,0.0003,0.9930,0.0045,0.0286
data_clean\train\def_front\cast_def_0_1127.jpeg,train,0,0.0003,0.0296,0.8764,0.1501
data_clean\train\def_front\cast_def_0_1133.jpeg,train,0,0.9999,0.4340,0.4567,0.4649
data_clean\train\def_front\cast_def_0_1149.jpeg,train,0,1.0000,0.2319,0.2369,0.4970
data_clean\train\def_front\cast_def_0_1151.jpeg,train,0,0.0004,0.0397,0.8206,0.1019
data_clean\train\def_front\cast_def_0_1152.jpeg,train,0,0.0016,0.9969,0.0002,0.0985
data_clean\train\def_front\cast_def_0_1154.jpeg,train,0,0.0011,0.0801,0.8964,0.0625
data_clean\train\def_front\cast_def_0_1155.jpeg,train,0,0.0002,0.0767,0.8695,0.0920
data_clean\train\def_front\cast_def_0_1156.jpeg,train,0,0.9999,0.0274,0.0019,0.9341
data_clean\train\def_front\cast_def_0_116.jpeg,train,0,0.0006,0.0277,0.6441,0.1101
data_clean\train\def_front\cast_def_0_1162.jpeg,train,0,0.0027,0.0031,0.0209,0.9447
data_clean\train\def_front\cast_def_0_1167.jpeg,train,0,0.0001,0.5647,0.9442,0.0053
data_clean\train\def_front\cast_def_0_1169.jpeg,train,0,0.9999,0.3079,0.2424,0.5353
data_clean\train\def_front\cast_def_0_1175.jpeg,train,0,0.0000,0.4971,0.8673,0.0033
data_clean\train\def_front\cast_def_0_1178.jpeg,train,0,0.0007,0.0239,0.7276,0.2716
data_clean\train\def_front\cast_def_0_1179.jpeg,train,0,0.0002,0.0061,0.7089,0.1681
data_clean\train\def_front\cast_def_0_1180.jpeg,train,0,0.0097,0.0425,0.3400,0.5357
data_clean\train\def_front\cast_def_0_1181.jpeg,train,0,0.9999,0.2145,0.0158,0.8733
data_clean\train\def_front\cast_def_0_1182.jpeg,train,0,0.0014,0.0469,0.4614,0.2233
data_clean\train\def_front\cast_def_0_1183.jpeg,train,0,0.9877,0.7662,0.7637,0.2226
data_clean\train\def_front\cast_def_0_1184.jpeg,train,0,0.0028,0.1115,0.5344,0.3036
data_clean\train\def_front\cast_def_0_1185.jpeg,train,0,0.0004,0.0110,0.5799,0.2167
data_clean\train\def_front\cast_def_0_1194.jpeg,train,0,0.0003,0.1244,0.7132,0.0653
data_clean\train\def_front\cast_def_0_1197.jpeg,train,0,0.0007,0.0350,0.8323,0.0904
data_clean\train\def_front\cast_def_0_120.jpeg,train,0,0.9998,0.3034,0.1268,0.5001
data_clean\train\def_front\cast_def_0_1204.jpeg,train,0,0.0008,0.0903,0.8345,0.1150
data_clean\train\def_front\cast_def_0_1207.jpeg,train,0,0.0015,0.9960,0.0001,0.1270
data_clean\train\def_front\cast_def_0_1209.jpeg,train,0,0.0002,0.0756,0.7893,0.0955
data_clean\train\def_front\cast_def_0_1210.jpeg,train,1,0.9999,0.0690,0.0074,0.9496
data_clean\train\def_front\cast_def_0_1212.jpeg,train,1,0.9981,0.5189,0.5975,0.3208
data_clean\train\def_front\cast_def_0_1216.jpeg,train,0,0.0014,0.0388,0.8652,0.1116
data_clean\train\def_front\cast_def_0_122.jpeg,train,0,0.0010,0.0974,0.7304,0.2479
data_clean\train\def_front\cast_def_0_1221.jpeg,train,0,0.9997,0.1890,0.0856,0.5194
data_clean\train\def_front\cast_def_0_1239.jpeg,train,0,0.0002,0.0225,0.7762,0.1787
data_clean\train\def_front\cast_def_0_1240.jpeg,train,0,0.0036,0.0235,0.9297,0.0895
data_clean\train\def_front\cast_def_0_1243.jpeg,train,1,0.0007,0.0160,0.5782,0.2524
data_clean\train\def_front\cast_def_0_1244.jpeg,train,0,0.0007,0.1466,0.8481,0.0488
data_clean\train\def_front\cast_def_0_1245.jpeg,train,0,0.9995,0.2570,0.0706,0.5166
data_clean\train\def_front\cast_def_0_1246.jpeg,train,0,0.0071,0.0165,0.6914,0.5894
data_clean\train\def_front\cast_def_0_1247.jpeg,train,0,0.0003,0.0890,0.8499,0.0392
data_clean\train\def_front\cast_def_0_1249.jpeg,train,0,0.9991,0.5122,0.4011,0.4006
data_clean\train\def_front\cast_def_0_1254.jpeg,train,0,0.0035,0.0145,0.2850,0.5512
data_clean\train\def_front\cast_def_0_126.jpeg,train,0,1.0000,0.0230,0.0073,0.4144
data_clean\train\def_front\cast_def_0_1270.jpeg,train,0,0.9998,0.1207,0.0228,0.6797
data_clean\train\def_front\cast_def_0_1272.jpeg,train,0,0.9988,0.7245,0.9462,0.8486
data_clean\train\def_front\cast_def_0_1273.jpeg,train,0,0.9999,0.2555,0.0644,0.7072
data_clean\train\def_front\cast_def_0_1276.jpeg,train,0,0.4397,0.0455,0.0254,0.9497
data_clean\train\def_front\cast_def_0_1278.jpeg,train,0,0.0029,0.0003,0.0742,0.9478
data_clean\train\def_front\cast_def_0_1279.jpeg,train,0,0.0000,0.5417,0.8860,0.0067
data_clean\train\def_front\cast_def_0_1286.jpeg,train,0,0.0003,0.0423,0.5926,0.3124
data_clean\train\def_front\cast_def_0_1287.jpeg,train,0,0.0001,0.5760,0.8796,0.0063
data_clean\train\def_front\cast_def_0_1289.jpeg,train,0,0.9997,0.2206,0.0214,0.6670
data_clean\train\def_front\cast_def_0_13.jpeg,train,1,0.9993,0.5704,0.5721,0.3048
data_clean\train\def_front\cast_def_0_130.jpeg,train,0,0.9995,0.2121,0.0019,0.9830
data_clean\train\def_front\cast_def_0_1301.jpeg,train,1,0.9997,0.6776,0.9287,0.8372
data_clean\train\def_front\cast_def_0_1302.jpeg,train,0,0.0008,0.0062,0.5426,0.4911
data_clean\train\def_front\cast_def_0_1305.jpeg,train,0,0.9959,0.7021,0.8195,0.4488
data_clean\train\def_front\cast_def_0_1306.jpeg,train,0,0.0008,0.0111,0.5194,0.3949
data_clean\train\def_front\cast_def_0_1307.jpeg,train,0,0.0006,0.0287,0.0181,0.8206
data_clean\train\def_front\cast_def_0_131.jpeg,train,1,0.9996,0.2628,0.0023,0.9398
data_clean\train\def_front\cast_def_0_1310.jpeg,train,0,0.0003,0.9982,0.0005,0.0469
data_clean\train\def_front\cast_def_0_1313.jpeg,train,0,0.0001,0.0987,0.9226,0.0135
data_clean\train\def_front\cast_def_0_1315.jpeg,train,0,0.0014,0.9974,0.0002,0.0768
data_clean\train\def_front\cast_def_0_1316.jpeg,train,0,0.0000,0.2568,0.9398,0.0040
data_clean\train\def_front\cast_def_0_1325.jpeg,train,0,0.0005,0.1175,0.8033,0.0639
data_clean\train\def_front\cast_def_0_1328.jpeg,train,1,0.9998,0.6454,0.9107,0.8070
data_clean\train\def_front\cast_def_0_133.jpeg,train,0,0.0006,0.9964,0.0007,0.0561
data_clean\train\def_front\cast_def_0_1334.jpeg,train,0,0.0003,0.1737,0.9162,0.0223
data_clean\train\def_front\cast_def_0_1339.jpeg,train,0,0.0013,0.9992,0.0001,0.0903
data_clean\train\def_front\cast_def_0_1341.jpeg,train,0,0.0000,0.2795,0.9572,0.0085
data_clean\train\def_front\cast_def_0_1342.jpeg,train,0,0.9979,0.3579,0.0086,0.9117
data_clean\train\def_front\cast_def_0_1345.jpeg,train,0,0.0024,0.0515,0.5900,0.3768
data_clean\train\def_front\cast_def_0_1347.jpeg,train,0,0.0210,0.2905,0.8459,0.2519
data_clean\train\def_front\cast_def_0_1348.jpeg,train,0,0.0011,0.0818,0.9604,0.0249
data_clean\train\def_front\cast_def_0_135.jpeg,train,0,0.0271,0.3999,0.8880,0.2330
data_clean\train\def_front\cast_def_0_136.jpeg,train,0,1.0000,0.2281,0.2008,0.4335
data_clean\train\def_front\cast_def_0_1360.jpeg,train,0,0.1791,0.1178,0.8663,0.4472
data_clean\train\def_front\cast_def_0_1363.jpeg,train,0,0.0076,0.3026,0.8660,0.1781
data_clean\train\def_front\cast_def_0_1364.jpeg,train,0,0.0001,0.1001,0.0055,0.6996
data_clean\train\def_front\cast_def_0_1369.jpeg,train,0,0.0010,0.0161,0.5982,0.3119
data_clean\train\def_front\cast_def_0_1370.jpeg,train,0,0.9999,0.1211,0.0090,0.8978
data_clean\train\def_front\cast_def_0_1375.jpeg,train,0,0.9992,0.2694,0.2495,0.3487
data_clean\train\def_front\cast_def_0_1402.jpeg,train,0,0.9999,0.1796,0.1416,0.4188
data_clean\train\def_front\cast_def_0_1405.jpeg,train,0,0.0031,0.0002,0.1279,0.8868
data_clean\train\def_front\cast_def_0_1406.jpeg,train,0,0.0031,0.2374,0.9255,0.0394
data_clean\train\def_front\cast_def_0_1407.jpeg,train,0,0.0004,0.0235,0.0131,0.8473
data_clean\train\def_front\cast_def_0_1408.jpeg,train,0,0.0006,0.0153,0.8574,0.1285
data_clean\train\def_front\cast_def_0_1409.jpeg,train,0,0.9999,0.3406,0.4209,0.5687
data_clean\train\def_front\cast_def_0_1427.jpeg,train,0,0.0003,0.0515,0.7671,0.1071
data_clean\train\def_front\cast_def_0_1428.jpeg,train,0,0.0016,0.0224,0.0586,0.8060
data_clean\train\def_front\cast_def_0_1439.jpeg,train,0,0.0002,0.0060,0.9345,0.1519
data_clean\train\def_front\cast_def_0_1454.jpeg,train,0,0.0874,0.1131,0.0997,0.5224
data_clean\train\def_front\cast_def_0_1457.jpeg,train,0,0.0009,0.0679,0.8965,0.0607
data_clean\train\def_front\cast_def_0_1459.jpeg,train,0,0.9971,0.2524,0.1229,0.7377
data_clean\train\def_front\cast_def_0_148.jpeg,train,0,0.0003,0.0371,0.8726,0.0864
data_clean\train\def_front\cast_def_0_1488.jpeg,train,0,0.0003,0.0208,0.8566,0.0933
data_clean\train\def_front\cast_def_0_1490.jpeg,train,0,0.9999,0.2192,0.1866,0.7336
data_clean\train\def_front\cast_def_0_15.jpeg,train,0,0.0006,0.9983,0.0001,0.0641
data_clean\train\def_front\cast_def_0_163.jpeg,train,0,0.0020,0.0156,0.0037,0.9434
data_clean\train\def_front\cast_def_0_1669.jpeg,train,0,0.9997,0.1792,0.0013,0.9552
data_clean\train\def_front\cast_def_0_1670.jpeg,train,0,0.9999,0.2243,0.1326,0.6856
data_clean\train\def_front\cast_def_0_1671.jpeg,train,0,0.9999,0.2488,0.1570,0.6140
data_clean\train\def_front\cast_def_0_1673.jpeg,train,0,0.9996,0.6510,0.9363,0.8915
data_clean\train\def_front\cast_def_0_1689.jpeg,train,0,0.0051,0.0038,0.0184,0.9582
data_clean\train\def_front\cast_def_0_1692.jpeg,train,0,1.0000,0.0492,0.0100,0.6098
data_clean\train\def_front\cast_def_0_1693.jpeg,train,0,0.0000,0.5742,0.9388,0.0042
data_clean\train\def_front\cast_def_0_1694.jpeg,train,0,0.9986,0.1160,0.0068,0.9469
data_clean\train\def_front\cast_def_0_1695.jpeg,train,0,0.0007,0.9993,0.0003,0.0203
data_clean\train\def_front\cast_def_0_1696.jpeg,train,0,0.0204,0.1001,0.9139,0.1478
data_clean\train\def_front\cast_def_0_1697.jpeg,train,0,0.0003,0.0055,0.7668,0.3311
data_clean\train\def_front\cast_def_0_1705.jpeg,train,0,0.9995,0.3553,0.0881,0.6221
data_clean\train\def_front\cast_def_0_1706.jpeg,train,0,0.2700,0.0096,0.0005,0.9972
data_clean\train\def_front\cast_def_0_1707.jpeg,train,0,0.0000,0.6049,0.8318,0.0103
data_clean\train\def_front\cast_def_0_1709.jpeg,train,0,0.1591,0.0339,0.0004,0.9938
data_clean\train\def_front\cast_def_0_1710.jpeg,train,0,0.0005,0.0155,0.7552,0.2565
data_clean\train\def_front\cast_def_0_1711.jpeg,train,0,0.0004,0.0759,0.8020,0.1249
data_clean\train\def_front\cast_def_0_1713.jpeg,train,0,0.9999,0.3110,0.2959,0.5363
data_clean\train\def_front\cast_def_0_1717.jpeg,train,0,0.0014,0.0755,0.7606,0.1069
data_clean\train\def_front\cast_def_0_1720.jpeg,train,0,0.9990,0.2689,0.0978,0.5906
data_clean\train\def_front\cast_def_0_1723.jpeg,train,0,0.0005,0.0872,0.7449,0.0922
data_clean\train\def_front\cast_def_0_1727.jpeg,train,0,0.1544,0.0200,0.0532,0.8498
data_clean\train\def_front\cast_def_0_1728.jpeg,train,0,1.0000,0.2109,0.0855,0.5923
data_clean\train\def_front\cast_def_0_1731.jpeg,train,0,0.0011,0.9970,0.0001,0.1420
data_clean\train\def_front\cast_def_0_1733.jpeg,train,0,1.0000,0.0861,0.0203,0.9064
data_clean\train\def_front\cast_def_0_1734.jpeg,train,0,0.9972,0.5436,0.4743,0.3093
data_clean\train\def_front\cast_def_0_1737.jpeg,train,0,0.0008,0.0604,0.8721,0.0802
data_clean\train\def_front\cast_def_0_1738.jpeg,train,0,1.0000,0.1654,0.0343,0.8449
data_clean\train\def_front\cast_def_0_1745.jpeg,train,0,0.9995,0.6232,0.8972,0.8939
data_clean\train\def_front\cast_def_0_175.jpeg,train,0,0.0002,0.0136,0.8086,0.1413
data_clean\train\def_front\cast_def_0_1750.jpeg,train,0,0.0042,0.0938,0.3853,0.1681
data_clean\train\def_front\cast_def_0_1752.jpeg,train,0,0.0007,0.0147,0.8626,0.1490
data_clean\train\def_front\cast_def_0_1754.jpeg,train,0,0.9946,0.6006,0.5951,0.1823
data_clean\train\def_front\cast_def_0_1761.jpeg,train,0,0.0033,0.0274,0.6201,0.2022
data_clean\train\def_front\cast_def_0_1762.jpeg,train,0,0.0012,0.9970,0.0003,0.0878
data_clean\train\def_front\cast_def_0_1763.jpeg,train,1,0.9978,0.5075,0.4436,0.2302
data_clean\train\def_front\cast_def_0_1768.jpeg,train,0,0.0035,0.0106,0.0135,0.9522
data_clean\train\def_front\cast_def_0_1770.jpeg,train,0,0.9999,0.0875,0.0143,0.8546
data_clean\train\def_front\cast_def_0_1771.jpeg,train,0,0.9999,0.3101,0.1647,0.6109
data_clean\train\def_front\cast_def_0_1775.jpeg,train,0,0.0031,0.0198,0.5049,0.2430
data_clean\train\def_front\cast_def_0_1776.jpeg,train,0,0.0002,0.0293,0.7023,0.1182
data_clean\train\def_front\cast_def_0_1778.jpeg,train,1,0.0006,0.9901,0.0007,0.0913
data_clean\train\def_front\cast_def_0_1781.jpeg,train,0,0.0060,0.0031,0.0252,0.9609
data_clean\train\def_front\cast_def_0_1782.jpeg,train,0,0.9999,0.2016,0.0484,0.8648
data_clean\train\def_front\cast_def_0_1784.jpeg,train,0,0.0004,0.0604,0.9159,0.0352
data_clean\train\def_front\cast_def_0_1785.jpeg,train,0,0.9869,0.8291,0.8483,0.2427
data_clean\train\def_front\cast_def_0_1786.jpeg,train,0,0.0011,0.1474,0.7277,0.0665
data_clean\train\def_front\cast_def_0_1791.jpeg,train,0,0.0287,0.2677,0.7999,0.1684
data_clean\train\def_front\cast_def_0_1794.jpeg,train,0,0.9999,0.3160,0.3299,0.5421
data_clean\train\def_front\cast_def_0_1797.jpeg,train,0,0.0005,0.0186,0.8489,0.1938
data_clean\train\def_front\cast_def_0_1799.jpeg,train,0,0.0342,0.1114,0.4503,0.1761
data_clean\train\def_front\cast_def_0_1800.jpeg,train,0,0.0000,0.3185,0.8769,0.0043
data_clean\train\def_front\cast_def_0_1801.jpeg,train,0,0.9992,0.8108,0.9699,0.8681
data_clean\train\def_front\cast_def_0_1804.jpeg,train,0,0.0059,0.2131,0.6375,0.2852
data_clean\train\def_front\cast_def_0_1807.jpeg,train,0,1.0000,0.0636,0.0075,0.9316
data_clean\train\def_front\cast_def_0_1810.jpeg,train,0,0.9994,0.2483,0.0059,0.9212
data_clean\train\def_front\cast_def_0_1811.jpeg,train,0,0.0075,0.1080,0.9071,0.0808
data_clean\train\def_front\cast_def_0_1815.jpeg,train,0,0.0005,0.0140,0.7746,0.2224
data_clean\train\def_front\cast_def_0_1816.jpeg,train,0,0.0016,0.0205,0.7082,0.2285
data_clean\train\def_front\cast_def_0_1817.jpeg,train,0,0.0002,0.0128,0.7827,0.1483
data_clean\train\def_front\cast_def_0_1825.jpeg,train,0,0.0020,0.9962,0.0001,0.1228
data_clean\train\def_front\cast_def_0_1827.jpeg,train,0,0.0000,0.9999,0.0002,0.0014
data_clean\train\def_front\cast_def_0_1828.jpeg,train,0,0.0002,0.0237,0.8857,0.1110
data_clean\train\def_front\cast_def_0_1831.jpeg,train,0,0.0003,0.2966,0.2061,0.1454
data_clean\train\def_front\cast_def_0_1832.jpeg,train,0,0.0124,0.0300,0.0142,0.9608
data_clean\train\def_front\cast_def_0_1833.jpeg,train,0,0.9996,0.0506,0.0013,0.9779
data_clean\train\def_front\cast_def_0_1834.jpeg,train,0,0.0003,0.0072,0.7796,0.2543
data_clean\train\def_front\cast_def_0_1836.jpeg,train,0,0.0003,0.0066,0.7132,0.2531
data_clean\train\def_front\cast_def_0_1840.jpeg,train,0,0.9992,0.4717,0.3612,0.4115
data_clean\train\def_front\cast_def_0_1842.jpeg,train,0,1.0000,0.3680,0.4196,0.5095
data_clean\train\def_front\cast_def_0_1844.jpeg,train,0,0.0212,0.0157,0.7236,0.4287
data_clean\train\def_front\cast_def_0_1847.jpeg,train,0,0.0255,0.2589,0.8753,0.1411
data_clean\train\def_front\cast_def_0_1850.jpeg,train,0,0.0004,0.0074,0.8611,0.2491
data_clean\train\def_front\cast_def_0_1852.jpeg,train,0,0.9995,0.0947,0.0008,0.9798
data_clean\train\def_front\cast_def_0_1853.jpeg,train,1,0.0008,0.0027,0.7972,0.1717
data_clean\train\def_front\cast_def_0_1856.jpeg,train,0,0.0870,0.3775,0.8504,0.1783
data_clean\train\def_front\cast_def_0_1858.jpeg,train,0,0.0111,0.0267,0.4962,0.2916
data_clean\train\def_front\cast_def_0_186.jpeg,train,0,0.0002,0.0146,0.8107,0.1030
data_clean\train\def_front\cast_def_0_1860.jpeg,train,0,0.0018,0.0276,0.3644,0.4705
data_clean\train\def_front\cast_def_0_1861.jpeg,train,0,0.0050,0.1898,0.9160,0.0352
data_clean\train\def_front\cast_def_0_1862.jpeg,train,0,0.9996,0.0966,0.0031,0.9551
data_clean\train\def_front\cast_def_0_1863.jpeg,train,0,0.0004,0.1254,0.8662,0.0804
data_clean\train\def_front\cast_def_0_1866.jpeg,train,0,0.0060,0.0434,0.0055,0.9649
data_clean\train\def_front\cast_def_0_1868.jpeg,train,1,0.0056,0.0952,0.9400,0.0684
data_clean\train\def_front\cast_def_0_1870.jpeg,train,0,0.0012,0.1413,0.8164,0.0405
data_clean\train\def_front\cast_def_0_1881.jpeg,train,0,0.0003,0.0017,0.8022,0.4522
data_clean\train\def_front\cast_def_0_1883.jpeg,train,0,0.9999,0.3508,0.4475,0.4332
data_clean\train\def_front\cast_def_0_1884.jpeg,train,0,0.0000,0.6721,0.8179,0.0069
data_clean\train\def_front\cast_def_0_1886.jpeg,train,0,0.9990,0.4730,0.5375,0.4348
data_clean\train\def_front\cast_def_0_1887.jpeg,train,0,0.9994,0.0627,0.0185,0.3688
data_clean\train\def_front\cast_def_0_1891.jpeg,train,0,0.0006,0.0139,0.8281,0.1778
data_clean\train\def_front\cast_def_0_1892.jpeg,train,0,0.9996,0.2041,0.0039,0.9575
data_clean\train\def_front\cast_def_0_1895.jpeg,train,0,0.0000,0.9999,0.0010,0.0010
data_clean\train\def_front\cast_def_0_1896.jpeg,train,1,0.0090,0.0470,0.6228,0.3802
data_clean\train\def_front\cast_def_0_1899.jpeg,train,0,0.9987,0.6452,0.6979,0.2348
data_clean\train\def_front\cast_def_0_19.jpeg,train,0,0.9907,0.0686,0.2367,0.6404
data_clean\train\def_front\cast_def_0_1906.jpeg,train,0,0.0142,0.3420,0.8150,0.0560
data_clean\train\def_front\cast_def_0_1907.jpeg,train,0,1.0000,0.2363,0.1745,0.5457
data_clean\train\def_front\cast_def_0_1909.jpeg,train,0,0.9991,0.3283,0.0110,0.9008
data_clean\train\def_front\cast_def_0_191.jpeg,train,0,0.0123,0.0509,0.3028,0.6537
data_clean\train\def_front\cast_def_0_1912.jpeg,train,0,0.0010,0.9830,0.0029,0.0682
data_clean\train\def_front\cast_def_0_1915.jpeg,train,0,0.0000,0.4820,0.8961,0.0057
data_clean\train\def_front\cast_def_0_1918.jpeg,train,0,0.0549,0.0386,0.1231,0.6011
data_clean\train\def_front\cast_def_0_1919.jpeg,train,0,0.0000,0.5423,0.9344,0.0043
data_clean\train\def_front\cast_def_0_192.jpeg,train,0,0.9979,0.4086,0.2368,0.3289
data_clean\train\def_front\cast_def_0_1920.jpeg,train,0,0.0391,0.0719,0.3888,0.6420
data_clean\train\def_front\cast_def_0_1921.jpeg,train,0,0.9999,0.1141,0.0252,0.8260
data_clean\train\def_front\cast_def_0_1922.jpeg,train,0,1.0000,0.2589,0.1706,0.6179
data_clean\train\def_front\cast_def_0_1926.jpeg,train,0,0.0019,0.0523,0.8310,0.0967
data_clean\train\def_front\cast_def_0_1928.jpeg,train,0,0.0050,0.2360,0.8931,0.0544
data_clean\train\def_front\cast_def_0_193.jpeg,train,1,0.0982,0.4450,0.8534,0.1889
data_clean\train\def_front\cast_def_0_1931.jpeg,train,0,0.9987,0.3245,0.1115,0.7467
data_clean\train\def_front\cast_def_0_1939.jpeg,train,0,0.9998,0.1125,0.0050,0.8421
data_clean\train\def_front\cast_def_0_194.jpeg,train,0,0.9991,0.7562,0.9400,0.8428
data_clean\train\def_front\cast_def_0_1946.jpeg,train,0,1.0000,0.0442,0.0070,0.9359
data_clean\train\def_front\cast_def_0_1948.jpeg,train,0,0.0011,0.0609,0.5303,0.1546
data_clean\train\def_front\cast_def_0_1950.jpeg,train,0,0.9959,0.3304,0.0608,0.8558
data_clean\train\def_front\cast_def_0_1951.jpeg,train,0,0.0010,0.0381,0.7446,0.0992
data_clean\train\def_front\cast_def_0_1953.jpeg,train,1,0.0006,0.0340,0.0059,0.9497
data_clean\train\def_front\cast_def_0_1954.jpeg,train,0,0.9999,0.1334,0.0079,0.8723
data_clean\train\def_front\cast_def_0_196.jpeg,train,1,0.0000,0.4749,0.8469,0.0058
data_clean\train\def_front\cast_def_0_1960.jpeg,train,0,0.9982,0.7399,0.7969,0.3698
data_clean\train\def_front\cast_def_0_1961.jpeg,train,0,0.9994,0.0593,0.0008,0.9787
data_clean\train\def_front\cast_def_0_1963.jpeg,train,0,0.0015,0.2181,0.7665,0.0548
data_clean\train\def_front\cast_def_0_1965.jpeg,train,0,0.9991,0.2947,0.1086,0.6248
data_clean\train\def_front\cast_def_0_1966.jpeg,train,0,0.0044,0.2018,0.7356,0.1621
data_clean\train\def_front\cast_def_0_197.jpeg,train,0,0.9999,0.3959,0.3599,0.3841
data_clean\train\def_front\cast_def_0_1972.jpeg,train,1,0.9997,0.7272,0.9364,0.8234
data_clean\train\def_front\cast_def_0_1976.jpeg,train,0,0.9997,0.1088,0.0046,0.9283
data_clean\train\def_front\cast_def_0_1981.jpeg,train,0,0.0008,0.1106,0.7080,0.0574
data_clean\train\def_front\cast_def_0_1984.jpeg,train,0,0.0002,0.0145,0.4805,0.1911
data_clean\train\def_front\cast_def_0_1985.jpeg,train,0,0.7669,0.0596,0.3363,0.6937
data_clean\train\def_front\cast_def_0_1986.jpeg,train,0,0.0024,0.0114,0.0213,0.9107
data_clean\train\def_front\cast_def_0_1987.jpeg,train,0,1.0000,0.2877,0.2780,0.4638
data_clean\train\def_front\cast_def_0_1988.jpeg,train,0,0.0009,0.0001,0.1460,0.8896
data_clean\train\def_front\cast_def_0_1990.jpeg,train,0,0.0008,0.9996,0.0001,0.0242
data_clean\train\def_front\cast_def_0_1994.jpeg,train,0,0.9997,0.0819,0.0008,0.9743
data_clean\train\def_front\cast_def_0_1995.jpeg,train,0,0.0003,0.0087,0.7739,0.2256
data_clean\train\def_front\cast_def_0_1997.jpeg,train,0,0.0028,0.0996,0.4256,0.2638
data_clean\train\def_front\cast_def_0_1998.jpeg,train,0,0.0006,0.0998,0.9123,0.1058
data_clean\train\def_front\cast_def_0_1999.jpeg,train,0,0.0000,0.9997,0.0005,0.0055
data_clean\train\def_front\cast_def_0_2.jpeg,train,0,0.0023,0.0112,0.0166,0.9466
data_clean\train\def_front\cast_def_0_200.jpeg,train,0,0.0108,0.0738,0.9237,0.1392
data_clean\train\def_front\cast_def_0_2000.jpeg,train,0,0.9998,0.1666,0.0540,0.5867
data_clean\train\def_front\cast_def_0_2003.jpeg,train,0,0.9997,0.0841,0.0005,0.9905
data_clean\train\def_front\cast_def_0_2004.jpeg,train,0,0.9986,0.2960,0.0762,0.7635
data_clean\train\def_front\cast_def_0_2006.jpeg,train,0,0.0032,0.0406,0.8895,0.2264
data_clean\train\def_front\cast_def_0_2008.jpeg,train,0,0.0004,0.0611,0.9198,0.0432
data_clean\train\def_front\cast_def_0_2010.jpeg,train,0,0.0022,0.0312,0.6744,0.2225
data_clean\train\def_front\cast_def_0_2011.jpeg,train,0,0.0355,0.1071,0.3472,0.2088
data_clean\train\def_front\cast_def_0_2015.jpeg,train,0,0.0000,0.9996,0.0005,0.0090
data_clean\train\def_front\cast_def_0_2017.jpeg,train,0,0.0205,0.0286,0.0030,0.9812
data_clean\train\def_front\cast_def_0_2019.jpeg,train,0,0.0002,0.9977,0.0005,0.0613
data_clean\train\def_front\cast_def_0_2022.jpeg,train,0,0.9927,0.7732,0.8271,0.2943
data_clean\train\def_front\cast_def_0_2024.jpeg,train,0,0.0005,0.0540,0.7392,0.1288
data_clean\train\def_front\cast_def_0_203.jpeg,train,0,0.9999,0.1863,0.0887,0.6147
data_clean\train\def_front\cast_def_0_2032.jpeg,train,0,0.0002,0.0983,0.8145,0.0279
data_clean\train\def_front\cast_def_0_2033.jpeg,train,0,0.0074,0.0029,0.0127,0.9789
data_clean\train\def_front\cast_def_0_2035.jpeg,train,0,0.9992,0.1233,0.0760,0.4089
data_clean\train\def_front\cast_def_0_2036.jpeg,train,0,0.0016,0.9440,0.0002,0.4930
data_clean\train\def_front\cast_def_0_204.jpeg,train,0,0.0002,0.0694,0.9128,0.0226
data_clean\train\def_front\cast_def_0_2042.jpeg,train,0,0.0005,0.0593,0.8814,0.0447
data_clean\train\def_front\cast_def_0_2044.jpeg,train,0,0.0001,0.1698,0.8187,0.0188
data_clean\train\def_front\cast_def_0_2045.jpeg,train,0,0.0448,0.3865,0.8027,0.1663
data_clean\train\def_front\cast_def_0_2046.jpeg,train,0,0.0021,0.3192,0.8871,0.0405
data_clean\train\def_front\cast_def_0_2047.jpeg,train,0,0.0001,0.0462,0.6686,0.0970
data_clean\train\def_front\cast_def_0_2050.jpeg,train,0,0.0001,0.0304,0.7234,0.1040
data_clean\train\def_front\cast_def_0_2052.jpeg,train,0,0.0006,0.9805,0.0011,0.0863
data_clean\train\def_front\cast_def_0_2054.jpeg,train,0,0.9995,0.3116,0.2439,0.4944
data_clean\train\def_front\cast_def_0_2056.jpeg,train,0,1.0000,0.1932,0.0687,0.5793
data_clean\train\def_front\cast_def_0_2057.jpeg,train,0,0.0040,0.9850,0.0002,0.4883
data_clean\train\def_front\cast_def_0_2059.jpeg,train,0,0.0013,0.9981,0.0003,0.0547
data_clean\train\def_front\cast_def_0_2060.jpeg,train,0,0.0023,0.1406,0.9395,0.1281
data_clean\train\def_front\cast_def_0_2066.jpeg,train,0,0.0006,0.0492,0.9028,0.0465
data_clean\train\def_front\cast_def_0_207.jpeg,train,0,0.9999,0.2221,0.1718,0.4698
data_clean\train\def_front\cast_def_0_2071.jpeg,train,0,1.0000,0.2007,0.2520,0.5863
data_clean\train\def_front\cast_def_0_2072.jpeg,train,0,0.0004,0.0337,0.8087,0.0979
data_clean\train\def_front\cast_def_0_2073.jpeg,train,0,0.9968,0.0525,0.0299,0.5959
data_clean\train\def_front\cast_def_0_2074.jpeg,train,0,0.0048,0.0709,0.0045,0.9560
data_clean\train\def_front\cast_def_0_2075.jpeg,train,0,0.0011,0.0906,0.8381,0.0954
data_clean\train\def_front\cast_def_0_2076.jpeg,train,0,0.0012,0.9882,0.0009,0.0863
data_clean\train\def_front\cast_def_0_2077.jpeg,train,0,0.0101,0.0001,0.0821,0.9483
data_clean\train\def_front\cast_def_0_2081.jpeg,train,0,0.9981,0.7939,0.9613,0.8427
data_clean\train\def_front\cast_def_0_2082.jpeg,train,0,0.9983,0.2442,0.0375,0.7961
data_clean\train\def_front\cast_def_0_2089.jpeg,train,0,0.0014,0.0108,0.8898,0.1566
data_clean\train\def_front\cast_def_0_2090.jpeg,train,0,0.9988,0.6265,0.7995,0.6005
data_clean\train\def_front\cast_def_0_2091.jpeg,train,0,0.9997,0.7620,0.9554,0.8576
data_clean\train\def_front\cast_def_0_2093.jpeg,train,0,0.0060,0.0444,0.8982,0.1600
data_clean\train\def_front\cast_def_0_2099.jpeg,train,0,0.9999,0.2202,0.1181,0.8328
data_clean\train\def_front\cast_def_0_21.jpeg,train,0,0.1560,0.0309,0.0004,0.9941
data_clean\train\def_front\cast_def_0_2105.jpeg,train,0,0.9999,0.2825,0.1331,0.7521
data_clean\train\def_front\cast_def_0_2108.jpeg,train,0,0.0000,0.5992,0.9168,0.0031
data_clean\train\def_front\cast_def_0_211.jpeg,train,0,0.0098,0.0589,0.3906,0.5594
data_clean\train\def_front\cast_def_0_2113.jpeg,train,0,0.9995,0.3324,0.0060,0.8952
data_clean\train\def_front\cast_def_0_2114.jpeg,train,0,0.0009,0.0464,0.0102,0.8807
data_clean\train\def_front\cast_def_0_2116.jpeg,train,1,0.0000,0.0002,0.0032,0.0084
data_clean\train\def_front\cast_def_0_2121.jpeg,train,0,0.0012,0.0080,0.5663,0.3409
data_clean\train\def_front\cast_def_0_2122.jpeg,train,0,0.1063,0.3489,0.8415,0.1604
data_clean\train\def_front\cast_def_0_2129.jpeg,train,0,0.0003,0.0022,0.6939,0.5439
data_clean\train\def_front\cast_def_0_2132.jpeg,train,0,0.0140,0.0568,0.8221,0.3033
data_clean\train\def_front\cast_def_0_2138.jpeg,train,0,0.1562,0.4529,0.9047,0.2050
data_clean\train\def_front\cast_def_0_2139.jpeg,train,0,1.0000,0.1578,0.0776,0.7996
data_clean\train\def_front\cast_def_0_2140.jpeg,train,0,0.9999,0.2526,0.3250,0.2550
data_clean\train\def_front\cast_def_0_2141.jpeg,train,0,0.0009,0.0242,0.7225,0.2175
data_clean\train\def_front\cast_def_0_2144.jpeg,train,0,0.9963,0.6026,0.5292,0.2889
data_clean\train\def_front\cast_def_0_2145.jpeg,train,0,1.0000,0.2597,0.1083,0.5723
data_clean\train\def_front\cast_def_0_2148.jpeg,train,0,0.0027,0.3279,0.8095,0.0264
data_clean\train\def_front\cast_def_0_2149.jpeg,train,0,0.9948,0.6365,0.7429,0.2874
data_clean\train\def_front\cast_def_0_215.jpeg,train,0,0.3476,0.0430,0.0294,0.9365
data_clean\train\def_front\cast_def_0_2150.jpeg,train,0,0.0023,0.0001,0.0507,0.9551
data_clean\train\def_front\cast_def_0_2157.jpeg,train,0,0.9999,0.4626,0.4074,0.6750
data_clean\train\def_front\cast_def_0_2158.jpeg,train,1,0.0235,0.0106,0.0030,0.9754
data_clean\train\def_front\cast_def_0_2161.jpeg,train,0,0.0017,0.0141,0.6515,0.4230
data_clean\train\def_front\cast_def_0_2163.jpeg,train,0,0.9999,0.1538,0.0039,0.9031
data_clean\train\def_front\cast_def_0_2164.jpeg,train,0,0.9999,0.3987,0.4399,0.4211
data_clean\train\def_front\cast_def_0_2166.jpeg,train,0,0.9995,0.2753,0.0701,0.6164
data_clean\train\def_front\cast_def_0_2167.jpeg,train,0,0.0001,0.1289,0.6708,0.0575
data_clean\train\def_front\cast_def_0_2170.jpeg,train,0,0.6952,0.0457,0.3826,0.3770
data_clean\train\def_front\cast_def_0_2173.jpeg,train,0,0.0004,0.0079,0.9017,0.1640
data_clean\train\def_front\cast_def_0_2182.jpeg,train,0,1.0000,0.2056,0.0704,0.8327
data_clean\train\def_front\cast_def_0_2184.jpeg,train,0,0.0021,0.0408,0.8540,0.0767
data_clean\train\def_front\cast_def_0_2186.jpeg,train,0,0.0168,0.0653,0.2760,0.3392
data_clean\train\def_front\cast_def_0_2190.jpeg,train,0,0.9869,0.7277,0.8198,0.3096
data_clean\train\def_front\cast_def_0_2193.jpeg,train,0,0.0006,0.0197,0.0262,0.8909
data_clean\train\def_front\cast_def_0_2195.jpeg,train,0,0.0065,0.0064,0.0043,0.9829
data_clean\train\def_front\cast_def_0_2197.jpeg,train,0,0.0004,0.0029,0.6943,0.5654
data_clean\train\def_front\cast_def_0_2199.jpeg,train,0,0.0000,0.5581,0.7916,0.0041
data_clean\train\def_front\cast_def_0_2203.jpeg,train,0,0.0000,0.5786,0.8643,0.0051
data_clean\train\def_front\cast_def_0_2218.jpeg,train,0,0.0010,0.9975,0.0003,0.0592
data_clean\train\def_front\cast_def_0_2219.jpeg,train,0,0.0092,0.0801,0.9276,0.1078
data_clean\train\def_front\cast_def_0_2220.jpeg,train,0,0.9995,0.0835,0.0119,0.7023
data_clean\train\def_front\cast_def_0_2221.jpeg,train,0,0.9999,0.2090,0.1784,0.7168
data_clean\train\def_front\cast_def_0_2224.jpeg,train,0,0.0015,0.0276,0.6605,0.2821
data_clean\train\def_front\cast_def_0_2225.jpeg,train,0,0.0003,0.0124,0.4395,0.3778
data_clean\train\def_front\cast_def_0_2229.jpeg,train,0,0.9979,0.6509,0.6398,0.2935
data_clean\train\def_front\cast_def_0_2233.jpeg,train,0,0.0004,0.0553,0.7714,0.1816
data_clean\train\def_front\cast_def_0_2240.jpeg,train,0,1.0000,0.1518,0.0478,0.8223
data_clean\train\def_front\cast_def_0_2248.jpeg,train,0,0.0002,0.0634,0.7685,0.1002
data_clean\train\def_front\cast_def_0_2251.jpeg,train,0,1.0000,0.0404,0.0227,0.3202
data_clean\train\def_front\cast_def_0_2252.jpeg,train,0,0.0002,0.0258,0.4079,0.3959
data_clean\train\def_front\cast_def_0_2256.jpeg,train,0,0.0584,0.3920,0.8581,0.1175
data_clean\train\def_front\cast_def_0_2257.jpeg,train,0,0.0417,0.0080,0.0035,0.9932
data_clean\train\def_front\cast_def_0_2258.jpeg,train,0,0.0190,0.3489,0.9106,0.1507
data_clean\train\def_front\cast_def_0_2259.jpeg,train,0,0.0017,0.0351,0.7399,0.1565
data_clean\train\def_front\cast_def_0_2264.jpeg,train,0,0.0000,0.5889,0.9000,0.0054
data_clean\train\def_front\cast_def_0_2272.jpeg,train,1,0.9999,0.1489,0.0595,0.7758
data_clean\train\def_front\cast_def_0_2280.jpeg,train,0,0.0001,0.0844,0.0080,0.7666
data_clean\train\def_front\cast_def_0_2282.jpeg,train,1,0.0602,0.0394,0.0844,0.6496
data_clean\train\def_front\cast_def_0_2283.jpeg,train,1,0.9998,0.2169,0.0602,0.8719
data_clean\train\def_front\cast_def_0_2287.jpeg,train,0,0.0318,0.1275,0.8420,0.2608
data_clean\train\def_front\cast_def_0_2290.jpeg,train,0,0.0511,0.3730,0.7065,0.0831
data_clean\train\def_front\cast_def_0_2291.jpeg,train,1,0.0015,0.0938,0.4397,0.1283
data_clean\train\def_front\cast_def_0_2292.jpeg,train,0,0.9996,0.1289,0.0025,0.9558
data_clean\train\def_front\cast_def_0_2301.jpeg,train,0,1.0000,0.1549,0.0186,0.9069
data_clean\train\def_front\cast_def_0_2305.jpeg,train,0,0.0000,0.6077,0.8750,0.0053
data_clean\train\def_front\cast_def_0_2320.jpeg,train,0,0.0030,0.1210,0.5573,0.3455
data_clean\train\def_front\cast_def_0_2321.jpeg,train,0,0.0004,0.0581,0.7612,0.1896
data_clean\train\def_front\cast_def_0_2322.jpeg,train,0,0.0052,0.1478,0.7706,0.3736
data_clean\train\def_front\cast_def_0_2325.jpeg,train,0,0.0035,0.0812,0.5579,0.0771
data_clean\train\def_front\cast_def_0_2327.jpeg,train,0,0.0005,0.0164,0.7649,0.1607
data_clean\train\def_front\cast_def_0_2329.jpeg,train,0,0.0004,0.9996,0.0002,0.0232
data_clean\train\def_front\cast_def_0_2332.jpeg,train,0,0.0009,0.1118,0.4209,0.2513
data_clean\train\def_front\cast_def_0_2336.jpeg,train,0,0.0103,0.0266,0.9311,0.0793
data_clean\train\def_front\cast_def_0_2337.jpeg,train,1,0.9986,0.7924,0.9458,0.8395
data_clean\train\def_front\cast_def_0_2344.jpeg,train,0,0.9990,0.3303,0.0894,0.6229
data_clean\train\def_front\cast_def_0_2347.jpeg,train,0,0.0007,0.0323,0.0223,0.7778
data_clean\train\def_front\cast_def_0_2348.jpeg,train,0,0.0076,0.0260,0.5116,0.5471
data_clean\train\def_front\cast_def_0_2351.jpeg,train,0,0.9999,0.1116,0.0015,0.9682
data_clean\train\def_front\cast_def_0_2356.jpeg,train,0,0.9998,0.0928,0.0007,0.9823
data_clean\train\def_front\cast_def_0_2359.jpeg,train,0,0.0062,0.0857,0.3259,0.2340
data_clean\train\def_front\cast_def_0_2367.jpeg,train,0,0.0574,0.4001,0.8325,0.1802
data_clean\train\def_front\cast_def_0_2368.jpeg,train,0,0.0003,0.0792,0.9198,0.0567
data_clean\train\def_front\cast_def_0_2371.jpeg,train,0,0.0008,0.1237,0.9568,0.0630
data_clean\train\def_front\cast_def_0_2377.jpeg,train,0,0.0009,0.0784,0.9408,0.0340
data_clean\train\def_front\cast_def_0_2378.jpeg,train,0,0.9994,0.1835,0.0496,0.5747
data_clean\train\def_front\cast_def_0_2381.jpeg,train,0,0.0027,0.0003,0.0974,0.9190
data_clean\train\def_front\cast_def_0_2383.jpeg,train,1,0.0060,0.0155,0.7831,0.3407
data_clean\train\def_front\cast_def_0_2384.jpeg,train,0,0.0005,0.9947,0.0004,0.0741
data_clean\train\def_front\cast_def_0_2385.jpeg,train,0,0.9989,0.5115,0.5379,0.2436
data_clean\train\def_front\cast_def_0_2389.jpeg,train,0,0.0042,0.2647,0.9399,0.0299
data_clean\train\def_front\cast_def_0_2390.jpeg,train,0,0.9998,0.0972,0.0008,0.9819
data_clean\train\def_front\cast_def_0_2391.jpeg,train,0,0.0005,0.0497,0.8678,0.0457
data_clean\train\def_front\cast_def_0_24.jpeg,train,0,0.0001,0.9989,0.0003,0.0376
data_clean\train\def_front\cast_def_0_2400.jpeg,train,1,0.0466,0.0411,0.2028,0.4592
data_clean\train\def_front\cast_def_0_2401.jpeg,train,1,0.0051,0.0726,0.9561,0.1066
data_clean\train\def_front\cast_def_0_2403.jpeg,train,0,0.0007,0.0018,0.6255,0.5717
data_clean\train\def_front\cast_def_0_2404.jpeg,train,1,0.9998,0.2860,0.1406,0.7523
data_clean\train\def_front\cast_def_0_2405.jpeg,train,0,0.0731,0.1381,0.5178,0.1964
data_clean\train\def_front\cast_def_0_2407.jpeg,train,0,0.0001,0.7201,0.1322,0.0763
data_clean\train\def_front\cast_def_0_2409.jpeg,train,0,0.0032,0.0467,0.5920,0.5288
data_clean\train\def_front\cast_def_0_2411.jpeg,train,0,1.0000,0.0891,0.0357,0.7832
data_clean\train\def_front\cast_def_0_2415.jpeg,train,0,0.1307,0.4554,0.8621,0.1952
data_clean\train\def_front\cast_def_0_2425.jpeg,train,0,0.0012,0.9974,0.0007,0.0671
data_clean\train\def_front\cast_def_0_2426.jpeg,train,0,0.0021,0.1023,0.5090,0.3193
data_clean\train\def_front\cast_def_0_2431.jpeg,train,0,0.9962,0.0895,0.1573,0.3672
data_clean\train\def_front\cast_def_0_2432.jpeg,train,0,0.0002,0.9960,0.0006,0.0619
data_clean\train\def_front\cast_def_0_2433.jpeg,train,0,0.0002,0.0073,0.7418,0.2594
data_clean\train\def_front\cast_def_0_2434.jpeg,train,0,0.9992,0.7831,0.9535,0.8783
data_clean\train\def_front\cast_def_0_2435.jpeg,train,0,0.0039,0.1945,0.9271,0.1790
data_clean\train\def_front\cast_def_0_2437.jpeg,train,0,0.9999,0.0864,0.0018,0.9587
data_clean\train\def_front\cast_def_0_2441.jpeg,train,0,0.0018,0.9979,0.0003,0.0754
data_clean\train\def_front\cast_def_0_2457.jpeg,train,0,0.0076,0.1075,0.3911,0.1922
data_clean\train\def_front\cast_def_0_2460.jpeg,train,0,0.9996,0.6044,0.8964,0.8538
data_clean\train\def_front\cast_def_0_2467.jpeg,train,0,0.0006,0.0494,0.5866,0.2166
data_clean\train\def_front\cast_def_0_2469.jpeg,train,0,0.0010,0.0200,0.8230,0.1313
data_clean\train\def_front\cast_def_0_2470.jpeg,train,0,0.0040,0.0580,0.7728,0.1135
data_clean\train\def_front\cast_def_0_2471.jpeg,train,0,1.0000,0.0846,0.0058,0.9139
data_clean\train\def_front\cast_def_0_2474.jpeg,train,0,0.0000,0.3843,0.8857,0.0091
data_clean\train\def_front\cast_def_0_2478.jpeg,train,1,0.0068,0.0009,0.0054,0.9932
data_clean\train\def_front\cast_def_0_2482.jpeg,train,0,0.0008,0.0211,0.6537,0.2109
data_clean\train\def_front\cast_def_0_2489.jpeg,train,1,0.0000,0.4775,0.8250,0.0089
data_clean\train\def_front\cast_def_0_2490.jpeg,train,0,0.0007,0.0112,0.5245,0.3885
data_clean\train\def_front\cast_def_0_2491.jpeg,train,0,0.0006,0.0356,0.6569,0.1919
data_clean\train\def_front\cast_def_0_2499.jpeg,train,0,0.0002,0.0809,0.0092,0.8253
data_clean\train\def_front\cast_def_0_25.jpeg,train,0,0.0000,0.6603,0.9130,0.0036
data_clean\train\def_front\cast_def_0_2500.jpeg,train,0,1.0000,0.1650,0.1022,0.7752
data_clean\train\def_front\cast_def_0_2501.jpeg,train,0,0.9995,0.1254,0.0349,0.5736
data_clean\train\def_front\cast_def_0_2504.jpeg,train,0,0.0003,0.0353,0.9335,0.0461
data_clean\train\def_front\cast_def_0_2505.jpeg,train,0,0.0007,0.0387,0.7760,0.2201
data_clean\train\def_front\cast_def_0_2506.jpeg,train,0,0.9999,0.0884,0.0016,0.9492
data_clean\train\def_front\cast_def_0_2518.jpeg,train,0,0.0541,0.2902,0.8176,0.1477
data_clean\train\def_front\cast_def_0_2519.jpeg,train,0,0.0249,0.1342,0.2411,0.3518
data_clean\train\def_front\cast_def_0_2522.jpeg,train,0,0.0006,0.0130,0.7441,0.1854
data_clean\train\def_front\cast_def_0_2523.jpeg,train,0,0.0036,0.1290,0.6602,0.0908
data_clean\train\def_front\cast_def_0_2526.jpeg,train,0,0.0001,0.9990,0.0005,0.0140
data_clean\train\def_front\cast_def_0_2527.jpeg,train,0,0.9998,0.2790,0.0290,0.8165
data_clean\train\def_front\cast_def_0_2529.jpeg,train,0,0.0005,0.0481,0.7556,0.0962
data_clean\train\def_front\cast_def_0_2531.jpeg,train,0,0.0007,0.1993,0.8063,0.0291
data_clean\train\def_front\cast_def_0_2535.jpeg,train,0,0.0006,0.1266,0.6197,0.2016
data_clean\train\def_front\cast_def_0_2538.jpeg,train,0,0.9996,0.6464,0.9145,0.8942
data_clean\train\def_front\cast_def_0_2542.jpeg,train,0,0.0003,0.0991,0.8503,0.0959
data_clean\train\def_front\cast_def_0_2546.jpeg,train,0,0.9999,0.1710,0.0583,0.6606
data_clean\train\def_front\cast_def_0_2548.jpeg,train,0,0.0002,0.9802,0.0078,0.0257
data_clean\train\def_front\cast_def_0_2551.jpeg,train,0,0.0058,0.2659,0.0020,0.9047
data_clean\train\def_front\cast_def_0_2552.jpeg,train,0,0.9999,0.4181,0.3913,0.3722
data_clean\train\def_front\cast_def_0_2556.jpeg,train,0,0.9899,0.0866,0.1969,0.5707
data_clean\train\def_front\cast_def_0_2557.jpeg,train,0,0.0323,0.3771,0.8501,0.1258
data_clean\train\def_front\cast_def_0_2558.jpeg,train,1,0.0008,0.9907,0.0050,0.0430
data_clean\train\def_front\cast_def_0_2569.jpeg,train,0,0.0005,0.9824,0.0115,0.0222
data_clean\train\def_front\cast_def_0_2571.jpeg,train,0,1.0000,0.1017,0.0244,0.8772
data_clean\train\def_front\cast_def_0_2572.jpeg,train,0,0.0000,0.5074,0.8786,0.0057
data_clean\train\def_front\cast_def_0_2574.jpeg,train,0,0.9998,0.1849,0.0531,0.6537
data_clean\train\def_front\cast_def_0_2578.jpeg,train,0,0.9985,0.4355,0.0026,0.9315
data_clean\train\def_front\cast_def_0_2588.jpeg,train,0,0.0013,0.9779,0.0001,0.5063
data_clean\train\def_front\cast_def_0_2589.jpeg,train,0,0.0004,0.9918,0.0035,0.0265
data_clean\train\def_front\cast_def_0_2595.jpeg,train,0,0.0000,0.4446,0.9473,0.0034
data_clean\train\def_front\cast_def_0_2596.jpeg,train,0,0.0022,0.0512,0.0038,0.9587
data_clean\train\def_front\cast_def_0_2597.jpeg,train,0,0.1078,0.4108,0.7653,0.2662
data_clean\train\def_front\cast_def_0_2598.jpeg,train,0,0.0005,0.0999,0.4407,0.0793
data_clean\train\def_front\cast_def_0_2599.jpeg,train,0,0.0064,0.2061,0.0019,0.9537
data_clean\train\def_front\cast_def_0_26.jpeg,train,0,0.9999,0.4896,0.5995,0.4882
data_clean\train\def_front\cast_def_0_2603.jpeg,train,0,1.0000,0.1918,0.0471,0.6654
data_clean\train\def_front\cast_def_0_2604.jpeg,train,0,0.0003,0.0068,0.7115,0.2846
data_clean\train\def_front\cast_def_0_2605.jpeg,train,0,0.0002,0.9919,0.0066,0.0276
data_clean\train\def_front\cast_def_0_2608.jpeg,train,0,0.0905,0.3983,0.8259,0.3231
data_clean\train\def_front\cast_def_0_2609.jpeg,train,0,0.0024,0.0003,0.1316,0.8993
data_clean\train\def_front\cast_def_0_2611.jpeg,train,0,1.0000,0.0933,0.0089,0.9297
data_clean\train\def_front\cast_def_0_2612.jpeg,train,0,1.0000,0.3567,0.4294,0.4086
data_clean\train\def_front\cast_def_0_2615.jpeg,train,0,0.0341,0.0352,0.5373,0.7327
data_clean\train\def_front\cast_def_0_2617.jpeg,train,0,0.0161,0.2268,0.8551,0.3481
data_clean\train\def_front\cast_def_0_2621.jpeg,train,0,0.0025,0.0309,0.0065,0.9418
data_clean\train\def_front\cast_def_0_2624.jpeg,train,0,0.0009,0.1136,0.8592,0.1040
data_clean\train\def_front\cast_def_0_2625.jpeg,train,0,0.9982,0.1848,0.0461,0.8185
data_clean\train\def_front\cast_def_0_2626.jpeg,train,0,0.0003,0.0118,0.0528,0.8466
data_clean\train\def_front\cast_def_0_2628.jpeg,train,0,0.9998,0.1595,0.0029,0.9129
data_clean\train\def_front\cast_def_0_2630.jpeg,train,0,0.0001,0.0267,0.7147,0.1186
data_clean\train\def_front\cast_def_0_2632.jpeg,train,0,0.9997,0.0826,0.0052,0.8370
data_clean\train\def_front\cast_def_0_2634.jpeg,train,0,1.0000,0.0482,0.0267,0.4666
data_clean\train\def_front\cast_def_0_2635.jpeg,train,0,0.0015,0.1641,0.3504,0.2385
data_clean\train\def_front\cast_def_0_2641.jpeg,train,0,0.0013,0.9976,0.0002,0.0802
data_clean\train\def_front\cast_def_0_2643.jpeg,train,0,0.0000,0.1786,0.9055,0.0063
data_clean\train\def_front\cast_def_0_2646.jpeg,train,0,0.0431,0.0890,0.2622,0.4205
data_clean\train\def_front\cast_def_0_2648.jpeg,train,0,0.0016,0.1183,0.4128,0.3005
data_clean\train\def_front\cast_def_0_2652.jpeg,train,0,0.0011,0.9882,0.0008,0.0735
data_clean\train\def_front\cast_def_0_2656.jpeg,train,0,0.1588,0.3900,0.8023,0.2721
data_clean\train\def_front\cast_def_0_2657.jpeg,train,0,0.0000,0.5871,0.8075,0.0037
data_clean\train\def_front\cast_def_0_2659.jpeg,train,0,0.9999,0.1492,0.0762,0.6878
data_clean\train\def_front\cast_def_0_2663.jpeg,train,0,1.0000,0.0468,0.0170,0.3646
data_clean\train\def_front\cast_def_0_2664.jpeg,train,0,0.0038,0.9426,0.0011,0.4773
data_clean\train\def_front\cast_def_0_2670.jpeg,train,0,1.0000,0.2999,0.4483,0.4695
data_clean\train\def_front\cast_def_0_2677.jpeg,train,0,0.0007,0.0087,0.8574,0.3255
data_clean\train\def_front\cast_def_0_2678.jpeg,train,0,0.9994,0.4392,0.3569,0.4132
data_clean\train\def_front\cast_def_0_2679.jpeg,train,0,0.0017,0.0396,0.9301,0.1177
data_clean\train\def_front\cast_def_0_2681.jpeg,train,1,0.0002,0.0106,0.4936,0.2735
data_clean\train\def_front\cast_def_0_2685.jpeg,train,0,0.0001,0.0032,0.4757,0.4172
data_clean\train\def_front\cast_def_0_2688.jpeg,train,0,0.0003,0.0689,0.8858,0.0863
data_clean\train\def_front\cast_def_0_2689.jpeg,train,0,0.0013,0.1321,0.8200,0.1471
data_clean\train\def_front\cast_def_0_2692.jpeg,train,1,0.0009,0.9862,0.0002,0.3179
data_clean\train\def_front\cast_def_0_2693.jpeg,train,0,0.9981,0.5709,0.6452,0.3579
data_clean\train\def_front\cast_def_0_2696.jpeg,train,0,0.0002,0.0430,0.0103,0.8524
data_clean\train\def_front\cast_def_0_2697.jpeg,train,0,0.9995,0.7145,0.9351,0.8751
data_clean\train\def_front\cast_def_0_2699.jpeg,train,0,0.9995,0.0603,0.0023,0.9420
data_clean\train\def_front\cast_def_0_27.jpeg,train,0,0.9997,0.1127,0.0051,0.8973
data_clean\train\def_front\cast_def_0_2701.jpeg,train,1,0.9990,0.7171,0.9464,0.9285
data_clean\train\def_front\cast_def_0_2706.jpeg,train,0,0.9999,0.1547,0.0664,0.5959
data_clean\train\def_front\cast_def_0_2710.jpeg,train,0,0.9998,0.0875,0.0017,0.9696
data_clean\train\def_front\cast_def_0_2711.jpeg,train,0,0.9999,0.2466,0.0154,0.8290
data_clean\train\def_front\cast_def_0_2715.jpeg,train,0,0.0004,0.0536,0.0061,0.9199
data_clean\train\def_front\cast_def_0_2716.jpeg,train,0,0.9999,0.0599,0.0129,0.8861
data_clean\train\def_front\cast_def_0_2721.jpeg,train,0,0.0005,0.9740,0.0059,0.0852
data_clean\train\def_front\cast_def_0_2723.jpeg,train,1,0.9994,0.3515,0.0047,0.9044
data_clean\train\def_front\cast_def_0_2724.jpeg,train,0,0.0004,0.0146,0.7657,0.2336
data_clean\train\def_front\cast_def_0_2726.jpeg,train,0,1.0000,0.1361,0.0849,0.5229
data_clean\train\def_front\cast_def_0_2729.jpeg,train,0,0.9999,0.3607,0.2630,0.6363
data_clean\train\def_front\cast_def_0_2735.jpeg,train,0,0.0046,0.1895,0.6980,0.1647
data_clean\train\def_front\cast_def_0_2744.jpeg,train,0,0.9996,0.2772,0.1068,0.5172
data_clean\train\def_front\cast_def_0_2747.jpeg,train,0,0.0213,0.0154,0.0013,0.9905
data_clean\train\def_front\cast_def_0_2749.jpeg,train,0,0.0003,0.0023,0.8338,0.2998
data_clean\train\def_front\cast_def_0_2753.jpeg,train,0,0.9994,0.0899,0.0029,0.9055
data_clean\train\def_front\cast_def_0_2754.jpeg,train,0,0.0007,0.0559,0.6070,0.3790
data_clean\train\def_front\cast_def_0_2755.jpeg,train,0,0.9996,0.6689,0.9350,0.9065
data_clean\train\def_front\cast_def_0_2757.jpeg,train,0,0.0009,0.9857,0.0029,0.0480
data_clean\train\def_front\cast_def_0_2758.jpeg,train,0,0.0005,0.1135,0.8306,0.0999
data_clean\train\def_front\cast_def_0_2760.jpeg,train,0,0.0285,0.0112,0.0028,0.9895
data_clean\train\def_front\cast_def_0_2762.jpeg,train,0,0.0014,0.1709,0.7712,0.0562
data_clean\train\def_front\cast_def_0_2763.jpeg,train,0,0.9985,0.1742,0.0012,0.9651
data_clean\train\def_front\cast_def_0_2764.jpeg,train,0,0.0004,0.0048,0.8413,0.1724
data_clean\train\def_front\cast_def_0_2768.jpeg,train,1,0.0010,0.2030,0.9572,0.0167
data_clean\train\def_front\cast_def_0_2769.jpeg,train,0,0.0286,0.4575,0.8690,0.2687
data_clean\train\def_front\cast_def_0_2771.jpeg,train,0,0.0045,0.0922,0.6493,0.1203
data_clean\train\def_front\cast_def_0_2778.jpeg,train,0,0.9997,0.6120,0.9023,0.8732
data_clean\train\def_front\cast_def_0_2779.jpeg,train,0,0.0014,0.0094,0.0309,0.8998
data_clean\train\def_front\cast_def_0_2781.jpeg,train,0,0.0049,0.2409,0.8864,0.1084
data_clean\train\def_front\cast_def_0_2785.jpeg,train,0,0.0000,0.9998,0.0003,0.0055
data_clean\train\def_front\cast_def_0_2790.jpeg,train,0,0.9898,0.1558,0.4596,0.3507
data_clean\train\def_front\cast_def_0_2793.jpeg,train,0,0.0000,0.9999,0.0006,0.0008
data_clean\train\def_front\cast_def_0_2796.jpeg,train,0,0.0001,0.9964,0.0009,0.0323
data_clean\train\def_front\cast_def_0_2797.jpeg,train,0,0.0010,0.0858,0.7444,0.0870
data_clean\train\def_front\cast_def_0_2798.jpeg,train,0,0.9990,0.6164,0.8560,0.8445
data_clean\train\def_front\cast_def_0_2805.jpeg,train,0,0.0017,0.0263,0.3027,0.5299
data_clean\train\def_front\cast_def_0_2808.jpeg,train,0,0.0044,0.0948,0.6981,0.0814
data_clean\train\def_front\cast_def_0_2813.jpeg,train,0,0.9916,0.6381,0.6295,0.2910
data_clean\train\def_front\cast_def_0_2814.jpeg,train,0,0.0005,0.0039,0.5145,0.7308
data_clean\train\def_front\cast_def_0_2815.jpeg,train,0,0.0010,0.9982,0.0002,0.0833
data_clean\train\def_front\cast_def_0_2817.jpeg,train,0,0.0028,0.1446,0.4854,0.1484
data_clean\train\def_front\cast_def_0_2818.jpeg,train,0,0.0076,0.3101,0.8706,0.1423
data_clean\train\def_front\cast_def_0_2820.jpeg,train,0,0.0019,0.0598,0.8027,0.0900
data_clean\train\def_front\cast_def_0_2824.jpeg,train,0,0.0003,0.1270,0.8481,0.0403
data_clean\train\def_front\cast_def_0_2826.jpeg,train,0,0.0005,0.0799,0.8302,0.1836
data_clean\train\def_front\cast_def_0_2827.jpeg,train,0,0.0013,0.0101,0.5159,0.5322
data_clean\train\def_front\cast_def_0_2829.jpeg,train,0,0.0283,0.4780,0.8236,0.1610
data_clean\train\def_front\cast_def_0_2833.jpeg,train,1,0.9999,0.0517,0.0013,0.9808
data_clean\train\def_front\cast_def_0_2834.jpeg,train,0,0.0000,0.6190,0.9231,0.0072
data_clean\train\def_front\cast_def_0_2838.jpeg,train,0,0.0013,0.0965,0.6162,0.3520
data_clean\train\def_front\cast_def_0_2840.jpeg,train,0,0.0004,0.0114,0.6773,0.3174
data_clean\train\def_front\cast_def_0_2842.jpeg,train,0,0.0006,0.1918,0.7547,0.0776
data_clean\train\def_front\cast_def_0_2843.jpeg,train,0,0.9995,0.8024,0.9715,0.8864
data_clean\train\def_front\cast_def_0_2846.jpeg,train,0,0.0141,0.0279,0.8480,0.1664
data_clean\train\def_front\cast_def_0_2847.jpeg,train,0,0.0006,0.9716,0.0030,0.1257
data_clean\train\def_front\cast_def_0_2852.jpeg,train,1,0.1510,0.3657,0.8306,0.2501
data_clean\train\def_front\cast_def_0_2854.jpeg,train,0,0.0000,0.9995,0.0007,0.0056
data_clean\train\def_front\cast_def_0_2856.jpeg,train,0,0.1502,0.5134,0.8760,0.4096
data_clean\train\def_front\cast_def_0_2860.jpeg,train,0,0.9999,0.0340,0.0032,0.8862
data_clean\train\def_front\cast_def_0_2861.jpeg,train,0,0.0004,0.9995,0.0004,0.0141
data_clean\train\def_front\cast_def_0_2866.jpeg,train,0,0.0003,0.0775,0.0073,0.7593
data_clean\train\def_front\cast_def_0_2867.jpeg,train,0,0.0007,0.1815,0.8876,0.0288
data_clean\train\def_front\cast_def_0_2868.jpeg,train,0,1.0000,0.0679,0.0346,0.4786
data_clean\train\def_front\cast_def_0_2869.jpeg,train,0,0.9999,0.1544,0.0048,0.9012
data_clean\train\def_front\cast_def_0_2871.jpeg,train,0,0.0026,0.0846,0.5103,0.3182
data_clean\train\def_front\cast_def_0_2873.jpeg,train,0,0.0000,0.2325,0.9261,0.0054
data_clean\train\def_front\cast_def_0_2875.jpeg,train,0,0.0528,0.1149,0.8140,0.3005
data_clean\train\def_front\cast_def_0_2876.jpeg,train,0,0.9996,0.0440,0.0019,0.9639
data_clean\train\def_front\cast_def_0_2882.jpeg,train,0,0.9999,0.1896,0.1034,0.5460
data_clean\train\def_front\cast_def_0_2884.jpeg,train,0,0.0007,0.1547,0.2255,0.3325
data_clean\train\def_front\cast_def_0_2888.jpeg,train,0,0.0004,0.0052,0.8968,0.1738
data_clean\train\def_front\cast_def_0_2889.jpeg,train,0,0.9993,0.5178,0.6212,0.5157
data_clean\train\def_front\cast_def_0_2891.jpeg,train,0,1.0000,0.2677,0.2342,0.4730
data_clean\train\def_front\cast_def_0_2895.jpeg,train,0,0.9993,0.0944,0.0010,0.9829
data_clean\train\def_front\cast_def_0_2896.jpeg,train,0,0.9923,0.6237,0.6207,0.2893
data_clean\train\def_front\cast_def_0_2898.jpeg,train,0,0.0778,0.3480,0.8686,0.1675
data_clean\train\def_front\cast_def_0_2899.jpeg,train,0,0.0010,0.0204,0.4341,0.3984
data_clean\train\def_front\cast_def_0_2900.jpeg,train,0,0.9982,0.2777,0.0013,0.9555
data_clean\train\def_front\cast_def_0_2901.jpeg,train,0,0.9999,0.1829,0.0031,0.9594
data_clean\train\def_front\cast_def_0_2902.jpeg,train,1,0.0034,0.0677,0.5522,0.4919
data_clean\train\def_front\cast_def_0_2907.jpeg,train,0,0.0010,0.0075,0.0481,0.8984
data_clean\train\def_front\cast_def_0_2916.jpeg,train,0,0.9999,0.2220,0.2118,0.4383
data_clean\train\def_front\cast_def_0_2923.jpeg,train,0,0.0221,0.0507,0.8959,0.0844
data_clean\train\def_front\cast_def_0_2924.jpeg,train,1,1.0000,0.2232,0.1004,0.5685
data_clean\train\def_front\cast_def_0_2925.jpeg,train,0,0.0013,0.9938,0.0004,0.1235
data_clean\train\def_front\cast_def_0_2926.jpeg,train,0,0.9982,0.5716,0.5399,0.1847
data_clean\train\def_front\cast_def_0_2927.jpeg,train,0,0.9999,0.0845,0.0164,0.8928
data_clean\train\def_front\cast_def_0_2928.jpeg,train,0,0.0001,0.3312,0.9254,0.0113
data_clean\train\def_front\cast_def_0_2933.jpeg,train,0,0.0051,0.1856,0.7145,0.1858
data_clean\train\def_front\cast_def_0_2937.jpeg,train,0,0.0004,0.0094,0.5453,0.3828
data_clean\train\def_front\cast_def_0_2939.jpeg,train,0,0.0029,0.0082,0.0180,0.9387
data_clean\train\def_front\cast_def_0_2940.jpeg,train,0,0.9999,0.1485,0.0452,0.8128
data_clean\train\def_front\cast_def_0_2944.jpeg,train,0,0.0002,0.0907,0.7122,0.1136
data_clean\train\def_front\cast_def_0_2945.jpeg,train,0,0.9992,0.1564,0.0016,0.9624
data_clean\train\def_front\cast_def_0_2946.jpeg,train,0,0.0007,0.9566,0.0212,0.0562
data_clean\train\def_front\cast_def_0_2948.jpeg,train,0,0.0004,0.0166,0.8134,0.1288
data_clean\train\def_front\cast_def_0_2949.jpeg,train,0,0.0035,0.1209,0.3623,0.4235
data_clean\train\def_front\cast_def_0_2950.jpeg,train,0,0.0060,0.0151,0.7663,0.2896
data_clean\train\def_front\cast_def_0_2952.jpeg,train,0,0.0002,0.2094,0.8234,0.0170
data_clean\train\def_front\cast_def_0_2954.jpeg,train,0,0.0002,0.0774,0.8505,0.0878
data_clean\train\def_front\cast_def_0_2955.jpeg,train,0,0.0001,0.0134,0.6415,0.1716
data_clean\train\def_front\cast_def_0_2959.jpeg,train,0,0.9994,0.6765,0.9379,0.8469
data_clean\train\def_front\cast_def_0_2960.jpeg,train,0,0.9961,0.7435,0.8116,0.2771
data_clean\train\def_front\cast_def_0_2963.jpeg,train,0,0.9998,0.0548,0.0021,0.9233
data_clean\train\def_front\cast_def_0_2964.jpeg,train,0,0.9854,0.8204,0.8774,0.2854
data_clean\train\def_front\cast_def_0_2965.jpeg,train,0,0.0010,0.9922,0.0019,0.0325
data_clean\train\def_front\cast_def_0_2976.jpeg,train,0,0.9960,0.6259,0.7370,0.2103
data_clean\train\def_front\cast_def_0_2983.jpeg,train,0,0.9988,0.3648,0.1836,0.3883
data_clean\train\def_front\cast_def_0_2985.jpeg,train,0,0.0174,0.1185,0.9284,0.0687
data_clean\train\def_front\cast_def_0_2986.jpeg,train,0,0.9998,0.1825,0.0022,0.9438
data_clean\train\def_front\cast_def_0_2989.jpeg,train,0,0.0003,0.0539,0.6886,0.0742
data_clean\train\def_front\cast_def_0_2990.jpeg,train,1,0.0008,0.0988,0.6382,0.1199
data_clean\train\def_front\cast_def_0_2991.jpeg,train,0,0.0004,0.0715,0.7975,0.1027
data_clean\train\def_front\cast_def_0_2998.jpeg,train,0,0.9999,0.3119,0.2451,0.5190
data_clean\train\def_front\cast_def_0_3003.jpeg,train,0,0.0030,0.0790,0.6409,0.3028
data_clean\train\def_front\cast_def_0_3005.jpeg,train,0,0.0022,0.9930,0.0001,0.2314
data_clean\train\def_front\cast_def_0_3006.jpeg,train,0,0.0270,0.0441,0.4543,0.3453
data_clean\train\def_front\cast_def_0_3011.jpeg,train,0,0.0088,0.0382,0.9161,0.1516
data_clean\train\def_front\cast_def_0_3018.jpeg,train,0,0.0007,0.9732,0.0059,0.1001
data_clean\train\def_front\cast_def_0_3019.jpeg,train,0,0.0911,0.3872,0.8633,0.1413
data_clean\train\def_front\cast_def_0_3020.jpeg,train,0,0.9995,0.6937,0.8731,0.6471
data_clean\train\def_front\cast_def_0_3021.jpeg,train,0,0.0001,0.1974,0.2604,0.1048
data_clean\train\def_front\cast_def_0_3025.jpeg,train,0,0.0001,0.0361,0.0089,0.7573
data_clean\train\def_front\cast_def_0_3026.jpeg,train,0,0.0006,0.0312,0.8557,0.0563
data_clean\train\def_front\cast_def_0_3028.jpeg,train,0,0.9993,0.6505,0.9175,0.8690
data_clean\train\def_front\cast_def_0_3031.jpeg,train,0,0.9977,0.2182,0.0251,0.8528
data_clean\train\def_front\cast_def_0_3035.jpeg,train,0,1.0000,0.1861,0.0861,0.5564
data_clean\train\def_front\cast_def_0_3036.jpeg,train,0,0.0002,0.0215,0.8087,0.1227
data_clean\train\def_front\cast_def_0_3037.jpeg,train,1,0.0031,0.0557,0.9086,0.1057
data_clean\train\def_front\cast_def_0_3039.jpeg,train,0,0.0000,0.6421,0.9305,0.0032
data_clean\train\def_front\cast_def_0_304.jpeg,train,1,0.0070,0.2316,0.9209,0.0438
data_clean\train\def_front\cast_def_0_3040.jpeg,train,0,0.9996,0.1111,0.0058,0.8914
data_clean\train\def_front\cast_def_0_3041.jpeg,train,0,0.0001,0.1413,0.4107,0.1578
data_clean\train\def_front\cast_def_0_3043.jpeg,train,0,0.0011,0.0292,0.7613,0.3368
data_clean\train\def_front\cast_def_0_3045.jpeg,train,0,0.9996,0.2869,0.0051,0.9407
data_clean\train\def_front\cast_def_0_3046.jpeg,train,0,0.0023,0.0676,0.5989,0.0783
data_clean\train\def_front\cast_def_0_3047.jpeg,train,0,0.0012,0.0664,0.3169,0.4167
data_clean\train\def_front\cast_def_0_3048.jpeg,train,0,0.9998,0.2065,0.0268,0.8955
data_clean\train\def_front\cast_def_0_3050.jpeg,train,0,0.0054,0.0979,0.5621,0.4018
data_clean\train\def_front\cast_def_0_3052.jpeg,train,0,1.0000,0.2587,0.1621,0.6196
data_clean\train\def_front\cast_def_0_3055.jpeg,train,0,0.0009,0.0986,0.6308,0.1424
data_clean\train\def_front\cast_def_0_3056.jpeg,train,0,1.0000,0.3771,0.5771,0.4823
data_clean\train\def_front\cast_def_0_3059.jpeg,train,0,0.9996,0.6855,0.9441,0.8750
data_clean\train\def_front\cast_def_0_3067.jpeg,train,0,0.0074,0.0726,0.6590,0.3300
data_clean\train\def_front\cast_def_0_3068.jpeg,train,0,0.0009,0.1787,0.9576,0.0401
data_clean\train\def_front\cast_def_0_3073.jpeg,train,0,0.0092,0.1557,0.6109,0.0916
data_clean\train\def_front\cast_def_0_3074.jpeg,train,0,0.0005,0.0265,0.7819,0.0851
data_clean\train\def_front\cast_def_0_3075.jpeg,train,0,0.0407,0.4778,0.7551,0.0834
data_clean\train\def_front\cast_def_0_3076.jpeg,train,0,0.0004,0.0400,0.9346,0.0276
data_clean\train\def_front\cast_def_0_308.jpeg,train,0,0.0002,0.9643,0.0084,0.0984
data_clean\train\def_front\cast_def_0_3080.jpeg,train,0,0.0001,0.2292,0.7014,0.0365
data_clean\train\def_front\cast_def_0_3082.jpeg,train,0,0.9999,0.0392,0.0004,0.9819
data_clean\train\def_front\cast_def_0_3084.jpeg,train,0,0.9985,0.1422,0.1179,0.4578
data_clean\train\def_front\cast_def_0_3087.jpeg,train,0,0.9999,0.2292,0.0805,0.6931
data_clean\train\def_front\cast_def_0_3090.jpeg,train,0,0.0004,0.0144,0.9057,0.1360
data_clean\train\def_front\cast_def_0_3092.jpeg,train,0,0.0000,0.9999,0.0010,0.0014
data_clean\train\def_front\cast_def_0_3097.jpeg,train,1,0.0002,0.0354,0.7885,0.1412
data_clean\train\def_front\cast_def_0_31.jpeg,train,0,0.0026,0.2267,0.9258,0.0620
data_clean\train\def_front\cast_def_0_310.jpeg,train,0,1.0000,0.1855,0.1088,0.5924
data_clean\train\def_front\cast_def_0_3104.jpeg,train,0,0.0112,0.3278,0.9369,0.1644
data_clean\train\def_front\cast_def_0_3105.jpeg,train,0,0.0634,0.3893,0.8886,0.1401
data_clean\train\def_front\cast_def_0_3107.jpeg,train,0,0.0001,0.1562,0.6470,0.0317
data_clean\train\def_front\cast_def_0_3108.jpeg,train,0,0.9992,0.3888,0.0019,0.9666
data_clean\train\def_front\cast_def_0_3113.jpeg,train,0,0.1759,0.0327,0.0004,0.9943
data_clean\train\def_front\cast_def_0_3115.jpeg,train,0,0.0053,0.0046,0.0042,0.9784
data_clean\train\def_front\cast_def_0_3117.jpeg,train,0,0.9994,0.6981,0.9281,0.8771
data_clean\train\def_front\cast_def_0_3122.jpeg,train,0,0.9999,0.0748,0.0111,0.9475
data_clean\train\def_front\cast_def_0_3128.jpeg,train,0,0.9993,0.2149,0.0241,0.7641
data_clean\train\def_front\cast_def_0_313.jpeg,train,0,1.0000,0.2751,0.2940,0.4131
data_clean\train\def_front\cast_def_0_3130.jpeg,train,0,0.0004,0.0097,0.3009,0.5563
data_clean\train\def_front\cast_def_0_3131.jpeg,train,0,1.0000,0.1766,0.0528,0.8804
data_clean\train\def_front\cast_def_0_3133.jpeg,train,0,0.9988,0.2040,0.0847,0.6182
data_clean\train\def_front\cast_def_0_3135.jpeg,train,0,0.9990,0.4720,0.3837,0.2841
data_clean\train\def_front\cast_def_0_3137.jpeg,train,0,0.0201,0.0279,0.8549,0.1365
data_clean\train\def_front\cast_def_0_3139.jpeg,train,0,0.0003,0.9925,0.0002,0.1358
data_clean\train\def_front\cast_def_0_314.jpeg,train,0,0.0002,0.0187,0.8516,0.1433
data_clean\train\def_front\cast_def_0_3142.jpeg,train,0,0.0015,0.0763,0.1910,0.2927
data_clean\train\def_front\cast_def_0_3143.jpeg,train,0,0.0002,0.0107,0.5790,0.2564
data_clean\train\def_front\cast_def_0_3145.jpeg,train,0,0.9980,0.2375,0.0677,0.8199
data_clean\train\def_front\cast_def_0_3147.jpeg,train,0,0.0098,0.0368,0.0113,0.9302
data_clean\train\def_front\cast_def_0_3149.jpeg,train,0,0.9998,0.1897,0.0033,0.9454
data_clean\train\def_front\cast_def_0_315.jpeg,train,0,0.0206,0.3150,0.9044,0.1040
data_clean\train\def_front\cast_def_0_3152.jpeg,train,0,0.9991,0.7962,0.9700,0.8785
data_clean\train\def_front\cast_def_0_3153.jpeg,train,0,0.0022,0.0818,0.9080,0.0848
data_clean\train\def_front\cast_def_0_3154.jpeg,train,0,0.9997,0.1464,0.0147,0.8653
data_clean\train\def_front\cast_def_0_3155.jpeg,train,1,0.9999,0.2717,0.3067,0.5056
data_clean\train\def_front\cast_def_0_3157.jpeg,train,0,0.0695,0.2977,0.8239,0.1864
data_clean\train\def_front\cast_def_0_3158.jpeg,train,0,0.0010,0.0187,0.5852,0.4206
data_clean\train\def_front\cast_def_0_3161.jpeg,train,0,0.0049,0.0128,0.4217,0.7598
data_clean\train\def_front\cast_def_0_3166.jpeg,train,0,0.9997,0.0911,0.0007,0.9875
data_clean\train\def_front\cast_def_0_3167.jpeg,train,0,0.0002,0.3621,0.9303,0.0201
data_clean\train\def_front\cast_def_0_3169.jpeg,train,0,0.0034,0.1631,0.9117,0.2940
data_clean\train\def_front\cast_def_0_317.jpeg,train,0,0.0009,0.0063,0.0258,0.8848
data_clean\train\def_front\cast_def_0_3171.jpeg,train,0,0.9999,0.1873,0.1462,0.4555
data_clean\train\def_front\cast_def_0_3173.jpeg,train,0,0.0007,0.0511,0.8425,0.1666
data_clean\train\def_front\cast_def_0_3177.jpeg,train,0,0.0274,0.3294,0.8116,0.2268
data_clean\train\def_front\cast_def_0_3180.jpeg,train,0,0.0005,0.0807,0.7573,0.0569
data_clean\train\def_front\cast_def_0_3182.jpeg,train,0,0.0011,0.0059,0.0429,0.9064
data_clean\train\def_front\cast_def_0_3183.jpeg,train,0,0.0002,0.0388,0.6494,0.1282
data_clean\train\def_front\cast_def_0_3185.jpeg,train,0,0.0084,0.0719,0.8572,0.2596
data_clean\train\def_front\cast_def_0_3187.jpeg,train,0,0.9994,0.7623,0.9391,0.8145
data_clean\train\def_front\cast_def_0_3188.jpeg,train,0,0.0000,0.9997,0.0006,0.0045
data_clean\train\def_front\cast_def_0_319.jpeg,train,0,0.9993,0.4492,0.4976,0.4783
data_clean\train\def_front\cast_def_0_3190.jpeg,train,0,0.9999,0.2394,0.2024,0.4696
data_clean\train\def_front\cast_def_0_3192.jpeg,train,0,0.0004,0.0901,0.6502,0.1251
data_clean\train\def_front\cast_def_0_3196.jpeg,train,0,0.0137,0.3294,0.8486,0.1401
data_clean\train\def_front\cast_def_0_3197.jpeg,train,0,0.0006,0.9876,0.0097,0.0368
data_clean\train\def_front\cast_def_0_3199.jpeg,train,0,0.0000,0.9998,0.0004,0.0038
data_clean\train\def_front\cast_def_0_320.jpeg,train,0,1.0000,0.0627,0.0023,0.9570
data_clean\train\def_front\cast_def_0_3201.jpeg,train,0,0.0005,0.1517,0.8360,0.0334
data_clean\train\def_front\cast_def_0_3202.jpeg,train,0,0.0001,0.0570,0.5410,0.1359
data_clean\train\def_front\cast_def_0_3208.jpeg,train,0,0.0003,0.0433,0.7071,0.1229
data_clean\train\def_front\cast_def_0_321.jpeg,train,0,0.9362,0.1167,0.4633,0.5091
data_clean\train\def_front\cast_def_0_3211.jpeg,train,0,0.9999,0.1212,0.0019,0.9469
data_clean\train\def_front\cast_def_0_3217.jpeg,train,0,0.9990,0.1533,0.0215,0.8039
data_clean\train\def_front\cast_def_0_3218.jpeg,train,0,0.0006,0.9813,0.0079,0.0328
data_clean\train\def_front\cast_def_0_3219.jpeg,train,0,0.0265,0.0087,0.0024,0.9946
data_clean\train\def_front\cast_def_0_3227.jpeg,train,0,0.0032,0.0652,0.0068,0.8884
data_clean\train\def_front\cast_def_0_3228.jpeg,train,0,0.9995,0.7680,0.9683,0.8565
data_clean\train\def_front\cast_def_0_323.jpeg,train,0,0.0031,0.9845,0.0002,0.4768
data_clean\train\def_front\cast_def_0_3233.jpeg,train,1,0.0001,0.0020,0.9066,0.2398
data_clean\train\def_front\cast_def_0_3236.jpeg,train,0,0.9998,0.2613,0.1665,0.4693
data_clean\train\def_front\cast_def_0_3238.jpeg,train,0,0.9999,0.1970,0.0155,0.8778
data_clean\train\def_front\cast_def_0_3239.jpeg,train,0,0.9998,0.1448,0.0019,0.9501
data_clean\train\def_front\cast_def_0_324.jpeg,train,0,0.9993,0.2225,0.0345,0.8574
data_clean\train\def_front\cast_def_0_3245.jpeg,train,0,0.0006,0.1163,0.8776,0.1486
data_clean\train\def_front\cast_def_0_3246.jpeg,train,0,0.9997,0.8049,0.9846,0.8948
data_clean\train\def_front\cast_def_0_3248.jpeg,train,0,0.0001,0.0635,0.8542,0.0424
data_clean\train\def_front\cast_def_0_3250.jpeg,train,0,0.0005,0.9562,0.0141,0.0747
data_clean\train\def_front\cast_def_0_3252.jpeg,train,0,0.0003,0.0161,0.8189,0.1018
data_clean\train\def_front\cast_def_0_3253.jpeg,train,1,1.0000,0.0552,0.0031,0.9713
data_clean\train\def_front\cast_def_0_3254.jpeg,train,0,0.0263,0.3090,0.8370,0.0743
data_clean\train\def_front\cast_def_0_3257.jpeg,train,0,0.0223,0.0268,0.0017,0.9745
data_clean\train\def_front\cast_def_0_3261.jpeg,train,0,0.0021,0.0579,0.9700,0.0362
data_clean\train\def_front\cast_def_0_3262.jpeg,train,0,0.0012,0.1637,0.8457,0.0819
data_clean\train\def_front\cast_def_0_327.jpeg,train,0,0.0003,0.1248,0.9299,0.0269
data_clean\train\def_front\cast_def_0_3272.jpeg,train,0,0.0116,0.1426,0.5224,0.0925
data_clean\train\def_front\cast_def_0_3274.jpeg,train,0,0.9988,0.7360,0.9425,0.8829
data_clean\train\def_front\cast_def_0_3276.jpeg,train,0,0.9988,0.6927,0.8923,0.8195
data_clean\train\def_front\cast_def_0_3280.jpeg,train,0,0.9992,0.1442,0.0015,0.9704
data_clean\train\def_front\cast_def_0_3287.jpeg,train,0,0.0581,0.1393,0.3475,0.2083
data_clean\train\def_front\cast_def_0_3288.jpeg,train,0,0.9988,0.7196,0.9650,0.9294
data_clean\train\def_front\cast_def_0_3289.jpeg,train,0,0.0009,0.9995,0.0000,0.0733
data_clean\train\def_front\cast_def_0_3290.jpeg,train,0,0.9999,0.4450,0.5107,0.5067
data_clean\train\def_front\cast_def_0_3292.jpeg,train,0,0.0018,0.1038,0.5426,0.4129
data_clean\train\def_front\cast_def_0_3295.jpeg,train,0,0.0014,0.0943,0.7287,0.0681
data_clean\train\def_front\cast_def_0_3297.jpeg,train,0,0.0036,0.0445,0.3991,0.2433
data_clean\train\def_front\cast_def_0_3299.jpeg,train,0,0.0008,0.0550,0.6999,0.1449
data_clean\train\def_front\cast_def_0_33.jpeg,train,0,0.0072,0.0235,0.8032,0.3305
data_clean\train\def_front\cast_def_0_330.jpeg,train,0,0.0001,0.0906,0.6250,0.0680
data_clean\train\def_front\cast_def_0_3303.jpeg,train,0,0.9999,0.2368,0.0854,0.5575
data_clean\train\def_front\cast_def_0_3308.jpeg,train,1,0.0001,0.9976,0.0006,0.0528
data_clean\train\def_front\cast_def_0_331.jpeg,train,0,1.0000,0.0852,0.0131,0.9215
data_clean\train\def_front\cast_def_0_3310.jpeg,train,0,0.9981,0.5782,0.6178,0.3186
data_clean\train\def_front\cast_def_0_3314.jpeg,train,0,0.0046,0.1507,0.2632,0.2537
data_clean\train\def_front\cast_def_0_3317.jpeg,train,0,0.0000,0.6270,0.9190,0.0029
data_clean\train\def_front\cast_def_0_3320.jpeg,train,0,0.0003,0.0251,0.3736,0.4243
data_clean\train\def_front\cast_def_0_3327.jpeg,train,0,0.9999,0.3211,0.3189,0.5234
data_clean\train\def_front\cast_def_0_3328.jpeg,train,0,0.9999,0.2509,0.0654,0.8051
data_clean\train\def_front\cast_def_0_3329.jpeg,train,0,0.0144,0.0142,0.0060,0.9803
data_clean\train\def_front\cast_def_0_333.jpeg,train,0,0.0007,0.0061,0.7363,0.1973
data_clean\train\def_front\cast_def_0_3330.jpeg,train,0,0.0162,0.1055,0.8678,0.2299
data_clean\train\def_front\cast_def_0_3333.jpeg,train,0,0.0009,0.0420,0.0248,0.7591
data_clean\train\def_front\cast_def_0_3334.jpeg,train,0,0.0036,0.0173,0.0120,0.9387
data_clean\train\def_front\cast_def_0_3336.jpeg,train,0,0.0008,0.0575,0.8459,0.1240
data_clean\train\def_front\cast_def_0_3338.jpeg,train,0,0.0005,0.0054,0.5098,0.7122
data_clean\train\def_front\cast_def_0_3341.jpeg,train,0,0.0003,0.9972,0.0004,0.0413
data_clean\train\def_front\cast_def_0_3345.jpeg,train,0,0.0008,0.0209,0.6553,0.2695
data_clean\train\def_front\cast_def_0_335.jpeg,train,0,0.9994,0.7809,0.9640,0.8598
data_clean\train\def_front\cast_def_0_3350.jpeg,train,0,0.9999,0.1625,0.0590,0.7694
data_clean\train\def_front\cast_def_0_3351.jpeg,train,0,0.9985,0.2843,0.0362,0.8839
data_clean\train\def_front\cast_def_0_3353.jpeg,train,0,0.9999,0.0804,0.0204,0.8611
data_clean\train\def_front\cast_def_0_3355.jpeg,train,0,1.0000,0.0846,0.0183,0.8798
data_clean\train\def_front\cast_def_0_3363.jpeg,train,0,0.0000,0.6983,0.8799,0.0027
data_clean\train\def_front\cast_def_0_3365.jpeg,train,0,0.9999,0.3858,0.2163,0.7368
data_clean\train\def_front\cast_def_0_3367.jpeg,train,0,0.0005,0.9748,0.0093,0.0547
data_clean\train\def_front\cast_def_0_3369.jpeg,train,1,0.9984,0.2829,0.1198,0.3612
data_clean\train\def_front\cast_def_0_337.jpeg,train,0,0.9997,0.6873,0.9267,0.8495
data_clean\train\def_front\cast_def_0_3373.jpeg,train,0,1.0000,0.3905,0.5655,0.5974
data_clean\train\def_front\cast_def_0_3376.jpeg,train,0,0.0005,0.0414,0.8066,0.1194
data_clean\train\def_front\cast_def_0_3377.jpeg,train,0,0.0001,0.0774,0.8364,0.0730
data_clean\train\def_front\cast_def_0_3380.jpeg,train,0,0.0033,0.1029,0.8888,0.2169
data_clean\train\def_front\cast_def_0_3382.jpeg,train,0,0.9969,0.6372,0.6428,0.2467
data_clean\train\def_front\cast_def_0_3384.jpeg,train,0,0.9996,0.0716,0.0028,0.9262
data_clean\train\def_front\cast_def_0_3385.jpeg,train,0,0.0016,0.0083,0.0167,0.9522
data_clean\train\def_front\cast_def_0_3388.jpeg,train,1,0.0100,0.1643,0.9406,0.0513
data_clean\train\def_front\cast_def_0_3389.jpeg,train,0,0.0001,0.0143,0.1897,0.4090
data_clean\train\def_front\cast_def_0_339.jpeg,train,0,0.0018,0.0307,0.7417,0.3862
data_clean\train\def_front\cast_def_0_3392.jpeg,train,0,0.9954,0.6434,0.6648,0.1607
data_clean\train\def_front\cast_def_0_3398.jpeg,train,0,0.0001,0.0121,0.7463,0.1462
data_clean\train\def_front\cast_def_0_3403.jpeg,train,0,0.0007,0.0022,0.3894,0.7338
data_clean\train\def_front\cast_def_0_3404.jpeg,train,0,0.0016,0.9978,0.0001,0.0876
data_clean\train\def_front\cast_def_0_3405.jpeg,train,0,0.9999,0.0762,0.0131,0.9109
data_clean\train\def_front\cast_def_0_3408.jpeg,train,0,0.0374,0.3437,0.8277,0.2232
data_clean\train\def_front\cast_def_0_3413.jpeg,train,0,0.9993,0.4687,0.4485,0.3727
data_clean\train\def_front\cast_def_0_3414.jpeg,train,0,0.0021,0.3630,0.8526,0.0459
data_clean\train\def_front\cast_def_0_3426.jpeg,train,0,0.0112,0.0509,0.0039,0.9756
data_clean\train\def_front\cast_def_0_3429.jpeg,train,0,0.9999,0.1710,0.0323,0.8471
data_clean\train\def_front\cast_def_0_3430.jpeg,train,0,0.9997,0.0340,0.0035,0.9113
data_clean\train\def_front\cast_def_0_3431.jpeg,train,0,0.9928,0.1320,0.3532,0.4070
data_clean\train\def_front\cast_def_0_3432.jpeg,train,0,0.0181,0.0144,0.7696,0.3996
data_clean\train\def_front\cast_def_0_3433.jpeg,train,0,0.9998,0.4531,0.5156,0.4733
data_clean\train\def_front\cast_def_0_3436.jpeg,train,0,0.0004,0.0315,0.9085,0.0712
data_clean\train\def_front\cast_def_0_3437.jpeg,train,0,0.9996,0.1785,0.0577,0.6014
data_clean\train\def_front\cast_def_0_3443.jpeg,train,0,0.0004,0.0342,0.9175,0.0532
data_clean\train\def_front\cast_def_0_3445.jpeg,train,0,0.9973,0.6622,0.6793,0.2712
data_clean\train\def_front\cast_def_0_3446.jpeg,train,0,1.0000,0.2441,0.1976,0.5188
data_clean\train\def_front\cast_def_0_3447.jpeg,train,0,0.9936,0.7798,0.7995,0.1613
data_clean\train\def_front\cast_def_0_3450.jpeg,train,0,1.0000,0.1165,0.0180,0.8539
data_clean\train\def_front\cast_def_0_3451.jpeg,train,0,0.9999,0.2036,0.0712,0.6773
data_clean\train\def_front\cast_def_0_3457.jpeg,train,0,1.0000,0.2215,0.1412,0.5457
data_clean\train\def_front\cast_def_0_3460.jpeg,train,0,0.0082,0.2696,0.8187,0.1351
data_clean\train\def_front\cast_def_0_3461.jpeg,train,0,0.0034,0.9834,0.0001,0.5225
data_clean\train\def_front\cast_def_0_3464.jpeg,train,0,0.0019,0.0891,0.1148,0.6056
data_clean\train\def_front\cast_def_0_3469.jpeg,train,0,0.0031,0.0340,0.5931,0.3699
data_clean\train\def_front\cast_def_0_347.jpeg,train,0,0.0051,0.0156,0.3854,0.4983
data_clean\train\def_front\cast_def_0_3472.jpeg,train,0,0.0014,0.1440,0.7393,0.1058
data_clean\train\def_front\cast_def_0_3474.jpeg,train,0,0.0004,0.2359,0.9481,0.0095
data_clean\train\def_front\cast_def_0_3478.jpeg,train,0,1.0000,0.1264,0.0697,0.7993
data_clean\train\def_front\cast_def_0_3479.jpeg,train,0,0.0002,0.0166,0.8303,0.1099
data_clean\train\def_front\cast_def_0_348.jpeg,train,0,0.0210,0.0422,0.8686,0.1573
data_clean\train\def_front\cast_def_0_3480.jpeg,train,0,0.0004,0.0174,0.8224,0.1139
data_clean\train\def_front\cast_def_0_3482.jpeg,train,0,0.0099,0.1117,0.3747,0.1223
data_clean\train\def_front\cast_def_0_3485.jpeg,train,0,0.0100,0.0349,0.3974,0.6183
data_clean\train\def_front\cast_def_0_3486.jpeg,train,0,0.0007,0.0130,0.8946,0.1585
data_clean\train\def_front\cast_def_0_3487.jpeg,train,0,0.0001,0.3995,0.1872,0.0840
data_clean\train\def_front\cast_def_0_3488.jpeg,train,0,0.0015,0.0165,0.5366,0.2859
data_clean\train\def_front\cast_def_0_3489.jpeg,train,0,0.0113,0.1663,0.9383,0.1216
data_clean\train\def_front\cast_def_0_3492.jpeg,train,0,0.0004,0.0056,0.6378,0.2372
data_clean\train\def_front\cast_def_0_3495.jpeg,train,0,0.0002,0.0041,0.7175,0.2195
data_clean\train\def_front\cast_def_0_3496.jpeg,train,0,0.0033,0.0851,0.6922,0.1203
data_clean\train\def_front\cast_def_0_3498.jpeg,train,0,0.0004,0.0281,0.7269,0.3526
data_clean\train\def_front\cast_def_0_350.jpeg,train,0,0.9980,0.7465,0.8891,0.6170
data_clean\train\def_front\cast_def_0_3500.jpeg,train,0,0.0000,0.9998,0.0001,0.0083
data_clean\train\def_front\cast_def_0_3514.jpeg,train,0,0.0005,0.0088,0.8369,0.1755
data_clean\train\def_front\cast_def_0_3515.jpeg,train,0,0.9999,0.1377,0.0020,0.9546
data_clean\train\def_front\cast_def_0_3518.jpeg,train,1,0.0004,0.9827,0.0180,0.0175
data_clean\train\def_front\cast_def_0_3520.jpeg,train,0,0.0008,0.0073,0.3244,0.5992
data_clean\train\def_front\cast_def_0_3524.jpeg,train,0,0.9999,0.2557,0.1935,0.6135
data_clean\train\def_front\cast_def_0_3527.jpeg,train,0,0.0020,0.0413,0.7225,0.1892
data_clean\train\def_front\cast_def_0_3534.jpeg,train,0,0.9979,0.3303,0.0735,0.7710
data_clean\train\def_front\cast_def_0_3536.jpeg,train,1,0.0003,0.1250,0.9188,0.0204
data_clean\train\def_front\cast_def_0_354.jpeg,train,0,0.0004,0.1100,0.4736,0.1173
data_clean\train\def_front\cast_def_0_3541.jpeg,train,0,0.0004,0.0039,0.4793,0.7487
data_clean\train\def_front\cast_def_0_3542.jpeg,train,0,0.0039,0.2012,0.8713,0.0487
data_clean\train\def_front\cast_def_0_3543.jpeg,train,0,0.0000,0.5436,0.9032,0.0050
data_clean\train\def_front\cast_def_0_3544.jpeg,train,0,0.0003,0.9969,0.0006,0.0473
data_clean\train\def_front\cast_def_0_3545.jpeg,train,0,0.0002,0.0080,0.4671,0.3636
data_clean\train\def_front\cast_def_0_355.jpeg,train,0,0.9995,0.1611,0.0043,0.9189
data_clean\train\def_front\cast_def_0_3550.jpeg,train,0,0.9999,0.1695,0.1098,0.4142
data_clean\train\def_front\cast_def_0_3553.jpeg,train,0,1.0000,0.2749,0.0969,0.5343
data_clean\train\def_front\cast_def_0_3554.jpeg,train,0,0.0004,0.0701,0.7971,0.1192
data_clean\train\def_front\cast_def_0_3556.jpeg,train,0,0.9996,0.1394,0.0083,0.8924
data_clean\train\def_front\cast_def_0_3558.jpeg,train,0,0.0024,0.1237,0.7813,0.0517
data_clean\train\def_front\cast_def_0_3563.jpeg,train,0,1.0000,0.2604,0.1664,0.6023
data_clean\train\def_front\cast_def_0_3566.jpeg,train,0,0.0008,0.0002,0.2326,0.9020
data_clean\train\def_front\cast_def_0_3568.jpeg,train,0,0.9999,0.4476,0.5513,0.4971
data_clean\train\def_front\cast_def_0_3569.jpeg,train,0,0.9977,0.7040,0.7070,0.2947
data_clean\train\def_front\cast_def_0_357.jpeg,train,0,0.0000,0.0001,0.0303,0.1714
data_clean\train\def_front\cast_def_0_3571.jpeg,train,0,0.0005,0.0093,0.6687,0.3108
data_clean\train\def_front\cast_def_0_3572.jpeg,train,0,0.9999,0.2544,0.1367,0.8215
data_clean\train\def_front\cast_def_0_3582.jpeg,train,0,0.0243,0.1354,0.9072,0.1129
data_clean\train\def_front\cast_def_0_3583.jpeg,train,0,0.9995,0.0665,0.0032,0.9450
data_clean\train\def_front\cast_def_0_3586.jpeg,train,0,0.9986,0.4972,0.2981,0.3960
data_clean\train\def_front\cast_def_0_3587.jpeg,train,0,0.9995,0.0814,0.0055,0.9326
data_clean\train\def_front\cast_def_0_359.jpeg,train,0,0.9497,0.0463,0.1993,0.4978
data_clean\train\def_front\cast_def_0_3590.jpeg,train,0,1.0000,0.0557,0.0151,0.8565
data_clean\train\def_front\cast_def_0_3598.jpeg,train,0,1.0000,0.3083,0.2271,0.6542
data_clean\train\def_front\cast_def_0_360.jpeg,train,0,0.9996,0.1098,0.0016,0.9498
data_clean\train\def_front\cast_def_0_3601.jpeg,train,0,0.0021,0.1137,0.9551,0.0294
data_clean\train\def_front\cast_def_0_3605.jpeg,train,0,0.0002,0.0158,0.5970,0.2194
data_clean\train\def_front\cast_def_0_3607.jpeg,train,0,0.0015,0.0951,0.8042,0.1855
data_clean\train\def_front\cast_def_0_3608.jpeg,train,0,0.0012,0.0003,0.1071,0.9101
data_clean\train\def_front\cast_def_0_3609.jpeg,train,0,0.0018,0.0396,0.9606,0.0517
data_clean\train\def_front\cast_def_0_3610.jpeg,train,0,0.9983,0.5577,0.3654,0.3307
data_clean\train\def_front\cast_def_0_3611.jpeg,train,0,0.9976,0.6392,0.7146,0.2672
data_clean\train\def_front\cast_def_0_3617.jpeg,train,0,0.9517,0.1641,0.4222,0.6225
data_clean\train\def_front\cast_def_0_3619.jpeg,train,0,0.9968,0.7015,0.7122,0.2510
data_clean\train\def_front\cast_def_0_3620.jpeg,train,0,0.9990,0.3629,0.1309,0.5244
data_clean\train\def_front\cast_def_0_3622.jpeg,train,0,0.9999,0.2120,0.2964,0.3351
data_clean\train\def_front\cast_def_0_3623.jpeg,train,0,0.9940,0.7109,0.7440,0.3196
data_clean\train\def_front\cast_def_0_3625.jpeg,train,0,0.0002,0.9984,0.0004,0.0464
data_clean\train\def_front\cast_def_0_3628.jpeg,train,0,0.0011,0.1674,0.8792,0.1319
data_clean\train\def_front\cast_def_0_3629.jpeg,train,0,0.9983,0.7279,0.8820,0.5453
data_clean\train\def_front\cast_def_0_363.jpeg,train,0,0.9997,0.8067,0.9826,0.8933
data_clean\train\def_front\cast_def_0_3631.jpeg,train,0,0.0000,0.5530,0.8191,0.0074
data_clean\train\def_front\cast_def_0_3634.jpeg,train,0,0.0688,0.3157,0.8938,0.1671
data_clean\train\def_front\cast_def_0_3644.jpeg,train,0,0.0025,0.2626,0.8880,0.0846
data_clean\train\def_front\cast_def_0_3647.jpeg,train,0,0.0039,0.0695,0.8899,0.0360
data_clean\train\def_front\cast_def_0_3648.jpeg,train,0,0.9984,0.3570,0.2531,0.3816
data_clean\train\def_front\cast_def_0_3649.jpeg,train,0,0.0019,0.3142,0.8979,0.0362
data_clean\train\def_front\cast_def_0_3650.jpeg,train,0,0.0003,0.1093,0.8304,0.0866
data_clean\train\def_front\cast_def_0_3652.jpeg,train,0,0.0002,0.2400,0.7097,0.0508
data_clean\train\def_front\cast_def_0_3653.jpeg,train,0,0.0013,0.0406,0.6258,0.2368
data_clean\train\def_front\cast_def_0_3654.jpeg,train,1,0.0102,0.1194,0.3124,0.2931
data_clean\train\def_front\cast_def_0_3655.jpeg,train,0,0.9988,0.4174,0.4094,0.2016
data_clean\train\def_front\cast_def_0_3658.jpeg,train,0,0.0097,0.1976,0.9108,0.0425
data_clean\train\def_front\cast_def_0_3659.jpeg,train,0,0.0005,0.0170,0.6990,0.2343
data_clean\train\def_front\cast_def_0_3661.jpeg,train,0,0.0007,0.0220,0.4426,0.2796
data_clean\train\def_front\cast_def_0_3663.jpeg,train,0,0.0003,0.0262,0.7298,0.1100
data_clean\train\def_front\cast_def_0_3666.jpeg,train,0,0.0010,0.0095,0.6557,0.3677
data_clean\train\def_front\cast_def_0_3667.jpeg,train,0,0.0036,0.1883,0.8114,0.0697
data_clean\train\def_front\cast_def_0_3668.jpeg,train,0,0.0001,0.0088,0.7263,0.1614
data_clean\train\def_front\cast_def_0_3671.jpeg,train,0,0.0073,0.1631,0.9368,0.1176
data_clean\train\def_front\cast_def_0_3672.jpeg,train,0,0.9997,0.0899,0.0004,0.9820
data_clean\train\def_front\cast_def_0_3673.jpeg,train,0,0.0017,0.0110,0.0384,0.8647
data_clean\train\def_front\cast_def_0_3674.jpeg,train,0,0.0118,0.0092,0.0082,0.9839
data_clean\train\def_front\cast_def_0_3676.jpeg,train,0,0.0002,0.1226,0.9445,0.0186
data_clean\train\def_front\cast_def_0_3677.jpeg,train,0,1.0000,0.1778,0.0691,0.9175
data_clean\train\def_front\cast_def_0_3679.jpeg,train,0,0.1084,0.0143,0.0477,0.9063
data_clean\train\def_front\cast_def_0_3684.jpeg,train,0,0.0047,0.2788,0.8754,0.0480
data_clean\train\def_front\cast_def_0_3688.jpeg,train,0,0.1320,0.1359,0.8768,0.2806
data_clean\train\def_front\cast_def_0_3690.jpeg,train,0,0.0176,0.0140,0.0060,0.9876
data_clean\train\def_front\cast_def_0_3692.jpeg,train,0,0.0009,0.0596,0.6003,0.3533
data_clean\train\def_front\cast_def_0_3694.jpeg,train,0,0.0046,0.2261,0.9403,0.1226
data_clean\train\def_front\cast_def_0_3695.jpeg,train,0,0.9999,0.2304,0.1722,0.5914
data_clean\train\def_front\cast_def_0_3696.jpeg,train,1,0.0000,0.5024,0.9471,0.0046
data_clean\train\def_front\cast_def_0_3698.jpeg,train,0,0.9989,0.5157,0.5844,0.3462
data_clean\train\def_front\cast_def_0_3701.jpeg,train,0,0.0005,0.0471,0.9291,0.0650
data_clean\train\def_front\cast_def_0_3703.jpeg,train,0,0.0019,0.0413,0.7064,0.2873
data_clean\train\def_front\cast_def_0_3704.jpeg,train,0,1.0000,0.2069,0.1401,0.7150
data_clean\train\def_front\cast_def_0_3707.jpeg,train,0,0.0054,0.0647,0.6702,0.3157
data_clean\train\def_front\cast_def_0_3709.jpeg,train,0,0.9978,0.2045,0.0217,0.8666
data_clean\train\def_front\cast_def_0_3716.jpeg,train,0,0.9997,0.8163,0.9862,0.9190
data_clean\train\def_front\cast_def_0_3718.jpeg,train,0,0.0098,0.0050,0.0078,0.9594
data_clean\train\def_front\cast_def_0_372.jpeg,train,0,0.9985,0.4470,0.3478,0.3161
data_clean\train\def_front\cast_def_0_3720.jpeg,train,0,0.0000,0.5090,0.9525,0.0036
data_clean\train\def_front\cast_def_0_3723.jpeg,train,0,0.9976,0.3010,0.0702,0.8214
data_clean\train\def_front\cast_def_0_3725.jpeg,train,0,0.0039,0.1246,0.8402,0.1444
data_clean\train\def_front\cast_def_0_3727.jpeg,train,0,0.9995,0.0955,0.0014,0.9623
data_clean\train\def_front\cast_def_0_3728.jpeg,train,0,0.9999,0.1481,0.0441,0.6990
data_clean\train\def_front\cast_def_0_3729.jpeg,train,0,0.0001,0.9889,0.0013,0.0566
data_clean\train\def_front\cast_def_0_3734.jpeg,train,0,0.4290,0.0373,0.0173,0.9525
data_clean\train\def_front\cast_def_0_3737.jpeg,train,0,0.0002,0.2503,0.7665,0.0466
data_clean\train\def_front\cast_def_0_3739.jpeg,train,0,0.0006,0.0438,0.8943,0.0425
data_clean\train\def_front\cast_def_0_374.jpeg,train,0,0.0120,0.0909,0.3802,0.2161
data_clean\train\def_front\cast_def_0_3742.jpeg,train,0,0.0009,0.0400,0.8504,0.0826
data_clean\train\def_front\cast_def_0_3743.jpeg,train,0,0.0011,0.1450,0.4987,0.2087
data_clean\train\def_front\cast_def_0_3744.jpeg,train,0,0.9980,0.6018,0.4562,0.3634
data_clean\train\def_front\cast_def_0_3745.jpeg,train,0,0.9965,0.8026,0.9777,0.9018
data_clean\train\def_front\cast_def_0_3746.jpeg,train,0,0.0006,0.0268,0.7477,0.0946
data_clean\train\def_front\cast_def_0_3747.jpeg,train,0,0.0237,0.0991,0.9074,0.1209
data_clean\train\def_front\cast_def_0_3753.jpeg,train,0,0.0006,0.9954,0.0007,0.0650
data_clean\train\def_front\cast_def_0_3754.jpeg,train,0,0.0069,0.9330,0.0002,0.7716
data_clean\train\def_front\cast_def_0_3757.jpeg,train,0,0.9996,0.7392,0.9558,0.8272
data_clean\train\def_front\cast_def_0_376.jpeg,train,0,0.0014,0.1683,0.9485,0.0461
data_clean\train\def_front\cast_def_0_3760.jpeg,train,0,0.9968,0.7195,0.7460,0.3259
data_clean\train\def_front\cast_def_0_3761.jpeg,train,0,1.0000,0.1042,0.0193,0.8816
data_clean\train\def_front\cast_def_0_3762.jpeg,train,0,0.0002,0.0506,0.7171,0.1780
data_clean\train\def_front\cast_def_0_3764.jpeg,train,0,0.0005,0.0031,0.6105,0.6254
data_clean\train\def_front\cast_def_0_3765.jpeg,train,0,0.0959,0.1770,0.2793,0.3704
data_clean\train\def_front\cast_def_0_3766.jpeg,train,0,0.0000,0.6240,0.7936,0.0029
data_clean\train\def_front\cast_def_0_3769.jpeg,train,0,0.0000,0.9999,0.0005,0.0021
data_clean\train\def_front\cast_def_0_377.jpeg,train,0,0.0017,0.1682,0.8187,0.0431
data_clean\train\def_front\cast_def_0_3770.jpeg,train,0,0.9988,0.5235,0.4381,0.3792
data_clean\train\def_front\cast_def_0_3771.jpeg,train,0,1.0000,0.1230,0.0379,0.5949
data_clean\train\def_front\cast_def_0_3772.jpeg,train,0,0.9995,0.1802,0.0257,0.6255
data_clean\train\def_front\cast_def_0_3773.jpeg,train,1,0.0067,0.0400,0.9367,0.0638
data_clean\train\def_front\cast_def_0_3777.jpeg,train,0,1.0000,0.0557,0.0129,0.9288
data_clean\train\def_front\cast_def_0_3778.jpeg,train,0,0.0004,0.0836,0.8915,0.0488
data_clean\train\def_front\cast_def_0_378.jpeg,train,0,0.0002,0.0112,0.4334,0.4396
data_clean\train\def_front\cast_def_0_3784.jpeg,train,0,0.0004,0.0485,0.8646,0.1027
data_clean\train\def_front\cast_def_0_3785.jpeg,train,0,0.0001,0.3225,0.8204,0.0210
data_clean\train\def_front\cast_def_0_379.jpeg,train,0,0.9993,0.7444,0.9395,0.8937
data_clean\train\def_front\cast_def_0_3792.jpeg,train,0,0.9995,0.6549,0.9068,0.8853
data_clean\train\def_front\cast_def_0_3793.jpeg,train,0,0.0068,0.2746,0.0014,0.9477
data_clean\train\def_front\cast_def_0_3797.jpeg,train,0,0.9997,0.1000,0.0011,0.9801
data_clean\train\def_front\cast_def_0_3798.jpeg,train,0,0.0571,0.1067,0.8603,0.2692
data_clean\train\def_front\cast_def_0_3799.jpeg,train,0,0.0000,0.5277,0.8955,0.0058
data_clean\train\def_front\cast_def_0_380.jpeg,train,0,0.0002,0.9930,0.0006,0.0594
data_clean\train\def_front\cast_def_0_3801.jpeg,train,0,0.9997,0.0842,0.0031,0.9205
data_clean\train\def_front\cast_def_0_3802.jpeg,train,0,0.9999,0.3250,0.2198,0.6338
data_clean\train\def_front\cast_def_0_3803.jpeg,train,0,0.0231,0.0089,0.0031,0.9897
data_clean\train\def_front\cast_def_0_3804.jpeg,train,0,0.0002,0.0594,0.0068,0.8937
data_clean\train\def_front\cast_def_0_3805.jpeg,train,0,0.0148,0.0337,0.2596,0.4149
data_clean\train\def_front\cast_def_0_3806.jpeg,train,0,0.0006,0.0221,0.8724,0.1541
data_clean\train\def_front\cast_def_0_3810.jpeg,train,0,0.0017,0.0872,0.5583,0.2758
data_clean\train\def_front\cast_def_0_3811.jpeg,train,0,0.0088,0.2605,0.8764,0.1154
data_clean\train\def_front\cast_def_0_3817.jpeg,train,0,0.0002,0.0677,0.7822,0.0920
data_clean\train\def_front\cast_def_0_3821.jpeg,train,0,0.0001,0.0063,0.8089,0.1671
data_clean\train\def_front\cast_def_0_3822.jpeg,train,0,0.0320,0.0217,0.0021,0.9702
data_clean\train\def_front\cast_def_0_3823.jpeg,train,0,0.9998,0.2553,0.1055,0.7438
data_clean\train\def_front\cast_def_0_3828.jpeg,train,0,0.0010,0.0140,0.5299,0.4375
data_clean\train\def_front\cast_def_0_3829.jpeg,train,0,0.0001,0.0023,0.8488,0.3203
data_clean\train\def_front\cast_def_0_3834.jpeg,train,0,0.0023,0.0705,0.9381,0.1127
data_clean\train\def_front\cast_def_0_3836.jpeg,train,0,0.9997,0.6427,0.9145,0.8957
data_clean\train\def_front\cast_def_0_3837.jpeg,train,0,0.9992,0.3484,0.0063,0.9481
data_clean\train\def_front\cast_def_0_3838.jpeg,train,0,0.9998,0.2210,0.0803,0.6198
data_clean\train\def_front\cast_def_0_3841.jpeg,train,0,0.0002,0.0163,0.6516,0.1653
data_clean\train\def_front\cast_def_0_3845.jpeg,train,0,0.0051,0.0461,0.0047,0.9622
data_clean\train\def_front\cast_def_0_3853.jpeg,train,0,0.0080,0.0660,0.3976,0.2694
data_clean\train\def_front\cast_def_0_3857.jpeg,train,0,0.0005,0.0469,0.7443,0.1510
data_clean\train\def_front\cast_def_0_3858.jpeg,train,0,0.0726,0.1170,0.9130,0.3337
data_clean\train\def_front\cast_def_0_3865.jpeg,train,0,0.0000,0.9997,0.0004,0.0045
data_clean\train\def_front\cast_def_0_3866.jpeg,train,0,0.0010,0.0461,0.7153,0.2768
data_clean\train\def_front\cast_def_0_3867.jpeg,train,0,0.0000,0.6008,0.8659,0.0075
data_clean\train\def_front\cast_def_0_3868.jpeg,train,0,0.0112,0.1882,0.8067,0.1655
data_clean\train\def_front\cast_def_0_3869.jpeg,train,0,0.0000,0.4993,0.9074,0.0058
data_clean\train\def_front\cast_def_0_387.jpeg,train,1,0.0006,0.0485,0.9307,0.0602
data_clean\train\def_front\cast_def_0_3872.jpeg,train,0,0.0048,0.1223,0.0021,0.9573
data_clean\train\def_front\cast_def_0_3873.jpeg,train,0,0.0014,0.9991,0.0002,0.0345
data_clean\train\def_front\cast_def_0_3874.jpeg,train,0,0.0012,0.2267,0.8134,0.0246
data_clean\train\def_front\cast_def_0_3876.jpeg,train,1,1.0000,0.1031,0.0309,0.8296
data_clean\train\def_front\cast_def_0_3879.jpeg,train,0,0.0624,0.2045,0.7719,0.1977
data_clean\train\def_front\cast_def_0_3880.jpeg,train,0,0.9999,0.0918,0.0006,0.9728
data_clean\train\def_front\cast_def_0_3882.jpeg,train,0,0.0000,0.9996,0.0010,0.0030
data_clean\train\def_front\cast_def_0_3883.jpeg,train,0,0.0000,0.9996,0.0004,0.0034
data_clean\train\def_front\cast_def_0_3889.jpeg,train,0,0.0009,0.0002,0.1001,0.9254
data_clean\train\def_front\cast_def_0_3890.jpeg,train,0,0.0075,0.1004,0.9232,0.2362
data_clean\train\def_front\cast_def_0_3892.jpeg,train,0,0.0008,0.0627,0.5631,0.1045
data_clean\train\def_front\cast_def_0_3893.jpeg,train,0,0.9997,0.3432,0.2660,0.4145
data_clean\train\def_front\cast_def_0_3895.jpeg,train,0,0.0003,0.0070,0.6165,0.3267
data_clean\train\def_front\cast_def_0_3896.jpeg,train,0,0.0060,0.0639,0.6606,0.1359
data_clean\train\def_front\cast_def_0_3897.jpeg,train,0,0.9999,0.2282,0.0389,0.8399
data_clean\train\def_front\cast_def_0_3898.jpeg,train,0,0.0003,0.0259,0.8510,0.1449
data_clean\train\def_front\cast_def_0_3899.jpeg,train,0,1.0000,0.1829,0.0540,0.8299
data_clean\train\def_front\cast_def_0_3901.jpeg,train,0,0.0003,0.0153,0.0912,0.7517
data_clean\train\def_front\cast_def_0_3910.jpeg,train,0,1.0000,0.4094,0.3870,0.3929
data_clean\train\def_front\cast_def_0_3911.jpeg,train,0,0.9989,0.4127,0.0033,0.9273
data_clean\train\def_front\cast_def_0_3912.jpeg,train,0,1.0000,0.2648,0.0412,0.8172
data_clean\train\def_front\cast_def_0_3913.jpeg,train,0,0.9996,0.1062,0.0029,0.9665
data_clean\train\def_front\cast_def_0_3914.jpeg,train,0,0.9998,0.1907,0.0295,0.8559
data_clean\train\def_front\cast_def_0_3915.jpeg,train,0,0.0008,0.9965,0.0001,0.0892
data_clean\train\def_front\cast_def_0_3920.jpeg,train,0,0.9991,0.5900,0.5206,0.2678
data_clean\train\def_front\cast_def_0_3921.jpeg,train,0,0.0007,0.9994,0.0003,0.0241
data_clean\train\def_front\cast_def_0_3922.jpeg,train,0,0.9972,0.3061,0.1779,0.6417
data_clean\train\def_front\cast_def_0_3924.jpeg,train,0,0.0004,0.0209,0.6981,0.1593
data_clean\train\def_front\cast_def_0_3925.jpeg,train,0,0.0037,0.0614,0.7543,0.1019
data_clean\train\def_front\cast_def_0_3927.jpeg,train,0,0.9999,0.3776,0.3055,0.4615
data_clean\train\def_front\cast_def_0_3929.jpeg,train,0,0.0000,0.9999,0.0003,0.0013
data_clean\train\def_front\cast_def_0_3934.jpeg,train,0,0.9995,0.7825,0.9690,0.8515
data_clean\train\def_front\cast_def_0_3937.jpeg,train,0,1.0000,0.1334,0.1117,0.7812
data_clean\train\def_front\cast_def_0_3940.jpeg,train,0,0.0013,0.0782,0.8469,0.0741
data_clean\train\def_front\cast_def_0_3952.jpeg,train,0,0.0002,0.0864,0.8383,0.0985
data_clean\train\def_front\cast_def_0_3956.jpeg,train,0,0.9989,0.4063,0.2593,0.3610
data_clean\train\def_front\cast_def_0_3957.jpeg,train,0,0.0087,0.0671,0.5597,0.1510
data_clean\train\def_front\cast_def_0_3958.jpeg,train,0,0.0001,0.9990,0.0003,0.0166
data_clean\train\def_front\cast_def_0_396.jpeg,train,0,0.9995,0.3778,0.3085,0.3958
data_clean\train\def_front\cast_def_0_3960.jpeg,train,0,0.9992,0.3031,0.2186,0.5696
data_clean\train\def_front\cast_def_0_3961.jpeg,train,0,0.0005,0.0327,0.6281,0.1375
data_clean\train\def_front\cast_def_0_3965.jpeg,train,0,0.9986,0.7347,0.9100,0.7489
data_clean\train\def_front\cast_def_0_3966.jpeg,train,0,1.0000,0.2469,0.1889,0.7098
data_clean\train\def_front\cast_def_0_3969.jpeg,train,0,0.9974,0.2362,0.0904,0.8443
data_clean\train\def_front\cast_def_0_3970.jpeg,train,0,0.9999,0.0568,0.0004,0.9911
data_clean\train\def_front\cast_def_0_3971.jpeg,train,0,1.0000,0.1243,0.0255,0.7288
data_clean\train\def_front\cast_def_0_3972.jpeg,train,0,0.0004,0.9947,0.0006,0.0851
data_clean\train\def_front\cast_def_0_3973.jpeg,train,0,0.0002,0.0063,0.7022,0.1743
data_clean\train\def_front\cast_def_0_3974.jpeg,train,0,0.0023,0.1043,0.5407,0.1249
data_clean\train\def_front\cast_def_0_3975.jpeg,train,0,0.0028,0.0457,0.8357,0.1108
data_clean\train\def_front\cast_def_0_3976.jpeg,train,0,0.0012,0.9881,0.0002,0.2850
data_clean\train\def_front\cast_def_0_3980.jpeg,train,0,0.0303,0.2908,0.8811,0.1234
data_clean\train\def_front\cast_def_0_3981.jpeg,train,0,0.0003,0.0192,0.6656,0.1795
data_clean\train\def_front\cast_def_0_3985.jpeg,train,1,0.9988,0.2685,0.0124,0.8965
data_clean\train\def_front\cast_def_0_3986.jpeg,train,0,0.1251,0.3793,0.8244,0.2706
data_clean\train\def_front\cast_def_0_399.jpeg,train,0,0.9998,0.3376,0.2424,0.5008
data_clean\train\def_front\cast_def_0_3993.jpeg,train,0,0.9999,0.1286,0.0447,0.7738
data_clean\train\def_front\cast_def_0_3994.jpeg,train,0,0.0000,0.5093,0.8500,0.0081
data_clean\train\def_front\cast_def_0_3995.jpeg,train,0,0.0001,0.0022,0.8458,0.3297
data_clean\train\def_front\cast_def_0_3997.jpeg,train,0,0.0020,0.0002,0.0238,0.9747
data_clean\train\def_front\cast_def_0_3998.jpeg,train,0,0.0083,0.0002,0.0558,0.9553
data_clean\train\def_front\cast_def_0_40.jpeg,train,0,0.0004,0.0088,0.7424,0.2326
data_clean\train\def_front\cast_def_0_4008.jpeg,train,0,0.9996,0.2477,0.0020,0.9698
data_clean\train\def_front\cast_def_0_401.jpeg,train,0,0.0086,0.0725,0.9227,0.0976
data_clean\train\def_front\cast_def_0_4014.jpeg,train,0,0.9934,0.7494,0.8639,0.4380
data_clean\train\def_front\cast_def_0_4016.jpeg,train,0,0.0004,0.0439,0.7684,0.2129
data_clean\train\def_front\cast_def_0_4018.jpeg,train,0,0.0148,0.0531,0.8391,0.1430
data_clean\train\def_front\cast_def_0_4019.jpeg,train,0,0.9960,0.7100,0.7451,0.2743
data_clean\train\def_front\cast_def_0_402.jpeg,train,0,0.0004,0.1201,0.8931,0.0975
data_clean\train\def_front\cast_def_0_4023.jpeg,train,0,0.9994,0.4028,0.3980,0.4892
data_clean\train\def_front\cast_def_0_4025.jpeg,train,0,0.0410,0.4933,0.8923,0.1523
data_clean\train\def_front\cast_def_0_4027.jpeg,train,0,0.0526,0.0271,0.0416,0.8731
data_clean\train\def_front\cast_def_0_4032.jpeg,train,0,0.9986,0.0701,0.0220,0.3269
data_clean\train\def_front\cast_def_0_4034.jpeg,train,0,0.0012,0.0690,0.0173,0.7901
data_clean\train\def_front\cast_def_0_4035.jpeg,train,0,0.9999,0.3126,0.0952,0.7272
data_clean\train\def_front\cast_def_0_4038.jpeg,train,0,0.9998,0.0497,0.0031,0.9517
data_clean\train\def_front\cast_def_0_4039.jpeg,train,0,0.9999,0.2652,0.1692,0.5073
data_clean\train\def_front\cast_def_0_404.jpeg,train,0,0.0436,0.0165,0.0018,0.9942
data_clean\train\def_front\cast_def_0_4041.jpeg,train,1,0.0348,0.0043,0.0051,0.9804
data_clean\train\def_front\cast_def_0_4044.jpeg,train,0,0.0023,0.2624,0.7617,0.0566
data_clean\train\def_front\cast_def_0_4045.jpeg,train,0,0.0009,0.0526,0.7974,0.0555
data_clean\train\def_front\cast_def_0_4046.jpeg,train,0,0.0003,0.0242,0.9438,0.0987
data_clean\train\def_front\cast_def_0_4049.jpeg,train,0,0.0013,0.2150,0.9258,0.0535
data_clean\train\def_front\cast_def_0_4059.jpeg,train,0,1.0000,0.2238,0.2158,0.4900
data_clean\train\def_front\cast_def_0_4060.jpeg,train,0,0.0006,0.0258,0.6670,0.2824
data_clean\train\def_front\cast_def_0_4061.jpeg,train,0,0.0024,0.0041,0.0061,0.9442
data_clean\train\def_front\cast_def_0_4064.jpeg,train,0,0.0001,0.3031,0.9341,0.0103
data_clean\train\def_front\cast_def_0_4066.jpeg,train,0,0.9998,0.0300,0.0019,0.9467
data_clean\train\def_front\cast_def_0_4069.jpeg,train,0,0.9984,0.6031,0.5635,0.2170
data_clean\train\def_front\cast_def_0_4072.jpeg,train,1,0.9988,0.7742,0.9643,0.8658
data_clean\train\def_front\cast_def_0_4073.jpeg,train,0,0.0017,0.0754,0.2528,0.4985
data_clean\train\def_front\cast_def_0_4074.jpeg,train,0,0.0002,0.0723,0.8328,0.0903
data_clean\train\def_front\cast_def_0_4075.jpeg,train,1,0.9987,0.2695,0.0015,0.9612
data_clean\train\def_front\cast_def_0_4080.jpeg,train,0,0.9957,0.3294,0.0797,0.7727
data_clean\train\def_front\cast_def_0_4083.jpeg,train,0,0.9999,0.3388,0.3796,0.5015
data_clean\train\def_front\cast_def_0_4084.jpeg,train,0,0.0030,0.0288,0.5552,0.3915
data_clean\train\def_front\cast_def_0_4087.jpeg,train,0,0.0592,0.0164,0.0020,0.9875
data_clean\train\def_front\cast_def_0_409.jpeg,train,0,0.0014,0.0175,0.7463,0.2145
data_clean\train\def_front\cast_def_0_4090.jpeg,train,0,0.0974,0.0858,0.8248,0.2565
data_clean\train\def_front\cast_def_0_4092.jpeg,train,0,0.0011,0.0138,0.7858,0.1506
data_clean\train\def_front\cast_def_0_4096.jpeg,train,0,1.0000,0.0657,0.0308,0.5451
data_clean\train\def_front\cast_def_0_4097.jpeg,train,0,0.9993,0.8215,0.9788,0.9042
data_clean\train\def_front\cast_def_0_41.jpeg,train,0,0.0006,0.1886,0.8457,0.0383
data_clean\train\def_front\cast_def_0_4102.jpeg,train,0,0.0023,0.1365,0.6743,0.0613
data_clean\train\def_front\cast_def_0_4103.jpeg,train,0,0.0001,0.2051,0.8223,0.0175
data_clean\train\def_front\cast_def_0_4104.jpeg,train,0,0.0003,0.0573,0.6872,0.1045
data_clean\train\def_front\cast_def_0_4107.jpeg,train,0,0.0000,0.4760,0.8919,0.0055
data_clean\train\def_front\cast_def_0_4108.jpeg,train,0,0.9999,0.1844,0.0952,0.5332
data_clean\train\def_front\cast_def_0_4109.jpeg,train,0,0.0013,0.0310,0.6388,0.2664
data_clean\train\def_front\cast_def_0_411.jpeg,train,0,0.0016,0.3298,0.7608,0.0356
data_clean\train\def_front\cast_def_0_4110.jpeg,train,0,0.0058,0.9445,0.0002,0.6924
data_clean\train\def_front\cast_def_0_4112.jpeg,train,0,1.0000,0.0719,0.0123,0.5892
data_clean\train\def_front\cast_def_0_4116.jpeg,train,0,0.0010,0.0259,0.8702,0.0437
data_clean\train\def_front\cast_def_0_4117.jpeg,train,0,0.9998,0.4844,0.5681,0.3846
data_clean\train\def_front\cast_def_0_4119.jpeg,train,0,0.0004,0.0257,0.8861,0.0475
data_clean\train\def_front\cast_def_0_4120.jpeg,train,0,0.9997,0.0548,0.0015,0.9717
data_clean\train\def_front\cast_def_0_4121.jpeg,train,0,0.9993,0.7936,0.9515,0.8239
data_clean\train\def_front\cast_def_0_4123.jpeg,train,0,0.0007,0.0247,0.0424,0.8251
data_clean\train\def_front\cast_def_0_4125.jpeg,train,0,1.0000,0.1987,0.2496,0.5270
data_clean\train\def_front\cast_def_0_4127.jpeg,train,0,0.0095,0.0165,0.6813,0.3845
data_clean\train\def_front\cast_def_0_4128.jpeg,train,0,0.9999,0.1723,0.0535,0.6854
data_clean\train\def_front\cast_def_0_4129.jpeg,train,0,0.9995,0.2982,0.1389,0.5730
data_clean\train\def_front\cast_def_0_4134.jpeg,train,0,0.9993,0.3990,0.3945,0.4642
data_clean\train\def_front\cast_def_0_4135.jpeg,train,0,0.0019,0.0733,0.7740,0.1988
data_clean\train\def_front\cast_def_0_4136.jpeg,train,0,0.0006,0.0266,0.0212,0.7560
data_clean\train\def_front\cast_def_0_4139.jpeg,train,0,0.0002,0.0194,0.5790,0.1885
data_clean\train\def_front\cast_def_0_4141.jpeg,train,0,0.9999,0.1588,0.0034,0.9219
data_clean\train\def_front\cast_def_0_4143.jpeg,train,0,0.9987,0.3432,0.0036,0.9557
data_clean\train\def_front\cast_def_0_4144.jpeg,train,0,0.0006,0.1429,0.8052,0.0858
data_clean\train\def_front\cast_def_0_4148.jpeg,train,0,0.0014,0.9839,0.0011,0.1795
data_clean\train\def_front\cast_def_0_4149.jpeg,train,0,0.0097,0.0246,0.6131,0.2888
data_clean\train\def_front\cast_def_0_415.jpeg,train,0,0.9618,0.0563,0.1867,0.5320
data_clean\train\def_front\cast_def_0_4155.jpeg,train,0,0.0045,0.0940,0.3143,0.2484
data_clean\train\def_front\cast_def_0_4159.jpeg,train,0,0.9994,0.6821,0.8877,0.6861
data_clean\train\def_front\cast_def_0_4162.jpeg,train,1,0.9994,0.7502,0.9574,0.8241
data_clean\train\def_front\cast_def_0_4165.jpeg,train,0,0.0002,0.0383,0.6533,0.1799
data_clean\train\def_front\cast_def_0_4166.jpeg,train,1,0.9999,0.4242,0.5304,0.4688
data_clean\train\def_front\cast_def_0_417.jpeg,train,0,0.0132,0.0041,0.0030,0.9924
data_clean\train\def_front\cast_def_0_4171.jpeg,train,0,1.0000,0.0379,0.0050,0.8770
data_clean\train\def_front\cast_def_0_4172.jpeg,train,0,1.0000,0.1001,0.0008,0.9786
data_clean\train\def_front\cast_def_0_4178.jpeg,train,0,0.0012,0.1764,0.7306,0.0679
data_clean\train\def_front\cast_def_0_4181.jpeg,train,1,0.0110,0.2177,0.9323,0.1008
data_clean\train\def_front\cast_def_0_4183.jpeg,train,0,1.0000,0.0346,0.0176,0.3118
data_clean\train\def_front\cast_def_0_4187.jpeg,train,0,0.9999,0.3580,0.3198,0.5489
data_clean\train\def_front\cast_def_0_4194.jpeg,train,0,0.0030,0.3289,0.8984,0.0592
data_clean\train\def_front\cast_def_0_4195.jpeg,train,0,0.0001,0.2880,0.5992,0.0332
data_clean\train\def_front\cast_def_0_4197.jpeg,train,0,0.0046,0.0224,0.7342,0.4720
data_clean\train\def_front\cast_def_0_4200.jpeg,train,0,0.9986,0.3315,0.1484,0.7221
data_clean\train\def_front\cast_def_0_4204.jpeg,train,0,0.0098,0.3744,0.8358,0.1697
data_clean\train\def_front\cast_def_0_4206.jpeg,train,0,0.9999,0.3446,0.1025,0.7236
data_clean\train\def_front\cast_def_0_4209.jpeg,train,0,0.0005,0.1283,0.8064,0.0603
data_clean\train\def_front\cast_def_0_421.jpeg,train,1,0.0059,0.2900,0.8999,0.1327
data_clean\train\def_front\cast_def_0_4217.jpeg,train,0,0.0001,0.9934,0.0012,0.0362
data_clean\train\def_front\cast_def_0_4218.jpeg,train,0,0.0002,0.9961,0.0002,0.0851
data_clean\train\def_front\cast_def_0_422.jpeg,train,0,0.0474,0.0103,0.0019,0.9920
data_clean\train\def_front\cast_def_0_4220.jpeg,train,0,0.0031,0.0872,0.6696,0.3090
data_clean\train\def_front\cast_def_0_4225.jpeg,train,0,0.0010,0.0691,0.8103,0.1032
data_clean\train\def_front\cast_def_0_4227.jpeg,train,0,0.9993,0.3601,0.1141,0.6283
data_clean\train\def_front\cast_def_0_4229.jpeg,train,0,0.0020,0.0166,0.5342,0.4729
data_clean\train\def_front\cast_def_0_423.jpeg,train,0,0.9995,0.6728,0.8779,0.6137
data_clean\train\def_front\cast_def_0_4230.jpeg,train,1,0.0065,0.0396,0.8296,0.1003
data_clean\train\def_front\cast_def_0_4231.jpeg,train,0,0.0002,0.1135,0.8915,0.0751
data_clean\train\def_front\cast_def_0_4232.jpeg,train,0,0.0000,0.5638,0.9190,0.0047
data_clean\train\def_front\cast_def_0_4237.jpeg,train,0,0.9982,0.7422,0.9161,0.6812
data_clean\train\def_front\cast_def_0_4238.jpeg,train,0,0.0124,0.1860,0.8020,0.2240
data_clean\train\def_front\cast_def_0_4240.jpeg,train,0,0.0003,0.0184,0.7795,0.1978
data_clean\train\def_front\cast_def_0_4241.jpeg,train,1,0.0000,0.5362,0.7932,0.0054
data_clean\train\def_front\cast_def_0_4246.jpeg,train,1,0.0204,0.0422,0.9302,0.1236
data_clean\train\def_front\cast_def_0_425.jpeg,train,0,0.9996,0.6420,0.8524,0.8002
data_clean\train\def_front\cast_def_0_426.jpeg,train,0,0.9892,0.2428,0.0795,0.8691
data_clean\train\def_front\cast_def_0_4260.jpeg,train,0,0.0001,0.0213,0.8274,0.0959
data_clean\train\def_front\cast_def_0_4262.jpeg,train,0,0.9974,0.7394,0.7089,0.1472
data_clean\train\def_front\cast_def_0_4266.jpeg,train,0,0.0018,0.9617,0.0001,0.5725
data_clean\train\def_front\cast_def_0_4269.jpeg,train,0,0.0004,0.0150,0.7976,0.1597
data_clean\train\def_front\cast_def_0_4275.jpeg,train,0,0.0547,0.4571,0.8362,0.2166
data_clean\train\def_front\cast_def_0_4278.jpeg,train,0,1.0000,0.1502,0.1832,0.7239
data_clean\train\def_front\cast_def_0_4282.jpeg,train,0,0.0001,0.0147,0.6795,0.1826
data_clean\train\def_front\cast_def_0_4284.jpeg,train,0,0.0001,0.3438,0.2005,0.1852
data_clean\train\def_front\cast_def_0_4288.jpeg,train,0,0.9994,0.3568,0.2218,0.4163
data_clean\train\def_front\cast_def_0_4289.jpeg,train,0,0.0049,0.0277,0.9071,0.1603
data_clean\train\def_front\cast_def_0_4297.jpeg,train,1,0.0003,0.0593,0.8051,0.1391
data_clean\train\def_front\cast_def_0_43.jpeg,train,0,0.0001,0.0053,0.0471,0.8618
data_clean\train\def_front\cast_def_0_430.jpeg,train,0,0.0021,0.0158,0.5482,0.3163
data_clean\train\def_front\cast_def_0_4303.jpeg,train,0,0.9991,0.5366,0.5452,0.3861
data_clean\train\def_front\cast_def_0_4304.jpeg,train,0,0.9998,0.2352,0.0982,0.6765
data_clean\train\def_front\cast_def_0_4306.jpeg,train,0,0.0002,0.1078,0.0162,0.6869
data_clean\train\def_front\cast_def_0_4307.jpeg,train,0,0.0002,0.1253,0.8770,0.0443
data_clean\train\def_front\cast_def_0_431.jpeg,train,0,0.0038,0.0170,0.5483,0.4203
data_clean\train\def_front\cast_def_0_4311.jpeg,train,0,0.0006,0.0317,0.7185,0.2276
data_clean\train\def_front\cast_def_0_4313.jpeg,train,0,0.9998,0.6735,0.9332,0.8544
data_clean\train\def_front\cast_def_0_4321.jpeg,train,0,0.0008,0.1167,0.3618,0.1147
data_clean\train\def_front\cast_def_0_4322.jpeg,train,0,0.0097,0.2584,0.9428,0.0617
data_clean\train\def_front\cast_def_0_4323.jpeg,train,0,0.9998,0.6892,0.9449,0.8478
data_clean\train\def_front\cast_def_0_4324.jpeg,train,0,0.0656,0.4398,0.8457,0.1157
data_clean\train\def_front\cast_def_0_4325.jpeg,train,0,0.0000,0.3906,0.9191,0.0074
data_clean\train\def_front\cast_def_0_4326.jpeg,train,0,0.0128,0.0048,0.0062,0.9887
data_clean\train\def_front\cast_def_0_4327.jpeg,train,0,0.0001,0.1378,0.8555,0.0161
data_clean\train\def_front\cast_def_0_4328.jpeg,train,0,0.9989,0.0551,0.0353,0.6743
data_clean\train\def_front\cast_def_0_4333.jpeg,train,0,0.0006,0.1509,0.8994,0.1209
data_clean\train\def_front\cast_def_0_4334.jpeg,train,0,0.0018,0.0239,0.8307,0.1193
data_clean\train\def_front\cast_def_0_4337.jpeg,train,0,0.9998,0.1570,0.0022,0.9450
data_clean\train\def_front\cast_def_0_4338.jpeg,train,0,0.0640,0.3544,0.8265,0.1575
data_clean\train\def_front\cast_def_0_4346.jpeg,train,0,0.0183,0.3309,0.8391,0.1684
data_clean\train\def_front\cast_def_0_4349.jpeg,train,0,0.0049,0.0003,0.0680,0.9446
data_clean\train\def_front\cast_def_0_4354.jpeg,train,0,1.0000,0.0526,0.0078,0.5097
data_clean\train\def_front\cast_def_0_4357.jpeg,train,1,0.0029,0.0164,0.4164,0.5637
data_clean\train\def_front\cast_def_0_4361.jpeg,train,1,0.0000,0.5959,0.8792,0.0045
data_clean\train\def_front\cast_def_0_4362.jpeg,train,0,0.0053,0.0164,0.7220,0.4339
data_clean\train\def_front\cast_def_0_4365.jpeg,train,0,0.0004,0.0576,0.8638,0.0670
data_clean\train\def_front\cast_def_0_4366.jpeg,train,0,0.0032,0.9813,0.0001,0.5092
data_clean\train\def_front\cast_def_0_4367.jpeg,train,0,0.9994,0.1238,0.0026,0.9190
data_clean\train\def_front\cast_def_0_4369.jpeg,train,0,0.0225,0.0557,0.0005,0.9870
data_clean\train\def_front\cast_def_0_4370.jpeg,train,0,0.0009,0.1593,0.7738,0.0402
data_clean\train\def_front\cast_def_0_4374.jpeg,train,0,0.0007,0.9991,0.0004,0.0273
data_clean\train\def_front\cast_def_0_4375.jpeg,train,0,0.0004,0.0538,0.6711,0.0640
data_clean\train\def_front\cast_def_0_4379.jpeg,train,0,0.0006,0.1516,0.9644,0.0452
data_clean\train\def_front\cast_def_0_4384.jpeg,train,0,0.0005,0.0143,0.8296,0.1281
data_clean\train\def_front\cast_def_0_4385.jpeg,train,0,0.9997,0.1099,0.0011,0.9642
data_clean\train\def_front\cast_def_0_4386.jpeg,train,0,0.0059,0.2437,0.8767,0.1052
data_clean\train\def_front\cast_def_0_4387.jpeg,train,1,0.0000,0.9995,0.0004,0.0039
data_clean\train\def_front\cast_def_0_4388.jpeg,train,0,0.0011,0.1289,0.7470,0.0533
data_clean\train\def_front\cast_def_0_4394.jpeg,train,0,0.9999,0.1765,0.0258,0.8902
data_clean\train\def_front\cast_def_0_4401.jpeg,train,0,0.0032,0.0354,0.6376,0.2585
data_clean\train\def_front\cast_def_0_4405.jpeg,train,0,0.0051,0.2268,0.9392,0.1223
data_clean\train\def_front\cast_def_0_4406.jpeg,train,1,0.0000,0.4666,0.9246,0.0028
data_clean\train\def_front\cast_def_0_4412.jpeg,train,0,0.9996,0.0756,0.0012,0.9750
data_clean\train\def_front\cast_def_0_4413.jpeg,train,0,0.0007,0.0278,0.4261,0.3638
data_clean\train\def_front\cast_def_0_4415.jpeg,train,0,0.9987,0.7577,0.9590,0.8508
data_clean\train\def_front\cast_def_0_4419.jpeg,train,1,0.0085,0.0393,0.4891,0.6222
data_clean\train\def_front\cast_def_0_4420.jpeg,train,0,0.0004,0.9818,0.0198,0.0242
data_clean\train\def_front\cast_def_0_4422.jpeg,train,0,0.9983,0.3789,0.1642,0.2732
data_clean\train\def_front\cast_def_0_4427.jpeg,train,1,0.9957,0.8263,0.8582,0.2599
data_clean\train\def_front\cast_def_0_4428.jpeg,train,0,0.0816,0.4524,0.8852,0.1049
data_clean\train\def_front\cast_def_0_4429.jpeg,train,0,0.9995,0.1847,0.0004,0.9851
data_clean\train\def_front\cast_def_0_443.jpeg,train,1,0.9943,0.7427,0.8093,0.3159
data_clean\train\def_front\cast_def_0_4430.jpeg,train,0,0.0001,0.2687,0.8024,0.0241
data_clean\train\def_front\cast_def_0_4434.jpeg,train,0,0.0012,0.3137,0.8296,0.0499
data_clean\train\def_front\cast_def_0_4435.jpeg,train,0,0.9997,0.4171,0.3853,0.3697
data_clean\train\def_front\cast_def_0_4436.jpeg,train,0,0.0001,0.9860,0.0013,0.0347
data_clean\train\def_front\cast_def_0_4437.jpeg,train,0,0.0001,0.0109,0.7993,0.1591
data_clean\train\def_front\cast_def_0_4438.jpeg,train,0,1.0000,0.0460,0.0043,0.9535
data_clean\train\def_front\cast_def_0_4445.jpeg,train,0,0.9994,0.2941,0.3040,0.3952
data_clean\train\def_front\cast_def_0_4448.jpeg,train,0,0.9993,0.6117,0.8856,0.8752
data_clean\train\def_front\cast_def_0_4450.jpeg,train,0,0.0020,0.0523,0.8129,0.0996
data_clean\train\def_front\cast_def_0_4452.jpeg,train,0,0.0008,0.0303,0.7845,0.1106
data_clean\train\def_front\cast_def_0_4453.jpeg,train,0,0.0038,0.1525,0.8073,0.0717
data_clean\train\def_front\cast_def_0_4456.jpeg,train,0,0.0014,0.0090,0.7168,0.3538
data_clean\train\def_front\cast_def_0_4457.jpeg,train,0,0.0010,0.1402,0.9346,0.0202
data_clean\train\def_front\cast_def_0_4458.jpeg,train,0,0.0002,0.2726,0.7266,0.0345
data_clean\train\def_front\cast_def_0_4459.jpeg,train,0,0.0009,0.0041,0.8165,0.1223
data_clean\train\def_front\cast_def_0_4463.jpeg,train,0,0.9996,0.5246,0.6458,0.3083
data_clean\train\def_front\cast_def_0_4464.jpeg,train,0,0.0002,0.0819,0.9106,0.0768
data_clean\train\def_front\cast_def_0_4467.jpeg,train,0,0.0009,0.0084,0.6777,0.2572
data_clean\train\def_front\cast_def_0_447.jpeg,train,0,0.9998,0.0884,0.0015,0.9638
data_clean\train\def_front\cast_def_0_4473.jpeg,train,0,0.0002,0.1080,0.8816,0.0374
data_clean\train\def_front\cast_def_0_4475.jpeg,train,0,0.0008,0.0711,0.6760,0.0979
data_clean\train\def_front\cast_def_0_4476.jpeg,train,0,0.9992,0.7394,0.9691,0.8763
data_clean\train\def_front\cast_def_0_4480.jpeg,train,0,0.0004,0.0050,0.6104,0.3399
data_clean\train\def_front\cast_def_0_4482.jpeg,train,0,0.9994,0.1253,0.0252,0.6439
data_clean\train\def_front\cast_def_0_4484.jpeg,train,0,0.0041,0.2763,0.7841,0.1351
data_clean\train\def_front\cast_def_0_4486.jpeg,train,0,0.9988,0.4953,0.4222,0.2215
data_clean\train\def_front\cast_def_0_4489.jpeg,train,0,0.9989,0.7564,0.9333,0.8672
data_clean\train\def_front\cast_def_0_4490.jpeg,train,0,0.0100,0.0188,0.0021,0.9893
data_clean\train\def_front\cast_def_0_4493.jpeg,train,0,1.0000,0.2511,0.2024,0.4807
data_clean\train\def_front\cast_def_0_4494.jpeg,train,0,0.0003,0.0085,0.7797,0.2075
data_clean\train\def_front\cast_def_0_4496.jpeg,train,0,0.0047,0.0081,0.0068,0.9793
data_clean\train\def_front\cast_def_0_4498.jpeg,train,0,0.0010,0.0100,0.7897,0.1613
data_clean\train\def_front\cast_def_0_4499.jpeg,train,0,0.0000,0.4379,0.8303,0.0037
data_clean\train\def_front\cast_def_0_450.jpeg,train,0,0.0002,0.0075,0.6313,0.2574
data_clean\train\def_front\cast_def_0_4503.jpeg,train,0,0.0000,0.5861,0.8473,0.0061
data_clean\train\def_front\cast_def_0_4505.jpeg,train,0,0.0001,0.0626,0.8895,0.0538
data_clean\train\def_front\cast_def_0_4506.jpeg,train,0,0.9995,0.1089,0.0017,0.9637
data_clean\train\def_front\cast_def_0_4507.jpeg,train,0,0.0129,0.1072,0.4760,0.2999
data_clean\train\def_front\cast_def_0_4509.jpeg,train,0,0.0007,0.0195,0.8363,0.1755
data_clean\train\def_front\cast_def_0_451.jpeg,train,0,0.0006,0.1444,0.8841,0.0272
data_clean\train\def_front\cast_def_0_4510.jpeg,train,0,0.0001,0.4603,0.8324,0.0058
data_clean\train\def_front\cast_def_0_4511.jpeg,train,0,0.9999,0.1087,0.0178,0.8941
data_clean\train\def_front\cast_def_0_4515.jpeg,train,0,0.9998,0.1546,0.0019,0.9674
data_clean\train\def_front\cast_def_0_4518.jpeg,train,0,0.0031,0.1061,0.9591,0.1069
data_clean\train\def_front\cast_def_0_452.jpeg,train,0,0.0017,0.9974,0.0007,0.0489
data_clean\train\def_front\cast_def_0_4521.jpeg,train,0,0.0018,0.9944,0.0005,0.1062
data_clean\train\def_front\cast_def_0_4523.jpeg,train,0,0.0000,0.5043,0.8617,0.0062
data_clean\train\def_front\cast_def_0_4526.jpeg,train,0,0.0046,0.2278,0.9237,0.0913
data_clean\train\def_front\cast_def_0_4527.jpeg,train,0,0.9999,0.0826,0.0223,0.9242
data_clean\train\def_front\cast_def_0_4533.jpeg,train,0,0.9994,0.7715,0.9503,0.8510
data_clean\train\def_front\cast_def_0_4534.jpeg,train,0,0.0262,0.4158,0.8576,0.1353
data_clean\train\def_front\cast_def_0_4537.jpeg,train,0,0.0000,0.9996,0.0009,0.0054
data_clean\train\def_front\cast_def_0_4538.jpeg,train,0,0.0008,0.1382,0.4674,0.0792
data_clean\train\def_front\cast_def_0_4540.jpeg,train,0,0.0017,0.0106,0.3288,0.4291
data_clean\train\def_front\cast_def_0_4544.jpeg,train,0,0.0002,0.0020,0.7859,0.2896
data_clean\train\def_front\cast_def_0_4546.jpeg,train,0,0.0008,0.1906,0.9559,0.0444
data_clean\train\def_front\cast_def_0_4548.jpeg,train,0,0.0010,0.1901,0.9059,0.0278
data_clean\train\def_front\cast_def_0_4551.jpeg,train,0,0.0491,0.3703,0.7872,0.1078
data_clean\train\def_front\cast_def_0_4552.jpeg,train,0,0.0364,0.0716,0.0702,0.5037
data_clean\train\def_front\cast_def_0_4554.jpeg,train,0,0.0052,0.0631,0.5315,0.4298
data_clean\train\def_front\cast_def_0_4574.jpeg,train,0,0.9998,0.2159,0.0667,0.7969
data_clean\train\def_front\cast_def_0_4577.jpeg,train,0,0.0018,0.1340,0.8954,0.0568
data_clean\train\def_front\cast_def_0_4579.jpeg,train,0,0.9999,0.3314,0.3100,0.5200
data_clean\train\def_front\cast_def_0_4584.jpeg,train,1,0.9996,0.1018,0.0028,0.9442
data_clean\train\def_front\cast_def_0_4585.jpeg,train,0,0.0056,0.3172,0.8592,0.1123
data_clean\train\def_front\cast_def_0_4586.jpeg,train,0,0.0000,0.6650,0.9283,0.0027
data_clean\train\def_front\cast_def_0_4588.jpeg,train,0,0.9999,0.2005,0.1331,0.4922
data_clean\train\def_front\cast_def_0_4592.jpeg,train,0,0.0007,0.0054,0.8912,0.2090
data_clean\train\def_front\cast_def_0_4594.jpeg,train,0,0.0028,0.0158,0.0079,0.9506
data_clean\train\def_front\cast_def_0_4595.jpeg,train,0,0.0002,0.9754,0.0003,0.1571
data_clean\train\def_front\cast_def_0_4597.jpeg,train,0,0.0715,0.4117,0.8857,0.1325
data_clean\train\def_front\cast_def_0_4598.jpeg,train,0,0.0030,0.1108,0.9116,0.1255
data_clean\train\def_front\cast_def_0_4600.jpeg,train,0,0.0000,0.7588,0.8197,0.0034
data_clean\train\def_front\cast_def_0_4602.jpeg,train,0,1.0000,0.1069,0.0189,0.8418
data_clean\train\def_front\cast_def_0_4606.jpeg,train,0,0.9974,0.6698,0.6443,0.3036
data_clean\train\def_front\cast_def_0_4607.jpeg,train,0,1.0000,0.1989,0.0827,0.7247
data_clean\train\def_front\cast_def_0_4609.jpeg,train,0,0.0069,0.1734,0.5526,0.1484
data_clean\train\def_front\cast_def_0_4610.jpeg,train,0,0.9943,0.5833,0.5886,0.3198
data_clean\train\def_front\cast_def_0_4615.jpeg,train,0,0.0002,0.0155,0.6634,0.2620
data_clean\train\def_front\cast_def_0_4616.jpeg,train,0,0.9997,0.2765,0.0033,0.9519
data_clean\train\def_front\cast_def_0_4617.jpeg,train,0,0.0018,0.3939,0.8868,0.0338
data_clean\train\def_front\cast_def_0_4619.jpeg,train,0,0.0000,0.3679,0.8989,0.0041
data_clean\train\def_front\cast_def_0_4620.jpeg,train,0,0.0006,0.0962,0.6016,0.1800
data_clean\train\def_front\cast_def_0_4622.jpeg,train,0,0.0002,0.1913,0.9288,0.0161
data_clean\train\def_front\cast_def_0_4623.jpeg,train,0,0.9999,0.0639,0.0074,0.9103
data_clean\train\def_front\cast_def_0_4625.jpeg,train,0,0.0013,0.9939,0.0001,0.2495
data_clean\train\def_front\cast_def_0_4626.jpeg,train,1,0.0038,0.0898,0.8282,0.2216
data_clean\train\def_front\cast_def_0_463.jpeg,train,0,1.0000,0.2499,0.2036,0.5779
data_clean\train\def_front\cast_def_0_4631.jpeg,train,0,0.0021,0.0456,0.5313,0.3427
data_clean\train\def_front\cast_def_0_4639.jpeg,train,0,0.0128,0.0493,0.8745,0.1314
data_clean\train\def_front\cast_def_0_4640.jpeg,train,0,0.0016,0.0597,0.3599,0.2709
data_clean\train\def_front\cast_def_0_4642.jpeg,train,1,0.0001,0.1422,0.0065,0.6062
data_clean\train\def_front\cast_def_0_4645.jpeg,train,0,0.0002,0.0293,0.7054,0.1048
data_clean\train\def_front\cast_def_0_4646.jpeg,train,0,0.0160,0.1849,0.9370,0.0800
data_clean\train\def_front\cast_def_0_4652.jpeg,train,0,0.0018,0.0490,0.7954,0.1484
data_clean\train\def_front\cast_def_0_4653.jpeg,train,0,0.0025,0.0950,0.7147,0.4067
data_clean\train\def_front\cast_def_0_4654.jpeg,train,0,0.0003,0.2535,0.6983,0.0536
data_clean\train\def_front\cast_def_0_4655.jpeg,train,0,0.0002,0.2055,0.9221,0.0163
data_clean\train\def_front\cast_def_0_4657.jpeg,train,0,0.0029,0.1403,0.3970,0.2723
data_clean\train\def_front\cast_def_0_4659.jpeg,train,0,0.0000,0.4467,0.8098,0.0039
data_clean\train\def_front\cast_def_0_4661.jpeg,train,0,0.1825,0.0806,0.7430,0.3354
data_clean\train\def_front\cast_def_0_4662.jpeg,train,0,0.0023,0.0998,0.4907,0.2631
data_clean\train\def_front\cast_def_0_4664.jpeg,train,0,0.0005,0.0289,0.8244,0.1196
data_clean\train\def_front\cast_def_0_4668.jpeg,train,0,0.0002,0.1259,0.8284,0.0301
data_clean\train\def_front\cast_def_0_4669.jpeg,train,0,0.0006,0.1333,0.5271,0.2032
data_clean\train\def_front\cast_def_0_467.jpeg,train,0,0.0007,0.0357,0.1583,0.6329
data_clean\train\def_front\cast_def_0_4673.jpeg,train,0,0.0051,0.0821,0.9604,0.1018
data_clean\train\def_front\cast_def_0_4677.jpeg,train,0,0.0008,0.0768,0.8020,0.0938
data_clean\train\def_front\cast_def_0_4685.jpeg,train,0,0.0000,0.6615,0.8419,0.0055
data_clean\train\def_front\cast_def_0_4686.jpeg,train,0,0.0038,0.0719,0.5873,0.3034
data_clean\train\def_front\cast_def_0_4690.jpeg,train,0,0.9995,0.6968,0.9439,0.8776
data_clean\train\def_front\cast_def_0_4691.jpeg,train,0,0.0083,0.1602,0.9364,0.1819
data_clean\train\def_front\cast_def_0_470.jpeg,train,0,0.0025,0.9976,0.0004,0.0649
data_clean\train\def_front\cast_def_0_4703.jpeg,train,0,0.0018,0.0113,0.0248,0.9512
data_clean\train\def_front\cast_def_0_4704.jpeg,train,0,0.0004,0.1111,0.8203,0.0644
data_clean\train\def_front\cast_def_0_4706.jpeg,train,0,0.9994,0.4484,0.4134,0.3943
data_clean\train\def_front\cast_def_0_4707.jpeg,train,0,0.9988,0.2130,0.0283,0.8285
data_clean\train\def_front\cast_def_0_4708.jpeg,train,0,0.9999,0.2895,0.3552,0.3673
data_clean\train\def_front\cast_def_0_4709.jpeg,train,0,0.0015,0.0035,0.5482,0.7285
data_clean\train\def_front\cast_def_0_471.jpeg,train,0,0.0072,0.0547,0.4996,0.4477
data_clean\train\def_front\cast_def_0_4710.jpeg,train,0,0.0028,0.0842,0.7507,0.2972
data_clean\train\def_front\cast_def_0_4712.jpeg,train,0,0.9998,0.0955,0.0024,0.9593
data_clean\train\def_front\cast_def_0_4717.jpeg,train,0,0.0004,0.9996,0.0003,0.0135
data_clean\train\def_front\cast_def_0_4718.jpeg,train,0,0.0214,0.0325,0.8513,0.1257
data_clean\train\def_front\cast_def_0_4719.jpeg,train,0,0.0024,0.0423,0.5766,0.3043
data_clean\train\def_front\cast_def_0_4721.jpeg,train,0,0.0048,0.0072,0.6877,0.4947
data_clean\train\def_front\cast_def_0_4725.jpeg,train,0,0.0018,0.0041,0.0265,0.9090
data_clean\train\def_front\cast_def_0_4727.jpeg,train,0,0.0002,0.0044,0.0834,0.8446
data_clean\train\def_front\cast_def_0_4729.jpeg,train,0,0.9995,0.1552,0.0043,0.9312
data_clean\train\def_front\cast_def_0_4736.jpeg,train,0,0.0004,0.0193,0.8186,0.0991
data_clean\train\def_front\cast_def_0_4740.jpeg,train,0,0.0084,0.0406,0.6670,0.6448
data_clean\train\def_front\cast_def_0_4741.jpeg,train,0,0.0012,0.1594,0.7666,0.0813
data_clean\train\def_front\cast_def_0_4742.jpeg,train,0,1.0000,0.1513,0.0332,0.6947
data_clean\train\def_front\cast_def_0_4743.jpeg,train,0,0.9990,0.6679,0.8530,0.6222
data_clean\train\def_front\cast_def_0_4744.jpeg,train,0,0.0000,0.6693,0.8921,0.0029
data_clean\train\def_front\cast_def_0_4746.jpeg,train,0,0.0006,0.0200,0.0078,0.8781
data_clean\train\def_front\cast_def_0_4747.jpeg,train,0,0.0005,0.0112,0.4105,0.3750
data_clean\train\def_front\cast_def_0_4748.jpeg,train,0,0.0224,0.0675,0.8924,0.3178
data_clean\train\def_front\cast_def_0_475.jpeg,train,0,0.0034,0.1297,0.8218,0.1476
data_clean\train\def_front\cast_def_0_4753.jpeg,train,0,1.0000,0.2019,0.0921,0.4634
data_clean\train\def_front\cast_def_0_4754.jpeg,train,0,0.0000,0.5490,0.8793,0.0061
data_clean\train\def_front\cast_def_0_4758.jpeg,train,0,1.0000,0.0414,0.0077,0.8410
data_clean\train\def_front\cast_def_0_4760.jpeg,train,0,0.0003,0.0599,0.8818,0.0924
data_clean\train\def_front\cast_def_0_4761.jpeg,train,0,0.0004,0.0092,0.8166,0.1314
data_clean\train\def_front\cast_def_0_4765.jpeg,train,0,0.0006,0.0188,0.6779,0.1565
data_clean\train\def_front\cast_def_0_4766.jpeg,train,0,0.0000,0.9998,0.0005,0.0025
data_clean\train\def_front\cast_def_0_4768.jpeg,train,0,0.0004,0.0218,0.6939,0.1674
data_clean\train\def_front\cast_def_0_4769.jpeg,train,0,0.0001,0.3791,0.8851,0.0074
data_clean\train\def_front\cast_def_0_4772.jpeg,train,1,0.9986,0.6028,0.8088,0.6553
data_clean\train\def_front\cast_def_0_4773.jpeg,train,0,0.0058,0.1193,0.5212,0.4187
data_clean\train\def_front\cast_def_0_4776.jpeg,train,0,0.0016,0.5180,0.8639,0.0195
data_clean\train\def_front\cast_def_0_4778.jpeg,train,0,0.0342,0.4787,0.8805,0.1983
data_clean\train\def_front\cast_def_0_4785.jpeg,train,0,0.0001,0.0814,0.0094,0.7517
data_clean\train\def_front\cast_def_0_4786.jpeg,train,0,0.0012,0.0311,0.8751,0.2849
data_clean\train\def_front\cast_def_0_4789.jpeg,train,0,0.0025,0.0250,0.4663,0.4347
data_clean\train\def_front\cast_def_0_4792.jpeg,train,0,0.9983,0.1557,0.0234,0.7173
data_clean\train\def_front\cast_def_0_4795.jpeg,train,0,0.0015,0.9989,0.0003,0.0588
data_clean\train\def_front\cast_def_0_4796.jpeg,train,0,0.9990,0.2329,0.0346,0.5349
data_clean\train\def_front\cast_def_0_4797.jpeg,train,0,0.0010,0.0171,0.5575,0.4139
data_clean\train\def_front\cast_def_0_4800.jpeg,train,0,1.0000,0.1989,0.1171,0.6653
data_clean\train\def_front\cast_def_0_4802.jpeg,train,0,0.0087,0.0470,0.8472,0.2419
data_clean\train\def_front\cast_def_0_4806.jpeg,train,0,0.0011,0.1287,0.0054,0.8020
data_clean\train\def_front\cast_def_0_4811.jpeg,train,0,1.0000,0.0621,0.0039,0.9417
data_clean\train\def_front\cast_def_0_4815.jpeg,train,0,1.0000,0.0387,0.0128,0.4419
data_clean\train\def_front\cast_def_0_4817.jpeg,train,0,0.0000,0.6661,0.8923,0.0040
data_clean\train\def_front\cast_def_0_4820.jpeg,train,0,1.0000,0.0417,0.0092,0.5540
data_clean\train\def_front\cast_def_0_4830.jpeg,train,0,0.0064,0.0253,0.0057,0.9782
data_clean\train\def_front\cast_def_0_4834.jpeg,train,0,0.0006,0.0097,0.5151,0.2044
data_clean\train\def_front\cast_def_0_4835.jpeg,train,0,0.2886,0.0196,0.0180,0.9617
data_clean\train\def_front\cast_def_0_4837.jpeg,train,0,0.0007,0.0371,0.7552,0.2814
data_clean\train\def_front\cast_def_0_4840.jpeg,train,0,0.0467,0.0930,0.1533,0.5180
data_clean\train\def_front\cast_def_0_4841.jpeg,train,0,1.0000,0.0914,0.0161,0.9017
data_clean\train\def_front\cast_def_0_4843.jpeg,train,0,0.0005,0.9978,0.0003,0.0790
data_clean\train\def_front\cast_def_0_4845.jpeg,train,0,0.0001,0.9997,0.0002,0.0165
data_clean\train\def_front\cast_def_0_4847.jpeg,train,0,1.0000,0.0620,0.0213,0.4606
data_clean\train\def_front\cast_def_0_4848.jpeg,train,0,0.0013,0.0605,0.0100,0.8908
data_clean\train\def_front\cast_def_0_4850.jpeg,train,0,0.0005,0.9874,0.0026,0.0639
data_clean\train\def_front\cast_def_0_4854.jpeg,train,0,0.1110,0.1422,0.1526,0.5165
data_clean\train\def_front\cast_def_0_4855.jpeg,train,0,0.0002,0.9979,0.0003,0.0527
data_clean\train\def_front\cast_def_0_4858.jpeg,train,0,0.0003,0.0685,0.8344,0.1448
data_clean\train\def_front\cast_def_0_4859.jpeg,train,0,0.0015,0.9989,0.0000,0.1078
data_clean\train\def_front\cast_def_0_4860.jpeg,train,1,0.0022,0.0320,0.6363,0.1964
data_clean\train\def_front\cast_def_0_4861.jpeg,train,0,0.0018,0.2599,0.6787,0.0528
data_clean\train\def_front\cast_def_0_4865.jpeg,train,1,0.9994,0.7430,0.9669,0.9051
data_clean\train\def_front\cast_def_0_4868.jpeg,train,0,1.0000,0.1947,0.0689,0.6665
data_clean\train\def_front\cast_def_0_4874.jpeg,train,0,0.9990,0.6189,0.6612,0.2880
data_clean\train\def_front\cast_def_0_4877.jpeg,train,0,0.0002,0.9829,0.0095,0.0202
data_clean\train\def_front\cast_def_0_4878.jpeg,train,0,0.9994,0.7736,0.9594,0.8622
data_clean\train\def_front\cast_def_0_4879.jpeg,train,0,0.0042,0.1879,0.9410,0.0474
data_clean\train\def_front\cast_def_0_4880.jpeg,train,0,0.0109,0.1668,0.9158,0.1195
data_clean\train\def_front\cast_def_0_4884.jpeg,train,0,0.0612,0.0708,0.2867,0.4809
data_clean\train\def_front\cast_def_0_4886.jpeg,train,0,0.9988,0.3034,0.0047,0.9381
data_clean\train\def_front\cast_def_0_4889.jpeg,train,0,1.0000,0.0836,0.0079,0.9478
data_clean\train\def_front\cast_def_0_4890.jpeg,train,0,0.0034,0.1062,0.0049,0.9404
data_clean\train\def_front\cast_def_0_4893.jpeg,train,0,0.0002,0.0162,0.7669,0.1756
data_clean\train\def_front\cast_def_0_4894.jpeg,train,0,0.0530,0.1154,0.1064,0.4364
data_clean\train\def_front\cast_def_0_4899.jpeg,train,0,0.9999,0.2058,0.0263,0.8693
data_clean\train\def_front\cast_def_0_4900.jpeg,train,0,0.0043,0.0283,0.5297,0.4097
data_clean\train\def_front\cast_def_0_4902.jpeg,train,0,0.9992,0.3027,0.3008,0.3951
data_clean\train\def_front\cast_def_0_4908.jpeg,train,0,0.0366,0.0713,0.4735,0.3077
data_clean\train\def_front\cast_def_0_4909.jpeg,train,0,0.9976,0.7329,0.8168,0.3608
data_clean\train\def_front\cast_def_0_4911.jpeg,train,1,0.9994,0.0958,0.0073,0.9455
data_clean\train\def_front\cast_def_0_4912.jpeg,train,0,0.0018,0.9911,0.0001,0.3548
data_clean\train\def_front\cast_def_0_4914.jpeg,train,0,0.0001,0.1184,0.9353,0.0152
data_clean\train\def_front\cast_def_0_4915.jpeg,train,0,1.0000,0.2183,0.2534,0.5205
data_clean\train\def_front\cast_def_0_4916.jpeg,train,0,0.9979,0.5575,0.5771,0.3517
data_clean\train\def_front\cast_def_0_4917.jpeg,train,0,0.9993,0.0578,0.0008,0.9796
data_clean\train\def_front\cast_def_0_4918.jpeg,train,0,0.9998,0.2724,0.1816,0.6397
data_clean\train\def_front\cast_def_0_4919.jpeg,train,0,0.9989,0.5483,0.5435,0.3630
data_clean\train\def_front\cast_def_0_4921.jpeg,train,0,0.0039,0.9856,0.0002,0.3550
data_clean\train\def_front\cast_def_0_4923.jpeg,train,0,0.0004,0.0079,0.4507,0.4627
data_clean\train\def_front\cast_def_0_4924.jpeg,train,0,0.2612,0.0268,0.0308,0.9620
data_clean\train\def_front\cast_def_0_4926.jpeg,train,0,0.0003,0.0977,0.8939,0.0346
data_clean\train\def_front\cast_def_0_4928.jpeg,train,0,0.0015,0.1253,0.9291,0.1009
data_clean\train\def_front\cast_def_0_4932.jpeg,train,0,0.0009,0.0455,0.6135,0.3375
data_clean\train\def_front\cast_def_0_4936.jpeg,train,0,0.0008,0.0062,0.7507,0.3216
data_clean\train\def_front\cast_def_0_4937.jpeg,train,0,0.0028,0.1808,0.5069,0.1399
data_clean\train\def_front\cast_def_0_4939.jpeg,train,0,0.0011,0.9843,0.0003,0.3852
data_clean\train\def_front\cast_def_0_4942.jpeg,train,0,0.0000,0.6333,0.8620,0.0063
data_clean\train\def_front\cast_def_0_4944.jpeg,train,1,0.0004,0.0995,0.7811,0.0746
data_clean\train\def_front\cast_def_0_4947.jpeg,train,1,0.0003,0.0183,0.8341,0.0871
data_clean\train\def_front\cast_def_0_4948.jpeg,train,0,0.0001,0.0225,0.6196,0.1713
data_clean\train\def_front\cast_def_0_4951.jpeg,train,0,0.0047,0.1195,0.8331,0.0687
data_clean\train\def_front\cast_def_0_4953.jpeg,train,0,0.0000,0.9998,0.0005,0.0023
data_clean\train\def_front\cast_def_0_4954.jpeg,train,0,0.0025,0.2297,0.8622,0.0286
data_clean\train\def_front\cast_def_0_4957.jpeg,train,0,0.0007,0.2211,0.8792,0.0640
data_clean\train\def_front\cast_def_0_496.jpeg,train,0,0.0010,0.1616,0.8832,0.0489
data_clean\train\def_front\cast_def_0_4962.jpeg,train,0,0.9998,0.2042,0.0032,0.9291
data_clean\train\def_front\cast_def_0_4963.jpeg,train,0,0.0004,0.0803,0.8982,0.0364
data_clean\train\def_front\cast_def_0_4964.jpeg,train,0,0.9904,0.1018,0.1882,0.4054
data_clean\train\def_front\cast_def_0_4968.jpeg,train,0,0.9996,0.6990,0.9294,0.8252
data_clean\train\def_front\cast_def_0_4973.jpeg,train,0,0.0012,0.0072,0.6243,0.4012
data_clean\train\def_front\cast_def_0_4974.jpeg,train,0,0.9998,0.0927,0.0023,0.9564
data_clean\train\def_front\cast_def_0_4978.jpeg,train,0,0.9998,0.4524,0.5321,0.4419
data_clean\train\def_front\cast_def_0_4983.jpeg,train,0,0.9973,0.4161,0.2803,0.4150
data_clean\train\def_front\cast_def_0_4985.jpeg,train,0,0.0001,0.0193,0.6287,0.2064
data_clean\train\def_front\cast_def_0_4989.jpeg,train,0,0.9999,0.3588,0.2436,0.5455
data_clean\train\def_front\cast_def_0_499.jpeg,train,0,0.0013,0.0583,0.6400,0.2444
data_clean\train\def_front\cast_def_0_4992.jpeg,train,0,0.0006,0.0176,0.4538,0.2868
data_clean\train\def_front\cast_def_0_4994.jpeg,train,0,0.0000,0.9995,0.0015,0.0049
data_clean\train\def_front\cast_def_0_50.jpeg,train,0,0.0004,0.9974,0.0002,0.1140
data_clean\train\def_front\cast_def_0_5003.jpeg,train,0,0.0003,0.0192,0.7132,0.1564
data_clean\train\def_front\cast_def_0_5004.jpeg,train,0,0.0073,0.0169,0.0140,0.9529
data_clean\train\def_front\cast_def_0_5006.jpeg,train,0,0.0417,0.0357,0.7158,0.3171
data_clean\train\def_front\cast_def_0_501.jpeg,train,0,0.0026,0.2459,0.8819,0.0867
data_clean\train\def_front\cast_def_0_5011.jpeg,train,0,0.0003,0.0591,0.8981,0.0941
data_clean\train\def_front\cast_def_0_5016.jpeg,train,0,0.9993,0.2967,0.0056,0.9058
data_clean\train\def_front\cast_def_0_5017.jpeg,train,0,0.0092,0.1026,0.9265,0.0833
data_clean\train\def_front\cast_def_0_5018.jpeg,train,0,0.9999,0.3984,0.4906,0.4688
data_clean\train\def_front\cast_def_0_5019.jpeg,train,0,0.0714,0.4344,0.8093,0.0900
data_clean\train\def_front\cast_def_0_502.jpeg,train,0,1.0000,0.2690,0.2053,0.5908
data_clean\train\def_front\cast_def_0_5020.jpeg,train,0,0.9996,0.7922,0.9660,0.9154
data_clean\train\def_front\cast_def_0_5021.jpeg,train,0,0.0005,0.0103,0.6704,0.2368
data_clean\train\def_front\cast_def_0_5022.jpeg,train,0,0.0072,0.1177,0.8571,0.1910
data_clean\train\def_front\cast_def_0_5024.jpeg,train,1,0.0015,0.0464,0.7718,0.1344
data_clean\train\def_front\cast_def_0_5026.jpeg,train,0,0.9990,0.1780,0.0442,0.5654
data_clean\train\def_front\cast_def_0_5028.jpeg,train,0,0.0001,0.0018,0.8641,0.3271
data_clean\train\def_front\cast_def_0_503.jpeg,train,0,0.9965,0.6900,0.7157,0.2862
data_clean\train\def_front\cast_def_0_5031.jpeg,train,0,0.9995,0.2304,0.1605,0.5338
data_clean\train\def_front\cast_def_0_5032.jpeg,train,0,0.0005,0.0816,0.7497,0.0955
data_clean\train\def_front\cast_def_0_5034.jpeg,train,0,1.0000,0.0454,0.0161,0.6472
data_clean\train\def_front\cast_def_0_5036.jpeg,train,0,0.9998,0.1825,0.0318,0.8603
data_clean\train\def_front\cast_def_0_5039.jpeg,train,0,0.0005,0.0466,0.8922,0.1565
data_clean\train\def_front\cast_def_0_5040.jpeg,train,1,0.0005,0.0341,0.8579,0.0768
data_clean\train\def_front\cast_def_0_5041.jpeg,train,0,0.0000,0.4960,0.9315,0.0057
data_clean\train\def_front\cast_def_0_5042.jpeg,train,1,0.0001,0.9991,0.0005,0.0276
data_clean\train\def_front\cast_def_0_5044.jpeg,train,0,0.9994,0.8243,0.9790,0.8731
data_clean\train\def_front\cast_def_0_5049.jpeg,train,0,0.0006,0.0545,0.6861,0.0627
data_clean\train\def_front\cast_def_0_5055.jpeg,train,0,0.0006,0.9985,0.0002,0.0525
data_clean\train\def_front\cast_def_0_5059.jpeg,train,0,0.0003,0.0230,0.6154,0.1798
data_clean\train\def_front\cast_def_0_5062.jpeg,train,1,0.0094,0.0094,0.0032,0.9845
data_clean\train\def_front\cast_def_0_5065.jpeg,train,0,0.0000,0.4805,0.8320,0.0069
data_clean\train\def_front\cast_def_0_5067.jpeg,train,0,0.0000,0.5687,0.8597,0.0053
data_clean\train\def_front\cast_def_0_5069.jpeg,train,0,0.0003,0.0504,0.8030,0.1813
data_clean\train\def_front\cast_def_0_5070.jpeg,train,0,0.9998,0.1277,0.0005,0.9846
data_clean\train\def_front\cast_def_0_5071.jpeg,train,0,1.0000,0.1196,0.0474,0.7366
data_clean\train\def_front\cast_def_0_5074.jpeg,train,0,0.9991,0.2375,0.0023,0.9459
data_clean\train\def_front\cast_def_0_5080.jpeg,train,0,0.0016,0.0914,0.4259,0.1954
data_clean\train\def_front\cast_def_0_5081.jpeg,train,0,0.0046,0.2122,0.7402,0.1282
data_clean\train\def_front\cast_def_0_5082.jpeg,train,0,0.9829,0.7957,0.8566,0.2162
data_clean\train\def_front\cast_def_0_5084.jpeg,train,0,0.0107,0.1178,0.4323,0.1127
data_clean\train\def_front\cast_def_0_5089.jpeg,train,0,0.0002,0.0203,0.8075,0.0967
data_clean\train\def_front\cast_def_0_5090.jpeg,train,0,0.0036,0.9739,0.0001,0.6006
data_clean\train\def_front\cast_def_0_5094.jpeg,train,0,0.0035,0.0056,0.0119,0.9687
data_clean\train\def_front\cast_def_0_51.jpeg,train,0,0.0004,0.9989,0.0006,0.0268
data_clean\train\def_front\cast_def_0_5103.jpeg,train,0,0.9999,0.3994,0.3674,0.5195
data_clean\train\def_front\cast_def_0_5106.jpeg,train,0,0.9999,0.0920,0.0167,0.8590
data_clean\train\def_front\cast_def_0_5111.jpeg,train,0,0.0006,0.9982,0.0003,0.0563
data_clean\train\def_front\cast_def_0_5113.jpeg,train,0,0.9996,0.3554,0.3298,0.2990
data_clean\train\def_front\cast_def_0_5117.jpeg,train,0,0.0020,0.0196,0.6964,0.2388
data_clean\train\def_front\cast_def_0_5121.jpeg,train,1,0.9991,0.4079,0.3149,0.3034
data_clean\train\def_front\cast_def_0_5123.jpeg,train,0,0.9993,0.5158,0.3922,0.3529
data_clean\train\def_front\cast_def_0_5124.jpeg,train,0,0.0007,0.0087,0.7689,0.2151
data_clean\train\def_front\cast_def_0_5125.jpeg,train,0,0.0002,0.0156,0.6332,0.1805
data_clean\train\def_front\cast_def_0_5126.jpeg,train,0,0.0001,0.0075,0.6610,0.1947
data_clean\train\def_front\cast_def_0_5131.jpeg,train,0,0.9996,0.7329,0.9446,0.8379
data_clean\train\def_front\cast_def_0_5134.jpeg,train,0,0.0420,0.0719,0.8749,0.2470
data_clean\train\def_front\cast_def_0_5135.jpeg,train,0,0.0415,0.2793,0.8794,0.1767
data_clean\train\def_front\cast_def_0_5139.jpeg,train,0,0.0000,0.5584,0.8154,0.0064
data_clean\train\def_front\cast_def_0_5141.jpeg,train,0,0.0017,0.3964,0.1752,0.1804
data_clean\train\def_front\cast_def_0_5142.jpeg,train,0,0.0008,0.1768,0.7306,0.0875
data_clean\train\def_front\cast_def_0_5147.jpeg,train,0,0.0128,0.0577,0.4025,0.5876
data_clean\train\def_front\cast_def_0_5148.jpeg,train,0,0.9999,0.4279,0.4908,0.4808
data_clean\train\def_front\cast_def_0_5152.jpeg,train,0,0.0014,0.0833,0.3832,0.3675
data_clean\train\def_front\cast_def_0_5153.jpeg,train,0,0.0010,0.9981,0.0002,0.0876
data_clean\train\def_front\cast_def_0_5154.jpeg,train,0,0.9980,0.3789,0.0810,0.6217
data_clean\train\def_front\cast_def_0_5160.jpeg,train,0,1.0000,0.1459,0.0792,0.6607
data_clean\train\def_front\cast_def_0_5162.jpeg,train,0,0.0001,0.0904,0.0405,0.5462
data_clean\train\def_front\cast_def_0_5166.jpeg,train,0,0.9999,0.2046,0.1752,0.6825
data_clean\train\def_front\cast_def_0_5167.jpeg,train,0,0.0042,0.2843,0.8736,0.1114
data_clean\train\def_front\cast_def_0_5172.jpeg,train,0,0.0005,0.0201,0.7111,0.2614
data_clean\train\def_front\cast_def_0_5174.jpeg,train,0,0.9994,0.2559,0.0667,0.5418
data_clean\train\def_front\cast_def_0_5175.jpeg,train,0,0.0010,0.0933,0.0166,0.7243
data_clean\train\def_front\cast_def_0_5178.jpeg,train,0,0.0039,0.0263,0.7573,0.3463
data_clean\train\def_front\cast_def_0_5185.jpeg,train,0,0.9993,0.7522,0.9428,0.8134
data_clean\train\def_front\cast_def_0_5188.jpeg,train,0,0.0003,0.1211,0.8359,0.0667
data_clean\train\def_front\cast_def_0_5192.jpeg,train,0,0.0184,0.0573,0.2794,0.6496
data_clean\train\def_front\cast_def_0_5195.jpeg,train,0,0.9989,0.6460,0.6685,0.3701
data_clean\train\def_front\cast_def_0_5196.jpeg,train,0,0.0402,0.3002,0.8524,0.2155
data_clean\train\def_front\cast_def_0_5199.jpeg,train,0,0.0019,0.0937,0.6615,0.3633
data_clean\train\def_front\cast_def_0_520.jpeg,train,0,0.0002,0.0649,0.0475,0.6898
data_clean\train\def_front\cast_def_0_5201.jpeg,train,0,1.0000,0.2057,0.1337,0.5283
data_clean\train\def_front\cast_def_0_5203.jpeg,train,0,0.0003,0.0132,0.8130,0.2279
data_clean\train\def_front\cast_def_0_5207.jpeg,train,0,0.9998,0.1303,0.0212,0.6800
data_clean\train\def_front\cast_def_0_5210.jpeg,train,0,0.9993,0.4644,0.5105,0.3081
data_clean\train\def_front\cast_def_0_5212.jpeg,train,0,0.0001,0.0185,0.5687,0.1648
data_clean\train\def_front\cast_def_0_5218.jpeg,train,0,0.9986,0.0540,0.0330,0.6615
data_clean\train\def_front\cast_def_0_5219.jpeg,train,0,0.0009,0.9720,0.0004,0.4085
data_clean\train\def_front\cast_def_0_522.jpeg,train,0,0.0104,0.1370,0.9290,0.0557
data_clean\train\def_front\cast_def_0_5220.jpeg,train,0,0.0010,0.9984,0.0002,0.0473
data_clean\train\def_front\cast_def_0_5221.jpeg,train,0,0.0005,0.0189,0.9219,0.1054
data_clean\train\def_front\cast_def_0_5224.jpeg,train,0,0.9999,0.1586,0.0121,0.8010
data_clean\train\def_front\cast_def_0_5225.jpeg,train,0,0.0007,0.0309,0.5465,0.1272
data_clean\train\def_front\cast_def_0_5230.jpeg,train,0,0.9990,0.5862,0.6294,0.3066
data_clean\train\def_front\cast_def_0_5231.jpeg,train,0,0.9970,0.5081,0.5497,0.3859
data_clean\train\def_front\cast_def_0_5232.jpeg,train,0,0.0141,0.0726,0.4966,0.6162
data_clean\train\def_front\cast_def_0_5233.jpeg,train,0,0.0357,0.0487,0.0031,0.9815
data_clean\train\def_front\cast_def_0_5234.jpeg,train,0,0.9999,0.4338,0.5440,0.5418
data_clean\train\def_front\cast_def_0_5237.jpeg,train,1,0.0029,0.1655,0.9505,0.0550
data_clean\train\def_front\cast_def_0_5239.jpeg,train,0,0.0006,0.1206,0.8236,0.0636
data_clean\train\def_front\cast_def_0_5240.jpeg,train,0,0.0000,0.9997,0.0005,0.0033
data_clean\train\def_front\cast_def_0_5242.jpeg,train,1,0.0005,0.0037,0.5706,0.6096
data_clean\train\def_front\cast_def_0_5244.jpeg,train,0,0.0000,0.4808,0.8018,0.0056
data_clean\train\def_front\cast_def_0_5245.jpeg,train,0,0.0015,0.2207,0.6834,0.0436
data_clean\train\def_front\cast_def_0_5248.jpeg,train,0,0.9979,0.8063,0.9709,0.8871
data_clean\train\def_front\cast_def_0_5251.jpeg,train,1,0.2655,0.0087,0.0005,0.9973
data_clean\train\def_front\cast_def_0_5252.jpeg,train,0,0.0039,0.0932,0.6990,0.0953
data_clean\train\def_front\cast_def_0_5255.jpeg,train,0,0.0005,0.1471,0.8894,0.0707
data_clean\train\def_front\cast_def_0_5257.jpeg,train,0,0.0006,0.0265,0.7246,0.1889
data_clean\train\def_front\cast_def_0_5259.jpeg,train,0,0.0005,0.0246,0.7706,0.1114
data_clean\train\def_front\cast_def_0_526.jpeg,train,0,0.1412,0.4272,0.8724,0.2153
data_clean\train\def_front\cast_def_0_5260.jpeg,train,0,0.0002,0.0591,0.9160,0.0526
data_clean\train\def_front\cast_def_0_5262.jpeg,train,0,0.0000,0.5857,0.8988,0.0063
data_clean\train\def_front\cast_def_0_5265.jpeg,train,0,0.9997,0.5174,0.5431,0.6324
data_clean\train\def_front\cast_def_0_527.jpeg,train,0,0.0284,0.1247,0.8858,0.1095
data_clean\train\def_front\cast_def_0_5270.jpeg,train,0,0.9988,0.7328,0.8595,0.5250
data_clean\train\def_front\cast_def_0_5272.jpeg,train,0,1.0000,0.0960,0.0027,0.9357
data_clean\train\def_front\cast_def_0_5274.jpeg,train,0,0.0022,0.0152,0.5371,0.3312
data_clean\train\def_front\cast_def_0_528.jpeg,train,0,0.0020,0.0082,0.0736,0.8325
data_clean\train\def_front\cast_def_0_5282.jpeg,train,0,0.0010,0.0862,0.8440,0.0494
data_clean\train\def_front\cast_def_0_5283.jpeg,train,0,0.0002,0.0369,0.5121,0.2730
data_clean\train\def_front\cast_def_0_5284.jpeg,train,0,0.0019,0.0001,0.0507,0.9362
data_clean\train\def_front\cast_def_0_5285.jpeg,train,0,0.9992,0.1047,0.0052,0.9493
data_clean\train\def_front\cast_def_0_5286.jpeg,train,0,0.0002,0.0159,0.8407,0.0848
data_clean\train\def_front\cast_def_0_5290.jpeg,train,0,0.0050,0.0687,0.9359,0.1074
data_clean\train\def_front\cast_def_0_5291.jpeg,train,0,0.0152,0.0675,0.0041,0.9720
data_clean\train\def_front\cast_def_0_5294.jpeg,train,0,0.0011,0.0363,0.5892,0.4312
data_clean\train\def_front\cast_def_0_53.jpeg,train,0,0.0019,0.1518,0.9484,0.0740
data_clean\train\def_front\cast_def_0_5300.jpeg,train,0,0.9986,0.6795,0.7703,0.3807
data_clean\train\def_front\cast_def_0_5302.jpeg,train,0,0.0009,0.3355,0.9502,0.0387
data_clean\train\def_front\cast_def_0_5303.jpeg,train,0,0.0008,0.0813,0.7699,0.0580
data_clean\train\def_front\cast_def_0_5304.jpeg,train,0,0.0000,0.9998,0.0002,0.0060
data_clean\train\def_front\cast_def_0_5305.jpeg,train,0,0.0000,0.4122,0.9114,0.0052
data_clean\train\def_front\cast_def_0_5307.jpeg,train,0,1.0000,0.1556,0.1216,0.7015
data_clean\train\def_front\cast_def_0_5308.jpeg,train,0,0.9999,0.0711,0.0009,0.9758
data_clean\train\def_front\cast_def_0_5309.jpeg,train,0,0.3031,0.0184,0.0543,0.8560
data_clean\train\def_front\cast_def_0_5310.jpeg,train,0,0.9999,0.1685,0.0925,0.7153
data_clean\train\def_front\cast_def_0_5311.jpeg,train,0,0.0068,0.0622,0.3982,0.1907
data_clean\train\def_front\cast_def_0_5315.jpeg,train,0,0.9991,0.8169,0.9749,0.8748
data_clean\train\def_front\cast_def_0_5318.jpeg,train,0,0.9996,0.6939,0.8750,0.7298
data_clean\train\def_front\cast_def_0_5319.jpeg,train,0,0.0020,0.1508,0.5538,0.1378
data_clean\train\def_front\cast_def_0_5321.jpeg,train,0,0.0010,0.9811,0.0006,0.1786
data_clean\train\def_front\cast_def_0_5323.jpeg,train,0,0.0078,0.2433,0.8271,0.1420
data_clean\train\def_front\cast_def_0_5325.jpeg,train,0,0.0002,0.0163,0.7732,0.1521
data_clean\train\def_front\cast_def_0_5328.jpeg,train,0,0.0094,0.1418,0.9373,0.0644
data_clean\train\def_front\cast_def_0_5331.jpeg,train,0,0.9998,0.1692,0.0242,0.8268
data_clean\train\def_front\cast_def_0_5332.jpeg,train,0,0.0090,0.3133,0.9088,0.1436
data_clean\train\def_front\cast_def_0_5333.jpeg,train,0,0.0013,0.9978,0.0002,0.0721
data_clean\train\def_front\cast_def_0_5335.jpeg,train,0,0.9999,0.4657,0.4506,0.5664
data_clean\train\def_front\cast_def_0_5336.jpeg,train,0,0.0002,0.9909,0.0104,0.0192
data_clean\train\def_front\cast_def_0_5337.jpeg,train,0,0.0004,0.0155,0.8545,0.1956
data_clean\train\def_front\cast_def_0_5341.jpeg,train,0,0.0003,0.0882,0.8617,0.0461
data_clean\train\def_front\cast_def_0_5342.jpeg,train,0,0.9999,0.1501,0.0429,0.6051
data_clean\train\def_front\cast_def_0_5348.jpeg,train,0,0.0002,0.0356,0.0123,0.8629
data_clean\train\def_front\cast_def_0_5350.jpeg,train,0,0.0001,0.0136,0.4728,0.2565
data_clean\train\def_front\cast_def_0_5352.jpeg,train,0,0.0010,0.0484,0.7614,0.1425
data_clean\train\def_front\cast_def_0_5354.jpeg,train,0,0.0004,0.0021,0.4543,0.7658
data_clean\train\def_front\cast_def_0_5358.jpeg,train,0,0.0029,0.0166,0.0111,0.9497
data_clean\train\def_front\cast_def_0_5360.jpeg,train,0,0.0001,0.2076,0.6712,0.0426
data_clean\train\def_front\cast_def_0_5362.jpeg,train,1,0.9975,0.3043,0.0371,0.8708
data_clean\train\def_front\cast_def_0_5363.jpeg,train,0,0.9999,0.3207,0.1050,0.6950
data_clean\train\def_front\cast_def_0_5364.jpeg,train,0,0.9968,0.6128,0.5760,0.3198
data_clean\train\def_front\cast_def_0_5365.jpeg,train,0,0.0009,0.0112,0.6343,0.3388
data_clean\train\def_front\cast_def_0_5369.jpeg,train,0,0.9983,0.7851,0.9505,0.7767
data_clean\train\def_front\cast_def_0_5370.jpeg,train,0,0.9999,0.3625,0.3763,0.4558
data_clean\train\def_front\cast_def_0_5371.jpeg,train,0,0.0111,0.3781,0.8643,0.1696
data_clean\train\def_front\cast_def_0_5374.jpeg,train,0,0.0014,0.9719,0.0002,0.3659
data_clean\train\def_front\cast_def_0_5378.jpeg,train,0,1.0000,0.0355,0.0189,0.3841
data_clean\train\def_front\cast_def_0_5380.jpeg,train,0,0.0002,0.0471,0.7608,0.1114
data_clean\train\def_front\cast_def_0_5382.jpeg,train,0,0.0011,0.0597,0.9147,0.0510
data_clean\train\def_front\cast_def_0_5383.jpeg,train,0,0.0003,0.0122,0.6906,0.2477
data_clean\train\def_front\cast_def_0_5385.jpeg,train,0,0.9993,0.3411,0.0031,0.9317
data_clean\train\def_front\cast_def_0_5388.jpeg,train,0,0.9999,0.1638,0.0212,0.9079
data_clean\train\def_front\cast_def_0_5389.jpeg,train,0,0.9982,0.4914,0.4230,0.2611
data_clean\train\def_front\cast_def_0_5392.jpeg,train,0,1.0000,0.2304,0.0901,0.5789
data_clean\train\def_front\cast_def_0_5393.jpeg,train,0,0.0121,0.0766,0.0748,0.4722
data_clean\train\def_front\cast_def_0_5394.jpeg,train,0,0.0067,0.2459,0.8269,0.1408
data_clean\train\def_front\cast_def_0_5396.jpeg,train,0,0.0014,0.0683,0.9255,0.0552
data_clean\train\def_front\cast_def_0_54.jpeg,train,0,0.9999,0.0272,0.0010,0.9770
data_clean\train\def_front\cast_def_0_5403.jpeg,train,0,0.0009,0.0255,0.0204,0.8849
data_clean\train\def_front\cast_def_0_5404.jpeg,train,0,0.9999,0.4459,0.4513,0.5378
data_clean\train\def_front\cast_def_0_5408.jpeg,train,0,0.0636,0.2684,0.8830,0.1892
data_clean\train\def_front\cast_def_0_5411.jpeg,train,0,0.0015,0.9978,0.0001,0.0997
data_clean\train\def_front\cast_def_0_5413.jpeg,train,0,0.0092,0.0234,0.5579,0.4266
data_clean\train\def_front\cast_def_0_5414.jpeg,train,0,0.0001,0.9964,0.0002,0.0683
data_clean\train\def_front\cast_def_0_5415.jpeg,train,0,0.0044,0.1036,0.6121,0.2601
data_clean\train\def_front\cast_def_0_5417.jpeg,train,0,1.0000,0.1281,0.1264,0.7196
data_clean\train\def_front\cast_def_0_542.jpeg,train,0,0.0004,0.0213,0.7049,0.1738
data_clean\train\def_front\cast_def_0_5426.jpeg,train,0,0.9970,0.2716,0.0136,0.9019
data_clean\train\def_front\cast_def_0_543.jpeg,train,0,0.0083,0.3207,0.8316,0.1727
data_clean\train\def_front\cast_def_0_5430.jpeg,train,0,0.0005,0.0034,0.6347,0.6159
data_clean\train\def_front\cast_def_0_5431.jpeg,train,0,0.0004,0.0774,0.8847,0.1027
data_clean\train\def_front\cast_def_0_5436.jpeg,train,0,0.9988,0.4056,0.0236,0.8310
data_clean\train\def_front\cast_def_0_5437.jpeg,train,0,0.9994,0.8406,0.9867,0.9046
data_clean\train\def_front\cast_def_0_5439.jpeg,train,0,0.0005,0.0818,0.7535,0.1033
data_clean\train\def_front\cast_def_0_544.jpeg,train,0,1.0000,0.0538,0.0158,0.6522
data_clean\train\def_front\cast_def_0_5443.jpeg,train,0,0.9999,0.1879,0.0858,0.6795
data_clean\train\def_front\cast_def_0_5444.jpeg,train,0,0.9994,0.3727,0.0048,0.9341
data_clean\train\def_front\cast_def_0_5450.jpeg,train,0,0.0003,0.0108,0.5948,0.2500
data_clean\train\def_front\cast_def_0_5456.jpeg,train,0,0.0002,0.1445,0.0092,0.7551
data_clean\train\def_front\cast_def_0_5459.jpeg,train,0,1.0000,0.1386,0.0152,0.9413
data_clean\train\def_front\cast_def_0_546.jpeg,train,0,0.9999,0.4366,0.3665,0.5543
data_clean\train\def_front\cast_def_0_5462.jpeg,train,0,0.0121,0.0461,0.8225,0.2399
data_clean\train\def_front\cast_def_0_5464.jpeg,train,0,0.0002,0.0099,0.7439,0.2136
data_clean\train\def_front\cast_def_0_5470.jpeg,train,1,0.0005,0.0053,0.5115,0.2699
data_clean\train\def_front\cast_def_0_5471.jpeg,train,0,0.0004,0.9959,0.0006,0.0932
data_clean\train\def_front\cast_def_0_5472.jpeg,train,0,0.0003,0.0238,0.6896,0.1438
data_clean\train\def_front\cast_def_0_5475.jpeg,train,0,0.0018,0.0717,0.4473,0.1716
data_clean\train\def_front\cast_def_0_5476.jpeg,train,0,0.0105,0.0039,0.0083,0.9688
data_clean\train\def_front\cast_def_0_548.jpeg,train,0,0.0006,0.1033,0.6825,0.1338
data_clean\train\def_front\cast_def_0_5480.jpeg,train,0,0.0005,0.0264,0.7437,0.1654
data_clean\train\def_front\cast_def_0_5481.jpeg,train,0,0.9510,0.0438,0.2376,0.5458
data_clean\train\def_front\cast_def_0_5482.jpeg,train,0,0.9998,0.0780,0.0004,0.9912
data_clean\train\def_front\cast_def_0_5483.jpeg,train,0,0.9999,0.3785,0.2848,0.5448
data_clean\train\def_front\cast_def_0_5484.jpeg,train,0,0.9999,0.3499,0.2431,0.3919
data_clean\train\def_front\cast_def_0_5487.jpeg,train,0,0.0025,0.0098,0.0223,0.9162
data_clean\train\def_front\cast_def_0_5491.jpeg,train,0,0.0004,0.0677,0.7491,0.0761
data_clean\train\def_front\cast_def_0_5492.jpeg,train,0,0.0000,0.7252,0.8872,0.0042
data_clean\train\def_front\cast_def_0_5493.jpeg,train,0,0.0003,0.0125,0.4317,0.4394
data_clean\train\def_front\cast_def_0_55.jpeg,train,0,0.0003,0.0036,0.8197,0.2866
data_clean\train\def_front\cast_def_0_5503.jpeg,train,0,0.0077,0.1526,0.9448,0.1989
data_clean\train\def_front\cast_def_0_5508.jpeg,train,0,0.9999,0.1961,0.0088,0.9299
data_clean\train\def_front\cast_def_0_5511.jpeg,train,0,0.0014,0.0297,0.4995,0.2083
data_clean\train\def_front\cast_def_0_5512.jpeg,train,0,0.0132,0.0223,0.8573,0.1448
data_clean\train\def_front\cast_def_0_5516.jpeg,train,0,0.0016,0.0407,0.0342,0.8287
data_clean\train\def_front\cast_def_0_5517.jpeg,train,0,0.0005,0.0273,0.8182,0.1257
data_clean\train\def_front\cast_def_0_5518.jpeg,train,0,0.9990,0.4260,0.4352,0.3618
data_clean\train\def_front\cast_def_0_5520.jpeg,train,0,0.9996,0.4064,0.4462,0.3990
data_clean\train\def_front\cast_def_0_5521.jpeg,train,0,1.0000,0.0309,0.0125,0.7431
data_clean\train\def_front\cast_def_0_5525.jpeg,train,0,0.0008,0.0552,0.7999,0.2115
data_clean\train\def_front\cast_def_0_5526.jpeg,train,0,0.0071,0.0992,0.3349,0.3364
data_clean\train\def_front\cast_def_0_5527.jpeg,train,0,0.0021,0.1456,0.6587,0.0862
data_clean\train\def_front\cast_def_0_5529.jpeg,train,0,0.0010,0.2214,0.6037,0.0588
data_clean\train\def_front\cast_def_0_5532.jpeg,train,0,1.0000,0.2501,0.1412,0.5864
data_clean\train\def_front\cast_def_0_5533.jpeg,train,0,0.0000,0.6814,0.9222,0.0027
data_clean\train\def_front\cast_def_0_5534.jpeg,train,0,0.9978,0.5206,0.4669,0.2807
data_clean\train\def_front\cast_def_0_5535.jpeg,train,0,0.0000,0.4275,0.8185,0.0050
data_clean\train\def_front\cast_def_0_5536.jpeg,train,0,1.0000,0.1994,0.1927,0.4437
data_clean\train\def_front\cast_def_0_5539.jpeg,train,0,0.0074,0.9475,0.0004,0.7223
data_clean\train\def_front\cast_def_0_5541.jpeg,train,0,0.0030,0.0588,0.9180,0.0970
data_clean\train\def_front\cast_def_0_5542.jpeg,train,1,0.9981,0.7677,0.9499,0.8479
data_clean\train\def_front\cast_def_0_5544.jpeg,train,0,0.9997,0.0919,0.0477,0.5788
data_clean\train\def_front\cast_def_0_5545.jpeg,train,0,0.0000,0.9998,0.0004,0.0032
data_clean\train\def_front\cast_def_0_5546.jpeg,train,0,0.0004,0.0055,0.0175,0.9347
data_clean\train\def_front\cast_def_0_5549.jpeg,train,0,1.0000,0.0644,0.0048,0.9512
data_clean\train\def_front\cast_def_0_5552.jpeg,train,0,0.0122,0.0200,0.0026,0.9858
data_clean\train\def_front\cast_def_0_5554.jpeg,train,0,0.0022,0.0918,0.7278,0.1069
data_clean\train\def_front\cast_def_0_5556.jpeg,train,0,1.0000,0.0293,0.0105,0.4626
data_clean\train\def_front\cast_def_0_5557.jpeg,train,0,0.0008,0.0606,0.8145,0.0978
data_clean\train\def_front\cast_def_0_5562.jpeg,train,0,0.0002,0.0243,0.8570,0.0910
data_clean\train\def_front\cast_def_0_5574.jpeg,train,0,0.0019,0.0135,0.0220,0.9538
data_clean\train\def_front\cast_def_0_5576.jpeg,train,0,0.0001,0.0195,0.6520,0.1781
data_clean\train\def_front\cast_def_0_5582.jpeg,train,0,0.0003,0.0355,0.9456,0.0374
data_clean\train\def_front\cast_def_0_5583.jpeg,train,1,0.0082,0.0377,0.7146,0.3669
data_clean\train\def_front\cast_def_0_5584.jpeg,train,0,0.0003,0.0019,0.5112,0.6900
data_clean\train\def_front\cast_def_0_5591.jpeg,train,0,0.0000,0.9999,0.0005,0.0018
data_clean\train\def_front\cast_def_0_5595.jpeg,train,0,0.9903,0.6812,0.7345,0.1687
data_clean\train\def_front\cast_def_0_5596.jpeg,train,0,0.9951,0.1021,0.0635,0.5444
data_clean\train\def_front\cast_def_0_5597.jpeg,train,0,0.0040,0.0584,0.8883,0.1276
data_clean\train\def_front\cast_def_0_5598.jpeg,train,0,0.0041,0.0683,0.9679,0.0562
data_clean\train\def_front\cast_def_0_56.jpeg,train,0,0.0004,0.0851,0.8866,0.0545
data_clean\train\def_front\cast_def_0_5604.jpeg,train,0,0.0017,0.2122,0.4474,0.0768
data_clean\train\def_front\cast_def_0_5608.jpeg,train,0,0.0038,0.0442,0.9245,0.0466
data_clean\train\def_front\cast_def_0_5614.jpeg,train,0,0.0014,0.9980,0.0001,0.0856
data_clean\train\def_front\cast_def_0_5619.jpeg,train,0,0.9993,0.8117,0.9681,0.8474
data_clean\train\def_front\cast_def_0_5623.jpeg,train,0,0.0002,0.3582,0.9291,0.0195
data_clean\train\def_front\cast_def_0_5624.jpeg,train,0,0.0001,0.6836,0.8266,0.0070
data_clean\train\def_front\cast_def_0_5627.jpeg,train,0,0.0057,0.0681,0.5995,0.0752
data_clean\train\def_front\cast_def_0_5630.jpeg,train,0,0.0002,0.0178,0.8064,0.1576
data_clean\train\def_front\cast_def_0_5631.jpeg,train,0,0.0002,0.0038,0.7906,0.3322
data_clean\train\def_front\cast_def_0_5634.jpeg,train,0,0.0006,0.0747,0.7259,0.1129
data_clean\train\def_front\cast_def_0_5640.jpeg,train,0,0.0008,0.0197,0.6169,0.2439
data_clean\train\def_front\cast_def_0_5641.jpeg,train,0,0.9996,0.6370,0.8529,0.6377
data_clean\train\def_front\cast_def_0_5647.jpeg,train,0,0.1259,0.3616,0.7947,0.1540
data_clean\train\def_front\cast_def_0_5651.jpeg,train,0,0.0028,0.1798,0.9300,0.0850
data_clean\train\def_front\cast_def_0_5655.jpeg,train,0,0.0003,0.0750,0.7952,0.0981
data_clean\train\def_front\cast_def_0_5659.jpeg,train,0,0.9871,0.8097,0.8718,0.3038
data_clean\train\def_front\cast_def_0_566.jpeg,train,1,0.9999,0.1044,0.0009,0.9725
data_clean\train\def_front\cast_def_0_5662.jpeg,train,0,0.0010,0.1576,0.6394,0.1601
data_clean\train\def_front\cast_def_0_5663.jpeg,train,0,0.0034,0.1028,0.0053,0.9072
data_clean\train\def_front\cast_def_0_5668.jpeg,train,0,0.0003,0.9878,0.0028,0.0795
data_clean\train\def_front\cast_def_0_5669.jpeg,train,0,0.9995,0.1662,0.0043,0.9515
data_clean\train\def_front\cast_def_0_567.jpeg,train,0,0.0055,0.1066,0.6867,0.0821
data_clean\train\def_front\cast_def_0_5672.jpeg,train,0,0.0007,0.0284,0.5645,0.1950
data_clean\train\def_front\cast_def_0_5673.jpeg,train,0,0.0010,0.0847,0.6402,0.0721
data_clean\train\def_front\cast_def_0_5674.jpeg,train,0,0.0012,0.0208,0.6077,0.4783
data_clean\train\def_front\cast_def_0_5676.jpeg,train,0,0.0035,0.1528,0.9367,0.0474
data_clean\train\def_front\cast_def_0_5679.jpeg,train,0,0.0036,0.0154,0.7100,0.4634
data_clean\train\def_front\cast_def_0_5685.jpeg,train,0,0.9949,0.6899,0.7594,0.3479
data_clean\train\def_front\cast_def_0_5686.jpeg,train,0,0.0003,0.0083,0.8462,0.1482
data_clean\train\def_front\cast_def_0_5687.jpeg,train,0,0.0008,0.0016,0.5135,0.7358
data_clean\train\def_front\cast_def_0_5688.jpeg,train,0,0.9949,0.3440,0.1452,0.7203
data_clean\train\def_front\cast_def_0_5689.jpeg,train,0,0.0013,0.1623,0.9467,0.0468
data_clean\train\def_front\cast_def_0_569.jpeg,train,0,0.0051,0.0082,0.0031,0.9845
data_clean\train\def_front\cast_def_0_5693.jpeg,train,1,0.9942,0.8091,0.8550,0.2511
data_clean\train\def_front\cast_def_0_5696.jpeg,train,0,0.9995,0.6337,0.8967,0.8867
data_clean\train\def_front\cast_def_0_5700.jpeg,train,0,0.0006,0.9974,0.0004,0.0977
data_clean\train\def_front\cast_def_0_5704.jpeg,train,0,0.0004,0.9991,0.0003,0.0333
data_clean\train\def_front\cast_def_0_5705.jpeg,train,0,0.0008,0.0309,0.6409,0.2879
data_clean\train\def_front\cast_def_0_5707.jpeg,train,0,0.0311,0.0441,0.0023,0.9820
data_clean\train\def_front\cast_def_0_5708.jpeg,train,0,1.0000,0.2399,0.3025,0.5445
data_clean\train\def_front\cast_def_0_5709.jpeg,train,0,0.0010,0.0296,0.8216,0.1402
data_clean\train\def_front\cast_def_0_571.jpeg,train,0,0.0001,0.9954,0.0009,0.0339
data_clean\train\def_front\cast_def_0_5710.jpeg,train,0,0.9991,0.7769,0.9351,0.6897
data_clean\train\def_front\cast_def_0_5711.jpeg,train,0,0.0016,0.0107,0.7165,0.2164
data_clean\train\def_front\cast_def_0_5717.jpeg,train,0,0.0145,0.5034,0.8061,0.1347
data_clean\train\def_front\cast_def_0_5719.jpeg,train,0,0.0000,0.4769,0.6732,0.0122
data_clean\train\def_front\cast_def_0_5722.jpeg,train,0,0.0009,0.0044,0.5831,0.2923
data_clean\train\def_front\cast_def_0_5723.jpeg,train,0,1.0000,0.1579,0.1112,0.5020
data_clean\train\def_front\cast_def_0_5724.jpeg,train,0,1.0000,0.3999,0.5235,0.5477
data_clean\train\def_front\cast_def_0_5726.jpeg,train,0,0.0001,0.9974,0.0006,0.0320
data_clean\train\def_front\cast_def_0_5728.jpeg,train,0,0.9999,0.1318,0.0032,0.9370
data_clean\train\def_front\cast_def_0_5731.jpeg,train,0,0.0006,0.1449,0.3399,0.2028
data_clean\train\def_front\cast_def_0_5733.jpeg,train,0,0.0020,0.0479,0.5658,0.1523
data_clean\train\def_front\cast_def_0_5735.jpeg,train,0,0.0005,0.0121,0.6859,0.2835
data_clean\train\def_front\cast_def_0_5737.jpeg,train,0,0.0013,0.0546,0.7022,0.2527
data_clean\train\def_front\cast_def_0_5741.jpeg,train,0,0.9997,0.1034,0.0007,0.9763
data_clean\train\def_front\cast_def_0_5746.jpeg,train,0,0.9997,0.3383,0.2461,0.4535
data_clean\train\def_front\cast_def_0_5753.jpeg,train,0,0.9998,0.2104,0.0033,0.9283
data_clean\train\def_front\cast_def_0_5754.jpeg,train,0,0.9999,0.3504,0.3503,0.4454
data_clean\train\def_front\cast_def_0_5755.jpeg,train,0,0.0120,0.0794,0.3703,0.2110
data_clean\train\def_front\cast_def_0_5757.jpeg,train,0,0.0002,0.3192,0.9451,0.0168
data_clean\train\def_front\cast_def_0_5759.jpeg,train,0,1.0000,0.0323,0.0193,0.4900
data_clean\train\def_front\cast_def_0_5762.jpeg,train,0,0.0773,0.3273,0.8727,0.2051
data_clean\train\def_front\cast_def_0_5763.jpeg,train,0,0.0006,0.9831,0.0001,0.1303
data_clean\train\def_front\cast_def_0_5766.jpeg,train,0,0.0009,0.0020,0.6133,0.5093
data_clean\train\def_front\cast_def_0_5767.jpeg,train,0,0.0000,0.6471,0.9086,0.0034
data_clean\train\def_front\cast_def_0_5768.jpeg,train,0,0.9999,0.1929,0.0850,0.5870
data_clean\train\def_front\cast_def_0_5770.jpeg,train,0,0.9995,0.2808,0.0072,0.8958
data_clean\train\def_front\cast_def_0_5772.jpeg,train,0,1.0000,0.2740,0.1697,0.7002
data_clean\train\def_front\cast_def_0_5775.jpeg,train,0,0.0002,0.0123,0.7485,0.1992
data_clean\train\def_front\cast_def_0_5776.jpeg,train,0,0.0005,0.0122,0.8338,0.1713
data_clean\train\def_front\cast_def_0_5782.jpeg,train,0,0.9993,0.0352,0.0005,0.9825
data_clean\train\def_front\cast_def_0_5783.jpeg,train,0,0.0021,0.1340,0.9175,0.0402
data_clean\train\def_front\cast_def_0_5786.jpeg,train,0,0.0002,0.0377,0.9444,0.0330
data_clean\train\def_front\cast_def_0_5787.jpeg,train,0,0.0006,0.1872,0.8430,0.0369
data_clean\train\def_front\cast_def_0_5791.jpeg,train,0,0.1341,0.4427,0.8611,0.2342
data_clean\train\def_front\cast_def_0_5793.jpeg,train,0,0.0008,0.9639,0.0005,0.2725
data_clean\train\def_front\cast_def_0_5796.jpeg,train,0,0.0019,0.0061,0.4854,0.3999
data_clean\train\def_front\cast_def_0_5799.jpeg,train,0,0.9994,0.1873,0.0227,0.8055
data_clean\train\def_front\cast_def_0_5801.jpeg,train,1,0.0065,0.0579,0.2726,0.2917
data_clean\train\def_front\cast_def_0_5804.jpeg,train,1,0.9985,0.5678,0.5228,0.2247
data_clean\train\def_front\cast_def_0_5806.jpeg,train,0,0.0008,0.0711,0.8084,0.0950
data_clean\train\def_front\cast_def_0_5808.jpeg,train,0,0.9998,0.1974,0.0827,0.6718
data_clean\train\def_front\cast_def_0_581.jpeg,train,0,0.9997,0.1424,0.0063,0.9067
data_clean\train\def_front\cast_def_0_5811.jpeg,train,0,0.0003,0.0193,0.4247,0.4529
data_clean\train\def_front\cast_def_0_5812.jpeg,train,0,0.9852,0.8292,0.8321,0.2349
data_clean\train\def_front\cast_def_0_5814.jpeg,train,0,0.0345,0.2681,0.8296,0.1806
data_clean\train\def_front\cast_def_0_5815.jpeg,train,0,0.0006,0.0130,0.7962,0.1933
data_clean\train\def_front\cast_def_0_5818.jpeg,train,0,0.9995,0.7580,0.9448,0.8417
data_clean\train\def_front\cast_def_0_5819.jpeg,train,0,0.0012,0.0033,0.7164,0.6618
data_clean\train\def_front\cast_def_0_5820.jpeg,train,0,0.0027,0.1104,0.9435,0.1870
data_clean\train\def_front\cast_def_0_5830.jpeg,train,0,1.0000,0.2471,0.1672,0.3696
data_clean\train\def_front\cast_def_0_5832.jpeg,train,1,1.0000,0.1503,0.0460,0.6094
data_clean\train\def_front\cast_def_0_5833.jpeg,train,0,0.9970,0.6646,0.7749,0.3854
data_clean\train\def_front\cast_def_0_5834.jpeg,train,0,0.9995,0.1174,0.0072,0.8951
data_clean\train\def_front\cast_def_0_5836.jpeg,train,0,0.0005,0.1190,0.5899,0.1132
data_clean\train\def_front\cast_def_0_5838.jpeg,train,0,0.9999,0.1864,0.0793,0.8293
data_clean\train\def_front\cast_def_0_5841.jpeg,train,0,0.0005,0.1988,0.8834,0.0261
data_clean\train\def_front\cast_def_0_5847.jpeg,train,0,1.0000,0.0832,0.0054,0.9551
data_clean\train\def_front\cast_def_0_5848.jpeg,train,0,0.9959,0.6947,0.6974,0.2808
data_clean\train\def_front\cast_def_0_5850.jpeg,train,0,0.0002,0.3718,0.9345,0.0172
data_clean\train\def_front\cast_def_0_5857.jpeg,train,0,0.0285,0.4277,0.8814,0.2152
data_clean\train\def_front\cast_def_0_5858.jpeg,train,0,0.0003,0.2386,0.7669,0.0320
data_clean\train\def_front\cast_def_0_5859.jpeg,train,0,0.0018,0.0162,0.7593,0.3671
data_clean\train\def_front\cast_def_0_5861.jpeg,train,0,0.9996,0.6440,0.9180,0.8772
data_clean\train\def_front\cast_def_0_5864.jpeg,train,0,0.9999,0.2641,0.0680,0.7984
data_clean\train\def_front\cast_def_0_5865.jpeg,train,0,0.0002,0.0636,0.9412,0.0220
data_clean\train\def_front\cast_def_0_5867.jpeg,train,0,0.0008,0.0001,0.2069,0.9042
data_clean\train\def_front\cast_def_0_5868.jpeg,train,0,0.0044,0.0768,0.2841,0.2385
data_clean\train\def_front\cast_def_0_5872.jpeg,train,0,0.0002,0.2309,0.7508,0.0435
data_clean\train\def_front\cast_def_0_5877.jpeg,train,0,0.0003,0.0884,0.8832,0.0818
data_clean\train\def_front\cast_def_0_5881.jpeg,train,0,0.0000,0.6187,0.9041,0.0039
data_clean\train\def_front\cast_def_0_5883.jpeg,train,0,0.9991,0.7364,0.9633,0.9171
data_clean\train\def_front\cast_def_0_5887.jpeg,train,0,0.0000,0.4846,0.7747,0.0046
data_clean\train\def_front\cast_def_0_5888.jpeg,train,0,0.0005,0.0165,0.8187,0.1765
data_clean\train\def_front\cast_def_0_5889.jpeg,train,0,0.0027,0.0602,0.9201,0.1625
data_clean\train\def_front\cast_def_0_5890.jpeg,train,0,0.0011,0.0704,0.8300,0.0977
data_clean\train\def_front\cast_def_0_5894.jpeg,train,0,0.0033,0.0064,0.5213,0.4147
data_clean\train\def_front\cast_def_0_5895.jpeg,train,0,0.0003,0.0081,0.8870,0.1766
data_clean\train\def_front\cast_def_0_5896.jpeg,train,1,0.9999,0.1250,0.0044,0.9440
data_clean\train\def_front\cast_def_0_5898.jpeg,train,0,0.0017,0.1654,0.8542,0.1421
data_clean\train\def_front\cast_def_0_5900.jpeg,train,0,0.9997,0.2308,0.0064,0.9376
data_clean\train\def_front\cast_def_0_5901.jpeg,train,0,1.0000,0.3313,0.4117,0.4770
data_clean\train\def_front\cast_def_0_5902.jpeg,train,0,0.9997,0.0943,0.0038,0.8988
data_clean\train\def_front\cast_def_0_5903.jpeg,train,0,0.0028,0.2083,0.8209,0.0511
data_clean\train\def_front\cast_def_0_5904.jpeg,train,0,0.0004,0.0379,0.8313,0.1452
data_clean\train\def_front\cast_def_0_5909.jpeg,train,0,0.0023,0.0629,0.8487,0.1845
data_clean\train\def_front\cast_def_0_5911.jpeg,train,0,0.9008,0.0306,0.3054,0.2608
data_clean\train\def_front\cast_def_0_5914.jpeg,train,0,0.9992,0.3264,0.3405,0.3761
data_clean\train\def_front\cast_def_0_5916.jpeg,train,0,0.0080,0.2635,0.9194,0.1165
data_clean\train\def_front\cast_def_0_5917.jpeg,train,0,0.9910,0.4787,0.3600,0.4408
data_clean\train\def_front\cast_def_0_5918.jpeg,train,0,0.0004,0.0015,0.6166,0.6611
data_clean\train\def_front\cast_def_0_5920.jpeg,train,0,0.9999,0.1758,0.1399,0.8263
data_clean\train\def_front\cast_def_0_5921.jpeg,train,0,0.0009,0.0856,0.9400,0.0155
data_clean\train\def_front\cast_def_0_5922.jpeg,train,0,0.0213,0.4410,0.8016,0.1855
data_clean\train\def_front\cast_def_0_5923.jpeg,train,0,0.0009,0.0199,0.7637,0.2420
data_clean\train\def_front\cast_def_0_5925.jpeg,train,0,1.0000,0.2602,0.2500,0.5294
data_clean\train\def_front\cast_def_0_5927.jpeg,train,0,0.9999,0.1155,0.0441,0.8194
data_clean\train\def_front\cast_def_0_5928.jpeg,train,0,1.0000,0.3805,0.3070,0.3926
data_clean\train\def_front\cast_def_0_5929.jpeg,train,0,0.0068,0.0752,0.6427,0.4114
data_clean\train\def_front\cast_def_0_5930.jpeg,train,0,0.0018,0.2202,0.0022,0.9045
data_clean\train\def_front\cast_def_0_5935.jpeg,train,0,0.9988,0.4238,0.2323,0.4348
data_clean\train\def_front\cast_def_0_5938.jpeg,train,0,0.0037,0.1035,0.9598,0.0802
data_clean\train\def_front\cast_def_0_5940.jpeg,train,0,0.0001,0.0131,0.7653,0.1231
data_clean\train\def_front\cast_def_0_5941.jpeg,train,0,0.0867,0.4286,0.8368,0.1874
data_clean\train\def_front\cast_def_0_5944.jpeg,train,0,0.9998,0.1649,0.0570,0.7174
data_clean\train\def_front\cast_def_0_5951.jpeg,train,0,0.9991,0.2936,0.0238,0.7006
data_clean\train\def_front\cast_def_0_5952.jpeg,train,0,0.0003,0.0425,0.0352,0.6299
data_clean\train\def_front\cast_def_0_5954.jpeg,train,0,0.9998,0.3407,0.1077,0.7828
data_clean\train\def_front\cast_def_0_5955.jpeg,train,0,0.0000,0.9998,0.0005,0.0028
data_clean\train\def_front\cast_def_0_5956.jpeg,train,0,0.0005,0.0714,0.0034,0.8605
data_clean\train\def_front\cast_def_0_5961.jpeg,train,0,0.0000,0.4113,0.9117,0.0072
data_clean\train\def_front\cast_def_0_5962.jpeg,train,0,0.0022,0.0450,0.7654,0.2785
data_clean\train\def_front\cast_def_0_5963.jpeg,train,0,0.0006,0.9403,0.0108,0.1337
data_clean\train\def_front\cast_def_0_5964.jpeg,train,0,0.0017,0.1513,0.6476,0.1710
data_clean\train\def_front\cast_def_0_5967.jpeg,train,0,0.9989,0.3466,0.2071,0.3166
data_clean\train\def_front\cast_def_0_597.jpeg,train,0,0.0000,0.9999,0.0003,0.0012
data_clean\train\def_front\cast_def_0_5976.jpeg,train,0,0.0002,0.9920,0.0003,0.0587
data_clean\train\def_front\cast_def_0_5978.jpeg,train,0,0.0000,0.9998,0.0004,0.0072
data_clean\train\def_front\cast_def_0_5979.jpeg,train,0,0.0050,0.1791,0.7079,0.0529
data_clean\train\def_front\cast_def_0_598.jpeg,train,0,1.0000,0.2345,0.1257,0.6298
data_clean\train\def_front\cast_def_0_5980.jpeg,train,0,0.9998,0.2033,0.0060,0.9203
data_clean\train\def_front\cast_def_0_5982.jpeg,train,0,1.0000,0.3026,0.1941,0.6588
data_clean\train\def_front\cast_def_0_5985.jpeg,train,0,0.0115,0.1775,0.6298,0.2638
data_clean\train\def_front\cast_def_0_5987.jpeg,train,0,0.0020,0.1276,0.8515,0.0659
data_clean\train\def_front\cast_def_0_5990.jpeg,train,0,0.0008,0.0200,0.8291,0.3000
data_clean\train\def_front\cast_def_0_5991.jpeg,train,0,0.9996,0.0257,0.0006,0.9839
data_clean\train\def_front\cast_def_0_5992.jpeg,train,0,0.0054,0.2976,0.9001,0.0285
data_clean\train\def_front\cast_def_0_5995.jpeg,train,0,0.0000,0.5092,0.8629,0.0033
data_clean\train\def_front\cast_def_0_5997.jpeg,train,0,0.9952,0.4917,0.4412,0.2979
data_clean\train\def_front\cast_def_0_60.jpeg,train,0,0.9998,0.1691,0.0308,0.8166
data_clean\train\def_front\cast_def_0_6003.jpeg,train,0,0.0029,0.1086,0.3602,0.2095
data_clean\train\def_front\cast_def_0_6004.jpeg,train,0,0.0003,0.0687,0.7934,0.0981
data_clean\train\def_front\cast_def_0_6006.jpeg,train,1,0.9997,0.6143,0.9012,0.8813
data_clean\train\def_front\cast_def_0_6007.jpeg,train,0,0.0003,0.0132,0.6645,0.2194
data_clean\train\def_front\cast_def_0_6011.jpeg,train,0,0.0004,0.0251,0.7094,0.1354
data_clean\train\def_front\cast_def_0_6013.jpeg,train,0,0.0009,0.1565,0.8780,0.0326
data_clean\train\def_front\cast_def_0_6014.jpeg,train,0,0.0022,0.1736,0.8703,0.0670
data_clean\train\def_front\cast_def_0_6017.jpeg,train,0,0.9999,0.0830,0.0312,0.9029
data_clean\train\def_front\cast_def_0_6018.jpeg,train,0,1.0000,0.0489,0.0055,0.9507
data_clean\train\def_front\cast_def_0_6023.jpeg,train,0,0.0048,0.0039,0.0072,0.9635
data_clean\train\def_front\cast_def_0_6027.jpeg,train,0,1.0000,0.0328,0.0079,0.7297
data_clean\train\def_front\cast_def_0_6029.jpeg,train,0,0.0004,0.0161,0.8201,0.1388
data_clean\train\def_front\cast_def_0_6037.jpeg,train,0,0.0042,0.0027,0.6850,0.3755
data_clean\train\def_front\cast_def_0_6038.jpeg,train,0,0.0010,0.1717,0.8419,0.1091
data_clean\train\def_front\cast_def_0_6040.jpeg,train,0,0.9998,0.3993,0.3324,0.3881
data_clean\train\def_front\cast_def_0_6042.jpeg,train,1,0.0002,0.0241,0.9036,0.1401
data_clean\train\def_front\cast_def_0_6047.jpeg,train,0,0.0010,0.0792,0.7557,0.1360
data_clean\train\def_front\cast_def_0_6049.jpeg,train,0,0.0166,0.0139,0.0037,0.9862
data_clean\train\def_front\cast_def_0_6052.jpeg,train,0,0.0000,0.5368,0.9419,0.0035
data_clean\train\def_front\cast_def_0_6054.jpeg,train,0,0.0002,0.1099,0.9562,0.0127
data_clean\train\def_front\cast_def_0_6055.jpeg,train,0,0.0003,0.9973,0.0004,0.0314
data_clean\train\def_front\cast_def_0_6056.jpeg,train,0,0.9996,0.0935,0.0058,0.9248
data_clean\train\def_front\cast_def_0_6058.jpeg,train,0,0.0009,0.0072,0.4433,0.4836
data_clean\train\def_front\cast_def_0_606.jpeg,train,0,0.9989,0.3346,0.1546,0.4952
data_clean\train\def_front\cast_def_0_6063.jpeg,train,0,0.0005,0.0071,0.4354,0.3950
data_clean\train\def_front\cast_def_0_6064.jpeg,train,0,1.0000,0.1505,0.0491,0.7004
data_clean\train\def_front\cast_def_0_6065.jpeg,train,0,0.0053,0.0201,0.4789,0.5782
data_clean\train\def_front\cast_def_0_6066.jpeg,train,0,0.0025,0.9949,0.0003,0.1245
data_clean\train\def_front\cast_def_0_6067.jpeg,train,0,0.0004,0.0528,0.7359,0.1269
data_clean\train\def_front\cast_def_0_6069.jpeg,train,0,0.0007,0.0111,0.6530,0.3424
data_clean\train\def_front\cast_def_0_6070.jpeg,train,0,0.0023,0.9743,0.0000,0.4059
data_clean\train\def_front\cast_def_0_6074.jpeg,train,0,0.0868,0.1675,0.6476,0.2144
data_clean\train\def_front\cast_def_0_6075.jpeg,train,0,0.0223,0.2842,0.7957,0.2327
data_clean\train\def_front\cast_def_0_608.jpeg,train,0,1.0000,0.1232,0.0674,0.6769
data_clean\train\def_front\cast_def_0_6080.jpeg,train,0,1.0000,0.1553,0.0418,0.8862
data_clean\train\def_front\cast_def_0_6084.jpeg,train,0,0.0001,0.9988,0.0005,0.0232
data_clean\train\def_front\cast_def_0_6089.jpeg,train,0,0.0002,0.0719,0.7912,0.0580
data_clean\train\def_front\cast_def_0_6090.jpeg,train,0,0.0003,0.0870,0.0043,0.8202
data_clean\train\def_front\cast_def_0_6091.jpeg,train,0,0.0002,0.9693,0.0003,0.1649
data_clean\train\def_front\cast_def_0_6092.jpeg,train,0,1.0000,0.0822,0.0205,0.9033
data_clean\train\def_front\cast_def_0_6095.jpeg,train,0,0.9997,0.5235,0.8083,0.8638
data_clean\train\def_front\cast_def_0_61.jpeg,train,0,0.0004,0.0106,0.4754,0.3526
data_clean\train\def_front\cast_def_0_610.jpeg,train,0,0.0002,0.0363,0.9374,0.0237
data_clean\train\def_front\cast_def_0_6103.jpeg,train,0,1.0000,0.2421,0.1697,0.5408
data_clean\train\def_front\cast_def_0_6104.jpeg,train,0,0.9998,0.0905,0.0281,0.6982
data_clean\train\def_front\cast_def_0_6108.jpeg,train,0,0.0010,0.0185,0.9203,0.1403
data_clean\train\def_front\cast_def_0_6109.jpeg,train,0,0.9999,0.0247,0.0019,0.9452
data_clean\train\def_front\cast_def_0_6111.jpeg,train,0,1.0000,0.2364,0.2745,0.5016
data_clean\train\def_front\cast_def_0_6114.jpeg,train,0,0.0000,0.4625,0.8763,0.0061
data_clean\train\def_front\cast_def_0_6115.jpeg,train,0,0.0003,0.0016,0.8522,0.3873
data_clean\train\def_front\cast_def_0_6116.jpeg,train,0,0.0009,0.0889,0.8954,0.0570
data_clean\train\def_front\cast_def_0_6119.jpeg,train,0,0.9993,0.1398,0.0049,0.8999
data_clean\train\def_front\cast_def_0_6120.jpeg,train,0,0.0004,0.0916,0.8746,0.0368
data_clean\train\def_front\cast_def_0_6121.jpeg,train,0,0.0302,0.0656,0.3575,0.2108
data_clean\train\def_front\cast_def_0_6122.jpeg,train,0,0.0003,0.0071,0.6830,0.3233
data_clean\train\def_front\cast_def_0_6124.jpeg,train,1,0.9994,0.2932,0.0078,0.8875
data_clean\train\def_front\cast_def_0_6129.jpeg,train,0,0.0002,0.0279,0.0098,0.8817
data_clean\train\def_front\cast_def_0_6134.jpeg,train,0,0.0015,0.0113,0.7423,0.1764
data_clean\train\def_front\cast_def_0_6135.jpeg,train,0,0.9999,0.4215,0.4856,0.5839
data_clean\train\def_front\cast_def_0_6136.jpeg,train,0,0.0000,0.3484,0.8862,0.0032
data_clean\train\def_front\cast_def_0_6141.jpeg,train,0,0.0000,0.6816,0.9233,0.0026
data_clean\train\def_front\cast_def_0_6142.jpeg,train,0,0.0019,0.0168,0.0320,0.9092
data_clean\train\def_front\cast_def_0_6143.jpeg,train,0,0.9996,0.5141,0.6314,0.4535
data_clean\train\def_front\cast_def_0_6148.jpeg,train,0,0.0006,0.0033,0.7178,0.4363
data_clean\train\def_front\cast_def_0_6149.jpeg,train,0,0.0000,0.9999,0.0007,0.0005
data_clean\train\def_front\cast_def_0_6153.jpeg,train,0,0.8825,0.0428,0.4271,0.3360
data_clean\train\def_front\cast_def_0_6154.jpeg,train,0,0.0014,0.1270,0.4458,0.2273
data_clean\train\def_front\cast_def_0_6155.jpeg,train,0,0.9979,0.7246,0.7972,0.3232
data_clean\train\def_front\cast_def_0_6156.jpeg,train,0,1.0000,0.0562,0.0043,0.9619
data_clean\train\def_front\cast_def_0_6163.jpeg,train,0,0.0027,0.0786,0.0031,0.9601
data_clean\train\def_front\cast_def_0_6167.jpeg,train,0,0.0023,0.1710,0.4511,0.1452
data_clean\train\def_front\cast_def_0_6169.jpeg,train,0,0.9988,0.7649,0.9588,0.8735
data_clean\train\def_front\cast_def_0_6171.jpeg,train,0,0.0012,0.0111,0.7557,0.2648
data_clean\train\def_front\cast_def_0_6174.jpeg,train,0,0.0008,0.0042,0.7786,0.1766
data_clean\train\def_front\cast_def_0_6175.jpeg,train,0,0.0002,0.0421,0.0099,0.8030
data_clean\train\def_front\cast_def_0_6176.jpeg,train,0,0.0127,0.0884,0.8955,0.1621
data_clean\train\def_front\cast_def_0_6179.jpeg,train,0,0.0003,0.0651,0.7260,0.1054
data_clean\train\def_front\cast_def_0_6181.jpeg,train,0,0.0002,0.9978,0.0005,0.0530
data_clean\train\def_front\cast_def_0_6184.jpeg,train,0,0.0117,0.0317,0.4233,0.6084
data_clean\train\def_front\cast_def_0_6188.jpeg,train,0,0.0006,0.1822,0.7552,0.0684
data_clean\train\def_front\cast_def_0_6189.jpeg,train,0,0.0005,0.0215,0.7696,0.2536
data_clean\train\def_front\cast_def_0_6191.jpeg,train,0,0.0052,0.0004,0.1009,0.9025
data_clean\train\def_front\cast_def_0_6196.jpeg,train,0,0.0007,0.0918,0.8060,0.0559
data_clean\train\def_front\cast_def_0_6197.jpeg,train,0,0.9999,0.1109,0.0045,0.9242
data_clean\train\def_front\cast_def_0_6200.jpeg,train,0,1.0000,0.1774,0.0716,0.7657
data_clean\train\def_front\cast_def_0_6201.jpeg,train,0,0.9979,0.8028,0.9495,0.8462
data_clean\train\def_front\cast_def_0_6206.jpeg,train,0,0.0003,0.0960,0.7818,0.0925
data_clean\train\def_front\cast_def_0_6207.jpeg,train,0,0.0005,0.0725,0.8287,0.0632
data_clean\train\def_front\cast_def_0_6208.jpeg,train,0,0.0004,0.0709,0.7379,0.1264
data_clean\train\def_front\cast_def_0_6210.jpeg,train,1,0.0009,0.9984,0.0003,0.0430
data_clean\train\def_front\cast_def_0_6213.jpeg,train,0,0.0029,0.2034,0.7673,0.1127
data_clean\train\def_front\cast_def_0_6215.jpeg,train,0,0.0002,0.0161,0.7504,0.1765
data_clean\train\def_front\cast_def_0_6219.jpeg,train,0,0.9981,0.6543,0.6158,0.2985
data_clean\train\def_front\cast_def_0_6222.jpeg,train,0,0.0000,0.5285,0.8933,0.0062
data_clean\train\def_front\cast_def_0_6224.jpeg,train,0,0.0656,0.3771,0.8527,0.1892
data_clean\train\def_front\cast_def_0_6227.jpeg,train,0,0.0003,0.1208,0.7489,0.0673
data_clean\train\def_front\cast_def_0_6234.jpeg,train,0,0.0012,0.0128,0.5294,0.3559
data_clean\train\def_front\cast_def_0_6243.jpeg,train,0,0.0002,0.0219,0.8220,0.1099
data_clean\train\def_front\cast_def_0_6245.jpeg,train,0,0.0000,0.5272,0.8556,0.0036
data_clean\train\def_front\cast_def_0_6246.jpeg,train,0,1.0000,0.0816,0.0090,0.9336
data_clean\train\def_front\cast_def_0_6247.jpeg,train,0,0.0027,0.0693,0.7382,0.0785
data_clean\train\def_front\cast_def_0_6248.jpeg,train,0,0.0000,0.7040,0.8635,0.0040
data_clean\train\def_front\cast_def_0_6249.jpeg,train,0,0.9988,0.7544,0.9428,0.8301
data_clean\train\def_front\cast_def_0_6250.jpeg,train,0,0.0950,0.2837,0.7623,0.1983
data_clean\train\def_front\cast_def_0_6254.jpeg,train,0,0.0006,0.0715,0.4027,0.3851
data_clean\train\def_front\cast_def_0_6255.jpeg,train,0,0.0002,0.1760,0.5962,0.0751
data_clean\train\def_front\cast_def_0_6257.jpeg,train,0,0.9996,0.2178,0.0020,0.9621
data_clean\train\def_front\cast_def_0_6258.jpeg,train,0,0.9988,0.4480,0.4250,0.3649
data_clean\train\def_front\cast_def_0_6259.jpeg,train,0,0.9991,0.1974,0.0756,0.5832
data_clean\train\def_front\cast_def_0_6261.jpeg,train,0,0.9990,0.7637,0.9655,0.8753
data_clean\train\def_front\cast_def_0_6264.jpeg,train,0,0.0068,0.1904,0.6667,0.0737
data_clean\train\def_front\cast_def_0_6265.jpeg,train,0,0.0006,0.0309,0.7323,0.2765
data_clean\train\def_front\cast_def_0_6267.jpeg,train,0,0.9991,0.7672,0.9530,0.8241
data_clean\train\def_front\cast_def_0_6269.jpeg,train,0,0.9999,0.1135,0.0057,0.9584
data_clean\train\def_front\cast_def_0_6280.jpeg,train,0,0.0218,0.0585,0.2899,0.7988
data_clean\train\def_front\cast_def_0_6281.jpeg,train,0,0.0002,0.0071,0.7568,0.1636
data_clean\train\def_front\cast_def_0_6282.jpeg,train,0,0.9996,0.0982,0.0054,0.9424
data_clean\train\def_front\cast_def_0_6283.jpeg,train,0,0.9980,0.6816,0.8319,0.3621
data_clean\train\def_front\cast_def_0_6284.jpeg,train,0,0.0009,0.1289,0.8007,0.1165
data_clean\train\def_front\cast_def_0_6285.jpeg,train,0,0.9994,0.1967,0.0033,0.9363
data_clean\train\def_front\cast_def_0_6286.jpeg,train,0,0.0004,0.0777,0.8318,0.0664
data_clean\train\def_front\cast_def_0_6287.jpeg,train,0,0.0667,0.0167,0.0617,0.8979
data_clean\train\def_front\cast_def_0_6291.jpeg,train,0,0.9999,0.1435,0.0015,0.9605
data_clean\train\def_front\cast_def_0_6292.jpeg,train,0,0.9999,0.3312,0.2515,0.3842
data_clean\train\def_front\cast_def_0_6293.jpeg,train,0,0.0053,0.4459,0.8837,0.0458
data_clean\train\def_front\cast_def_0_6298.jpeg,train,0,0.0846,0.3049,0.8119,0.1788
data_clean\train\def_front\cast_def_0_6301.jpeg,train,0,0.0005,0.1794,0.8690,0.0640
data_clean\train\def_front\cast_def_0_6306.jpeg,train,0,0.0014,0.0001,0.1452,0.9476
data_clean\train\def_front\cast_def_0_6307.jpeg,train,0,0.9999,0.3577,0.3176,0.4849
data_clean\train\def_front\cast_def_0_631.jpeg,train,0,0.0001,0.0114,0.7172,0.1893
data_clean\train\def_front\cast_def_0_6310.jpeg,train,0,0.0019,0.0155,0.0255,0.9315
data_clean\train\def_front\cast_def_0_6312.jpeg,train,0,0.9983,0.4828,0.4797,0.3754
data_clean\train\def_front\cast_def_0_6322.jpeg,train,0,0.0005,0.0004,0.3640,0.8724
data_clean\train\def_front\cast_def_0_6324.jpeg,train,0,0.0004,0.0248,0.7067,0.3743
data_clean\train\def_front\cast_def_0_6325.jpeg,train,0,0.0009,0.9892,0.0010,0.1867
data_clean\train\def_front\cast_def_0_6326.jpeg,train,0,0.0851,0.2484,0.8537,0.1825
data_clean\train\def_front\cast_def_0_633.jpeg,train,0,0.9975,0.6533,0.7436,0.4253
data_clean\train\def_front\cast_def_0_6332.jpeg,train,0,0.0002,0.9310,0.0002,0.3346
data_clean\train\def_front\cast_def_0_6339.jpeg,train,0,0.9999,0.2447,0.0209,0.8614
data_clean\train\def_front\cast_def_0_634.jpeg,train,0,0.0004,0.0284,0.8762,0.0991
data_clean\train\def_front\cast_def_0_6342.jpeg,train,0,0.0009,0.0128,0.0592,0.8691
data_clean\train\def_front\cast_def_0_6343.jpeg,train,0,0.0003,0.1422,0.7753,0.0406
data_clean\train\def_front\cast_def_0_6344.jpeg,train,0,0.9998,0.1269,0.0029,0.9625
data_clean\train\def_front\cast_def_0_6349.jpeg,train,0,0.0005,0.0586,0.9593,0.0240
data_clean\train\def_front\cast_def_0_6352.jpeg,train,0,0.0150,0.2958,0.8173,0.2066
data_clean\train\def_front\cast_def_0_6356.jpeg,train,0,0.0004,0.0668,0.7361,0.1501
data_clean\train\def_front\cast_def_0_636.jpeg,train,0,0.0006,0.0828,0.6747,0.1070
data_clean\train\def_front\cast_def_0_6360.jpeg,train,0,0.9991,0.5831,0.8060,0.6629
data_clean\train\def_front\cast_def_0_6365.jpeg,train,0,0.9989,0.1823,0.0475,0.6179
data_clean\train\def_front\cast_def_0_6368.jpeg,train,0,0.9999,0.2876,0.0862,0.7861
data_clean\train\def_front\cast_def_0_6369.jpeg,train,0,0.0000,0.5747,0.8721,0.0046
data_clean\train\def_front\cast_def_0_6372.jpeg,train,0,0.9994,0.3141,0.1326,0.4373
data_clean\train\def_front\cast_def_0_6373.jpeg,train,0,0.0012,0.9855,0.0001,0.4032
data_clean\train\def_front\cast_def_0_6374.jpeg,train,0,0.0029,0.2939,0.8954,0.0770
data_clean\train\def_front\cast_def_0_6378.jpeg,train,0,0.0001,0.2515,0.8436,0.0285
data_clean\train\def_front\cast_def_0_6381.jpeg,train,0,0.0095,0.0059,0.0064,0.9847
data_clean\train\def_front\cast_def_0_6382.jpeg,train,0,0.9927,0.7446,0.7844,0.2921
data_clean\train\def_front\cast_def_0_6383.jpeg,train,0,0.0081,0.0536,0.5446,0.4677
data_clean\train\def_front\cast_def_0_6388.jpeg,train,0,0.0010,0.9968,0.0005,0.1075
data_clean\train\def_front\cast_def_0_6390.jpeg,train,0,0.9997,0.6644,0.9377,0.8792
data_clean\train\def_front\cast_def_0_6392.jpeg,train,0,0.0107,0.0675,0.9447,0.0482
data_clean\train\def_front\cast_def_0_6393.jpeg,train,0,0.0004,0.0043,0.5398,0.6337
data_clean\train\def_front\cast_def_0_6394.jpeg,train,0,0.0024,0.0350,0.6373,0.1810
data_clean\train\def_front\cast_def_0_6395.jpeg,train,0,0.0009,0.1576,0.9288,0.0615
data_clean\train\def_front\cast_def_0_640.jpeg,train,1,0.0006,0.9520,0.0095,0.1495
data_clean\train\def_front\cast_def_0_6401.jpeg,train,0,0.0011,0.9981,0.0002,0.0708
data_clean\train\def_front\cast_def_0_6404.jpeg,train,0,1.0000,0.2961,0.3458,0.4008
data_clean\train\def_front\cast_def_0_6405.jpeg,train,0,0.9999,0.0677,0.0029,0.9581
data_clean\train\def_front\cast_def_0_6409.jpeg,train,0,0.0083,0.0225,0.4308,0.5005
data_clean\train\def_front\cast_def_0_6410.jpeg,train,0,0.0000,0.3234,0.9502,0.0049
data_clean\train\def_front\cast_def_0_6411.jpeg,train,0,0.0774,0.3688,0.8526,0.1502
data_clean\train\def_front\cast_def_0_6415.jpeg,train,0,0.0002,0.9991,0.0002,0.0229
data_clean\train\def_front\cast_def_0_6418.jpeg,train,0,0.0010,0.1524,0.8786,0.0254
data_clean\train\def_front\cast_def_0_6420.jpeg,train,0,0.9993,0.2604,0.0047,0.9692
data_clean\train\def_front\cast_def_0_6422.jpeg,train,0,0.0006,0.9841,0.0011,0.0675
data_clean\train\def_front\cast_def_0_6425.jpeg,train,0,0.0001,0.0779,0.0096,0.6367
data_clean\train\def_front\cast_def_0_6426.jpeg,train,0,0.0009,0.1491,0.7429,0.1145
data_clean\train\def_front\cast_def_0_6427.jpeg,train,0,0.0118,0.0960,0.5888,0.1434
data_clean\train\def_front\cast_def_0_6431.jpeg,train,0,0.9999,0.0905,0.0311,0.6623
data_clean\train\def_front\cast_def_0_6434.jpeg,train,0,0.0000,0.4867,0.9177,0.0070
data_clean\train\def_front\cast_def_0_6435.jpeg,train,0,0.9999,0.0777,0.0119,0.9155
data_clean\train\def_front\cast_def_0_6438.jpeg,train,0,0.0001,0.9920,0.0045,0.0345
data_clean\train\def_front\cast_def_0_6443.jpeg,train,0,0.0014,0.0816,0.9380,0.0522
data_clean\train\def_front\cast_def_0_6444.jpeg,train,0,0.0001,0.0443,0.0239,0.6295
data_clean\train\def_front\cast_def_0_6446.jpeg,train,0,0.9995,0.2514,0.0372,0.6251
data_clean\train\def_front\cast_def_0_6451.jpeg,train,0,0.9998,0.1774,0.0451,0.8041
data_clean\train\def_front\cast_def_0_6456.jpeg,train,0,0.9961,0.2880,0.1670,0.7484
data_clean\train\def_front\cast_def_0_6459.jpeg,train,0,0.1052,0.0207,0.0010,0.9891
data_clean\train\def_front\cast_def_0_6462.jpeg,train,0,0.9993,0.7721,0.9648,0.8824
data_clean\train\def_front\cast_def_0_6464.jpeg,train,0,0.1440,0.3389,0.7649,0.2455
data_clean\train\def_front\cast_def_0_6472.jpeg,train,0,0.0093,0.2154,0.9320,0.0896
data_clean\train\def_front\cast_def_0_6474.jpeg,train,0,0.0002,0.0176,0.9441,0.0451
data_clean\train\def_front\cast_def_0_6476.jpeg,train,0,0.0002,0.0059,0.7173,0.1790
data_clean\train\def_front\cast_def_0_6479.jpeg,train,0,0.0008,0.9984,0.0006,0.0261
data_clean\train\def_front\cast_def_0_6480.jpeg,train,0,0.0082,0.1841,0.3098,0.2094
data_clean\train\def_front\cast_def_0_6483.jpeg,train,0,0.9995,0.7642,0.9665,0.8367
data_clean\train\def_front\cast_def_0_6484.jpeg,train,0,0.0000,0.5502,0.8539,0.0067
data_clean\train\def_front\cast_def_0_6486.jpeg,train,0,0.9990,0.0690,0.0135,0.7024
data_clean\train\def_front\cast_def_0_6489.jpeg,train,0,0.0000,0.5811,0.9156,0.0039
data_clean\train\def_front\cast_def_0_649.jpeg,train,0,0.0007,0.0184,0.1119,0.6005
data_clean\train\def_front\cast_def_0_6493.jpeg,train,0,0.0000,0.9997,0.0006,0.0062
data_clean\train\def_front\cast_def_0_6494.jpeg,train,0,0.0006,0.0182,0.9078,0.2497
data_clean\train\def_front\cast_def_0_6495.jpeg,train,0,0.0007,0.0019,0.6520,0.5834
data_clean\train\def_front\cast_def_0_6497.jpeg,train,0,0.0017,0.9961,0.0001,0.1200
data_clean\train\def_front\cast_def_0_6498.jpeg,train,0,0.9999,0.1821,0.0707,0.8473
data_clean\train\def_front\cast_def_0_650.jpeg,train,0,0.9973,0.2481,0.0136,0.8949
data_clean\train\def_front\cast_def_0_6502.jpeg,train,0,0.0023,0.0296,0.6182,0.3507
data_clean\train\def_front\cast_def_0_6505.jpeg,train,1,0.9989,0.1746,0.0041,0.9440
data_clean\train\def_front\cast_def_0_6506.jpeg,train,0,0.9990,0.3432,0.0028,0.9453
data_clean\train\def_front\cast_def_0_6507.jpeg,train,0,0.9999,0.0791,0.0005,0.9765
data_clean\train\def_front\cast_def_0_6510.jpeg,train,0,0.0002,0.0418,0.7081,0.0974
data_clean\train\def_front\cast_def_0_6515.jpeg,train,0,0.0058,0.0067,0.0046,0.9694
data_clean\train\def_front\cast_def_0_6519.jpeg,train,0,0.0084,0.0696,0.0062,0.9636
data_clean\train\def_front\cast_def_0_6525.jpeg,train,0,0.0003,0.0094,0.7730,0.3450
data_clean\train\def_front\cast_def_0_653.jpeg,train,0,0.0116,0.0797,0.0780,0.4938
data_clean\train\def_front\cast_def_0_6531.jpeg,train,0,0.9982,0.7553,0.9430,0.8549
data_clean\train\def_front\cast_def_0_6533.jpeg,train,0,0.9995,0.1663,0.0870,0.4430
data_clean\train\def_front\cast_def_0_6538.jpeg,train,0,1.0000,0.3532,0.4108,0.4320
data_clean\train\def_front\cast_def_0_6539.jpeg,train,0,0.0008,0.9988,0.0002,0.0539
data_clean\train\def_front\cast_def_0_654.jpeg,train,0,0.0002,0.9988,0.0002,0.0477
data_clean\train\def_front\cast_def_0_6546.jpeg,train,0,0.0005,0.0397,0.9209,0.0462
data_clean\train\def_front\cast_def_0_6547.jpeg,train,0,0.0250,0.0060,0.0108,0.9801
data_clean\train\def_front\cast_def_0_6548.jpeg,train,1,0.0012,0.9963,0.0001,0.0786
data_clean\train\def_front\cast_def_0_655.jpeg,train,0,0.0210,0.3207,0.9461,0.1311
data_clean\train\def_front\cast_def_0_6551.jpeg,train,0,0.0022,0.0164,0.7130,0.5139
data_clean\train\def_front\cast_def_0_6552.jpeg,train,0,0.0003,0.0337,0.0054,0.8966
data_clean\train\def_front\cast_def_0_6554.jpeg,train,0,0.9954,0.4942,0.4358,0.2815
data_clean\train\def_front\cast_def_0_6555.jpeg,train,0,0.0000,0.6578,0.9047,0.0040
data_clean\train\def_front\cast_def_0_6561.jpeg,train,0,0.9999,0.1232,0.0022,0.9603
data_clean\train\def_front\cast_def_0_6566.jpeg,train,0,0.9999,0.4410,0.4937,0.4159
data_clean\train\def_front\cast_def_0_6568.jpeg,train,0,0.0005,0.0678,0.0096,0.8575
data_clean\train\def_front\cast_def_0_6571.jpeg,train,0,0.0004,0.0866,0.8893,0.1035
data_clean\train\def_front\cast_def_0_6574.jpeg,train,0,0.0001,0.9966,0.0008,0.0311
data_clean\train\def_front\cast_def_0_6576.jpeg,train,0,0.9999,0.3078,0.2226,0.5865
data_clean\train\def_front\cast_def_0_6577.jpeg,train,0,0.0511,0.1842,0.3090,0.4051
data_clean\train\def_front\cast_def_0_6580.jpeg,train,0,0.0012,0.9794,0.0001,0.2655
data_clean\train\def_front\cast_def_0_6584.jpeg,train,0,0.0005,0.0116,0.0483,0.8342
data_clean\train\def_front\cast_def_0_6585.jpeg,train,0,0.0010,0.0507,0.4357,0.4345
data_clean\train\def_front\cast_def_0_6586.jpeg,train,0,0.0010,0.2743,0.9493,0.0540
data_clean\train\def_front\cast_def_0_6588.jpeg,train,0,0.9974,0.6786,0.7071,0.3023
data_clean\train\def_front\cast_def_0_6589.jpeg,train,0,0.0007,0.0199,0.7684,0.2129
data_clean\train\def_front\cast_def_0_6590.jpeg,train,0,0.0002,0.9636,0.0002,0.2482
data_clean\train\def_front\cast_def_0_6591.jpeg,train,0,0.9999,0.4612,0.5093,0.5166
data_clean\train\def_front\cast_def_0_6592.jpeg,train,0,0.9944,0.6763,0.7647,0.2865
data_clean\train\def_front\cast_def_0_6594.jpeg,train,0,0.0005,0.0338,0.0450,0.7401
data_clean\train\def_front\cast_def_0_6596.jpeg,train,0,0.0010,0.0173,0.5860,0.2761
data_clean\train\def_front\cast_def_0_6599.jpeg,train,0,0.0014,0.1542,0.9239,0.0257
data_clean\train\def_front\cast_def_0_66.jpeg,train,0,0.0099,0.0099,0.0102,0.9773
data_clean\train\def_front\cast_def_0_6605.jpeg,train,0,1.0000,0.0656,0.0053,0.9533
data_clean\train\def_front\cast_def_0_6610.jpeg,train,0,0.9997,0.1744,0.0022,0.9458
data_clean\train\def_front\cast_def_0_6614.jpeg,train,0,0.0002,0.0858,0.9333,0.0243
data_clean\train\def_front\cast_def_0_6616.jpeg,train,0,0.0016,0.0831,0.9526,0.0447
data_clean\train\def_front\cast_def_0_6622.jpeg,train,0,0.0000,0.4265,0.9039,0.0054
data_clean\train\def_front\cast_def_0_6625.jpeg,train,0,0.0003,0.0266,0.6788,0.1768
data_clean\train\def_front\cast_def_0_6626.jpeg,train,0,0.0049,0.9738,0.0002,0.6206
data_clean\train\def_front\cast_def_0_6628.jpeg,train,1,0.9992,0.3586,0.0060,0.9221
data_clean\train\def_front\cast_def_0_6629.jpeg,train,0,0.9985,0.1339,0.0141,0.8373
data_clean\train\def_front\cast_def_0_6631.jpeg,train,0,0.9998,0.7238,0.9668,0.9131
data_clean\train\def_front\cast_def_0_6634.jpeg,train,0,0.0000,0.6812,0.8854,0.0031
data_clean\train\def_front\cast_def_0_6636.jpeg,train,0,1.0000,0.1619,0.0692,0.4746
data_clean\train\def_front\cast_def_0_6637.jpeg,train,0,0.0007,0.0085,0.5893,0.4035
data_clean\train\def_front\cast_def_0_6638.jpeg,train,0,0.9970,0.4283,0.2488,0.3799
data_clean\train\def_front\cast_def_0_6641.jpeg,train,0,1.0000,0.3186,0.2960,0.5033
data_clean\train\def_front\cast_def_0_6645.jpeg,train,0,0.0003,0.0794,0.7131,0.0895
data_clean\train\def_front\cast_def_0_6648.jpeg,train,0,0.0049,0.1749,0.4570,0.1287
data_clean\train\def_front\cast_def_0_6653.jpeg,train,0,0.0007,0.0358,0.6411,0.1728
data_clean\train\def_front\cast_def_0_6658.jpeg,train,0,0.9991,0.7918,0.9601,0.8875
data_clean\train\def_front\cast_def_0_6660.jpeg,train,0,0.9919,0.7550,0.8339,0.4205
data_clean\train\def_front\cast_def_0_6663.jpeg,train,0,0.0005,0.1703,0.9422,0.0233
data_clean\train\def_front\cast_def_0_6668.jpeg,train,0,0.2803,0.0380,0.0099,0.9619
data_clean\train\def_front\cast_def_0_6669.jpeg,train,0,0.9994,0.7539,0.9650,0.8854
data_clean\train\def_front\cast_def_0_6671.jpeg,train,0,0.0026,0.9891,0.0002,0.2457
data_clean\train\def_front\cast_def_0_6675.jpeg,train,1,0.0003,0.0037,0.8721,0.1190
data_clean\train\def_front\cast_def_0_6676.jpeg,train,0,0.0005,0.0404,0.9165,0.0518
data_clean\train\def_front\cast_def_0_6678.jpeg,train,0,1.0000,0.0427,0.0104,0.7058
data_clean\train\def_front\cast_def_0_6684.jpeg,train,0,1.0000,0.0790,0.0193,0.9003
data_clean\train\def_front\cast_def_0_6686.jpeg,train,0,0.0011,0.0059,0.4992,0.4858
data_clean\train\def_front\cast_def_0_6687.jpeg,train,0,0.0159,0.0845,0.3809,0.2193
data_clean\train\def_front\cast_def_0_6690.jpeg,train,0,0.0003,0.0102,0.7932,0.1257
data_clean\train\def_front\cast_def_0_6691.jpeg,train,0,0.0110,0.0041,0.0045,0.9844
data_clean\train\def_front\cast_def_0_6692.jpeg,train,0,0.9994,0.8268,0.9864,0.9295
data_clean\train\def_front\cast_def_0_6695.jpeg,train,0,0.9940,0.6462,0.6337,0.1999
data_clean\train\def_front\cast_def_0_6697.jpeg,train,0,0.9999,0.1289,0.0009,0.9660
data_clean\train\def_front\cast_def_0_6698.jpeg,train,0,0.9999,0.4296,0.5859,0.5484
data_clean\train\def_front\cast_def_0_670.jpeg,train,0,0.0004,0.0450,0.7503,0.1030
data_clean\train\def_front\cast_def_0_6700.jpeg,train,0,0.0002,0.9974,0.0001,0.0737
data_clean\train\def_front\cast_def_0_6703.jpeg,train,0,0.0038,0.0724,0.3913,0.3446
data_clean\train\def_front\cast_def_0_6704.jpeg,train,0,0.0002,0.9652,0.0071,0.0312
data_clean\train\def_front\cast_def_0_6705.jpeg,train,0,0.9996,0.1309,0.0016,0.9749
data_clean\train\def_front\cast_def_0_6706.jpeg,train,0,0.0001,0.1297,0.7507,0.0330
data_clean\train\def_front\cast_def_0_6708.jpeg,train,0,0.0002,0.0963,0.0064,0.7990
data_clean\train\def_front\cast_def_0_6709.jpeg,train,0,0.0004,0.0513,0.8340,0.1212
data_clean\train\def_front\cast_def_0_671.jpeg,train,0,0.0049,0.0460,0.8331,0.2651
data_clean\train\def_front\cast_def_0_6712.jpeg,train,0,0.0013,0.0351,0.7116,0.2342
data_clean\train\def_front\cast_def_0_6716.jpeg,train,0,0.0004,0.0088,0.6173,0.3376
data_clean\train\def_front\cast_def_0_6717.jpeg,train,0,0.0003,0.0297,0.0149,0.8276
data_clean\train\def_front\cast_def_0_6725.jpeg,train,0,0.0059,0.1200,0.0018,0.9607
data_clean\train\def_front\cast_def_0_6727.jpeg,train,0,0.9962,0.4990,0.2466,0.5819
data_clean\train\def_front\cast_def_0_6728.jpeg,train,0,0.9999,0.2618,0.2238,0.5982
data_clean\train\def_front\cast_def_0_6729.jpeg,train,0,0.0131,0.0465,0.8435,0.2122
data_clean\train\def_front\cast_def_0_6732.jpeg,train,0,0.9998,0.2220,0.0726,0.6825
data_clean\train\def_front\cast_def_0_6733.jpeg,train,0,0.0065,0.1699,0.9314,0.0592
data_clean\train\def_front\cast_def_0_6734.jpeg,train,0,0.0081,0.0351,0.3010,0.6928
data_clean\train\def_front\cast_def_0_6737.jpeg,train,0,0.0070,0.0515,0.8986,0.0431
data_clean\train\def_front\cast_def_0_6741.jpeg,train,0,0.9978,0.6599,0.7481,0.3829
data_clean\train\def_front\cast_def_0_6747.jpeg,train,0,0.0116,0.0038,0.6634,0.6108
data_clean\train\def_front\cast_def_0_6749.jpeg,train,0,0.0003,0.0084,0.7007,0.2685
data_clean\train\def_front\cast_def_0_6750.jpeg,train,0,0.0032,0.0136,0.0099,0.9647
data_clean\train\def_front\cast_def_0_6751.jpeg,train,0,1.0000,0.0886,0.0119,0.9098
data_clean\train\def_front\cast_def_0_6754.jpeg,train,0,0.9999,0.1225,0.0290,0.8669
data_clean\train\def_front\cast_def_0_6758.jpeg,train,0,0.9999,0.2411,0.0709,0.7634
data_clean\train\def_front\cast_def_0_676.jpeg,train,0,0.9878,0.7750,0.8190,0.2800
data_clean\train\def_front\cast_def_0_6761.jpeg,train,0,0.0003,0.0176,0.7284,0.1406
data_clean\train\def_front\cast_def_0_6767.jpeg,train,0,0.0001,0.0183,0.7312,0.1004
data_clean\train\def_front\cast_def_0_677.jpeg,train,0,0.0007,0.9989,0.0001,0.0297
data_clean\train\def_front\cast_def_0_6772.jpeg,train,0,0.0007,0.9376,0.0221,0.0767
data_clean\train\def_front\cast_def_0_6773.jpeg,train,0,0.0039,0.2602,0.8511,0.0460
data_clean\train\def_front\cast_def_0_6775.jpeg,train,0,0.0101,0.0201,0.0048,0.9790
data_clean\train\def_front\cast_def_0_6776.jpeg,train,0,0.0011,0.0540,0.8670,0.0744
data_clean\train\def_front\cast_def_0_6777.jpeg,train,0,1.0000,0.1334,0.0621,0.5710
data_clean\train\def_front\cast_def_0_6778.jpeg,train,0,0.9922,0.7880,0.8183,0.2048
data_clean\train\def_front\cast_def_0_6779.jpeg,train,0,0.0001,0.9773,0.0017,0.0450
data_clean\train\def_front\cast_def_0_6784.jpeg,train,0,1.0000,0.0741,0.0121,0.9189
data_clean\train\def_front\cast_def_0_6785.jpeg,train,0,0.0806,0.1676,0.8748,0.2683
data_clean\train\def_front\cast_def_0_6787.jpeg,train,0,0.7225,0.0386,0.2552,0.7677
data_clean\train\def_front\cast_def_0_6791.jpeg,train,0,0.9988,0.1113,0.1126,0.4580
data_clean\train\def_front\cast_def_0_6794.jpeg,train,0,0.0004,0.0108,0.7159,0.4106
data_clean\train\def_front\cast_def_0_6797.jpeg,train,0,0.2268,0.0370,0.0275,0.9478
data_clean\train\def_front\cast_def_0_68.jpeg,train,0,0.0002,0.9572,0.0070,0.0415
data_clean\train\def_front\cast_def_0_6801.jpeg,train,0,0.0663,0.1342,0.1349,0.3970
data_clean\train\def_front\cast_def_0_6802.jpeg,train,0,0.0006,0.9980,0.0002,0.1051
data_clean\train\def_front\cast_def_0_6804.jpeg,train,0,0.0177,0.1238,0.9279,0.0534
data_clean\train\def_front\cast_def_0_6808.jpeg,train,0,0.0020,0.0483,0.5664,0.2993
data_clean\train\def_front\cast_def_0_6809.jpeg,train,0,0.9974,0.7979,0.9179,0.5924
data_clean\train\def_front\cast_def_0_681.jpeg,train,0,0.9999,0.2096,0.0259,0.8341
data_clean\train\def_front\cast_def_0_6811.jpeg,train,0,0.9999,0.3867,0.4264,0.5056
data_clean\train\def_front\cast_def_0_6812.jpeg,train,0,0.0004,0.0237,0.8274,0.2332
data_clean\train\def_front\cast_def_0_6813.jpeg,train,0,0.9995,0.2832,0.0047,0.9394
data_clean\train\def_front\cast_def_0_6816.jpeg,train,0,0.9999,0.2565,0.0666,0.7199
data_clean\train\def_front\cast_def_0_682.jpeg,train,0,0.0003,0.9849,0.0037,0.0610
data_clean\train\def_front\cast_def_0_6820.jpeg,train,0,0.0004,0.0926,0.8280,0.0625
data_clean\train\def_front\cast_def_0_6822.jpeg,train,0,0.0000,0.9996,0.0007,0.0067
data_clean\train\def_front\cast_def_0_6825.jpeg,train,0,0.9999,0.1568,0.0459,0.8187
data_clean\train\def_front\cast_def_0_6829.jpeg,train,0,0.0007,0.0051,0.5481,0.3083
data_clean\train\def_front\cast_def_0_6831.jpeg,train,0,0.0089,0.3025,0.8864,0.1055
data_clean\train\def_front\cast_def_0_6832.jpeg,train,0,0.0074,0.0923,0.0031,0.9629
data_clean\train\def_front\cast_def_0_6833.jpeg,train,0,0.9237,0.0421,0.2817,0.4600
data_clean\train\def_front\cast_def_0_6834.jpeg,train,1,0.0027,0.1088,0.2163,0.4477
data_clean\train\def_front\cast_def_0_6835.jpeg,train,0,0.0012,0.2146,0.9515,0.0208
data_clean\train\def_front\cast_def_0_6836.jpeg,train,0,1.0000,0.3295,0.4052,0.6096
data_clean\train\def_front\cast_def_0_6837.jpeg,train,0,0.0018,0.0053,0.5437,0.7105
data_clean\train\def_front\cast_def_0_6838.jpeg,train,0,0.9994,0.0544,0.0011,0.9722
data_clean\train\def_front\cast_def_0_6841.jpeg,train,0,0.0004,0.0125,0.8752,0.1823
data_clean\train\def_front\cast_def_0_6849.jpeg,train,0,0.0003,0.0029,0.6685,0.4665
data_clean\train\def_front\cast_def_0_6851.jpeg,train,0,1.0000,0.1559,0.0866,0.7145
data_clean\train\def_front\cast_def_0_6853.jpeg,train,0,0.0015,0.0781,0.7605,0.1036
data_clean\train\def_front\cast_def_0_6856.jpeg,train,0,0.0008,0.0017,0.7030,0.3120
data_clean\train\def_front\cast_def_0_6858.jpeg,train,0,0.9996,0.1661,0.0040,0.9494
data_clean\train\def_front\cast_def_0_6862.jpeg,train,0,0.9997,0.1965,0.0558,0.6626
data_clean\train\def_front\cast_def_0_6863.jpeg,train,0,0.0003,0.9585,0.0095,0.0442
data_clean\train\def_front\cast_def_0_6865.jpeg,train,0,0.0005,0.0028,0.5494,0.7039
data_clean\train\def_front\cast_def_0_6867.jpeg,train,0,0.0011,0.1848,0.8114,0.0293
data_clean\train\def_front\cast_def_0_6868.jpeg,train,0,0.0003,0.0157,0.8989,0.1309
data_clean\train\def_front\cast_def_0_687.jpeg,train,1,0.0009,0.0325,0.0202,0.8833
data_clean\train\def_front\cast_def_0_6870.jpeg,train,0,0.9999,0.0531,0.0005,0.9840
data_clean\train\def_front\cast_def_0_6874.jpeg,train,0,0.9769,0.0983,0.3202,0.4844
data_clean\train\def_front\cast_def_0_6875.jpeg,train,0,0.0009,0.9988,0.0002,0.0836
data_clean\train\def_front\cast_def_0_6878.jpeg,train,0,0.0000,0.6494,0.8003,0.0064
data_clean\train\def_front\cast_def_0_6880.jpeg,train,0,1.0000,0.0715,0.0202,0.8727
data_clean\train\def_front\cast_def_0_6885.jpeg,train,0,0.0035,0.0547,0.5544,0.1567
data_clean\train\def_front\cast_def_0_6889.jpeg,train,0,0.0006,0.1342,0.9366,0.0336
data_clean\train\def_front\cast_def_0_6890.jpeg,train,0,0.0010,0.9828,0.0010,0.1462
data_clean\train\def_front\cast_def_0_6892.jpeg,train,0,1.0000,0.0382,0.0021,0.9709
data_clean\train\def_front\cast_def_0_6895.jpeg,train,1,0.0007,0.0035,0.7655,0.5042
data_clean\train\def_front\cast_def_0_6896.jpeg,train,0,0.0003,0.0268,0.7694,0.0867
data_clean\train\def_front\cast_def_0_69.jpeg,train,0,0.9985,0.7563,0.9312,0.8858
data_clean\train\def_front\cast_def_0_6901.jpeg,train,0,0.0002,0.9973,0.0009,0.0603
data_clean\train\def_front\cast_def_0_6902.jpeg,train,0,0.0008,0.9855,0.0004,0.1315
data_clean\train\def_front\cast_def_0_6906.jpeg,train,0,0.0181,0.2269,0.2664,0.2614
data_clean\train\def_front\cast_def_0_6908.jpeg,train,0,0.0009,0.0557,0.8498,0.2021
data_clean\train\def_front\cast_def_0_6909.jpeg,train,0,0.9998,0.1287,0.0178,0.7720
data_clean\train\def_front\cast_def_0_6910.jpeg,train,0,0.9963,0.7006,0.7565,0.2771
data_clean\train\def_front\cast_def_0_6912.jpeg,train,0,0.9961,0.5997,0.6739,0.2683
data_clean\train\def_front\cast_def_0_6913.jpeg,train,0,0.9991,0.6639,0.8426,0.6014
data_clean\train\def_front\cast_def_0_6914.jpeg,train,0,0.0005,0.9790,0.0152,0.0384
data_clean\train\def_front\cast_def_0_6915.jpeg,train,0,0.0026,0.0223,0.0041,0.9398
data_clean\train\def_front\cast_def_0_692.jpeg,train,0,0.0008,0.0497,0.1058,0.5874
data_clean\train\def_front\cast_def_0_6923.jpeg,train,0,0.0013,0.1223,0.9435,0.0914
data_clean\train\def_front\cast_def_0_6925.jpeg,train,0,0.0053,0.0386,0.9465,0.0632
data_clean\train\def_front\cast_def_0_6926.jpeg,train,0,0.0022,0.0210,0.5841,0.2865
data_clean\train\def_front\cast_def_0_6927.jpeg,train,0,0.0042,0.0083,0.7299,0.4476
data_clean\train\def_front\cast_def_0_6929.jpeg,train,0,0.9961,0.4124,0.2765,0.1807
data_clean\train\def_front\cast_def_0_693.jpeg,train,0,0.0019,0.0183,0.5308,0.4228
data_clean\train\def_front\cast_def_0_6932.jpeg,train,1,0.9905,0.8014,0.8550,0.2428
data_clean\train\def_front\cast_def_0_6935.jpeg,train,0,0.9927,0.6812,0.7245,0.2708
data_clean\train\def_front\cast_def_0_694.jpeg,train,0,0.9994,0.3179,0.3341,0.2885
data_clean\train\def_front\cast_def_0_6942.jpeg,train,0,0.0011,0.0553,0.6701,0.4066
data_clean\train\def_front\cast_def_0_6944.jpeg,train,0,0.0009,0.1203,0.8244,0.0659
data_clean\train\def_front\cast_def_0_6946.jpeg,train,0,0.9996,0.2223,0.0035,0.9439
data_clean\train\def_front\cast_def_0_6947.jpeg,train,0,0.0011,0.0502,0.8477,0.0815
data_clean\train\def_front\cast_def_0_6949.jpeg,train,0,0.0009,0.9917,0.0006,0.0996
data_clean\train\def_front\cast_def_0_695.jpeg,train,0,0.9999,0.2938,0.0558,0.7954
data_clean\train\def_front\cast_def_0_6954.jpeg,train,0,1.0000,0.1728,0.0353,0.6801
data_clean\train\def_front\cast_def_0_6955.jpeg,train,0,0.0010,0.1474,0.8644,0.1025
data_clean\train\def_front\cast_def_0_6960.jpeg,train,0,0.0001,0.9802,0.0017,0.0301
data_clean\train\def_front\cast_def_0_6961.jpeg,train,0,0.0081,0.0880,0.6879,0.1179
data_clean\train\def_front\cast_def_0_6963.jpeg,train,0,0.0000,0.6640,0.7775,0.0040
data_clean\train\def_front\cast_def_0_6967.jpeg,train,0,0.9999,0.2555,0.0988,0.6547
data_clean\train\def_front\cast_def_0_6968.jpeg,train,0,0.8428,0.1881,0.4886,0.6158
data_clean\train\def_front\cast_def_0_6972.jpeg,train,0,0.0002,0.9991,0.0001,0.0320
data_clean\train\def_front\cast_def_0_6978.jpeg,train,0,0.9968,0.3083,0.1471,0.7248
data_clean\train\def_front\cast_def_0_6979.jpeg,train,1,0.0000,0.9995,0.0008,0.0052
data_clean\train\def_front\cast_def_0_6980.jpeg,train,0,0.9961,0.5687,0.5776,0.1829
data_clean\train\def_front\cast_def_0_6984.jpeg,train,0,0.9999,0.1405,0.0047,0.9039
data_clean\train\def_front\cast_def_0_6986.jpeg,train,0,0.0005,0.1133,0.8875,0.1588
data_clean\train\def_front\cast_def_0_6988.jpeg,train,0,0.0020,0.0419,0.2243,0.6577
data_clean\train\def_front\cast_def_0_6989.jpeg,train,0,0.9999,0.1179,0.0198,0.7007
data_clean\train\def_front\cast_def_0_6991.jpeg,train,1,0.0030,0.0195,0.7087,0.1718
data_clean\train\def_front\cast_def_0_6996.jpeg,train,0,0.0005,0.1192,0.9223,0.0453
data_clean\train\def_front\cast_def_0_6997.jpeg,train,0,0.0013,0.0002,0.0811,0.9530
data_clean\train\def_front\cast_def_0_70.jpeg,train,0,0.0000,0.5460,0.8109,0.0048
data_clean\train\def_front\cast_def_0_7002.jpeg,train,0,0.0002,0.1552,0.8021,0.0374
data_clean\train\def_front\cast_def_0_7003.jpeg,train,0,0.0010,0.2463,0.9347,0.0535
data_clean\train\def_front\cast_def_0_7004.jpeg,train,0,0.9999,0.2334,0.1573,0.6159
data_clean\train\def_front\cast_def_0_7006.jpeg,train,0,0.9990,0.2892,0.0038,0.9561
data_clean\train\def_front\cast_def_0_7010.jpeg,train,0,0.9999,0.4879,0.6277,0.4589
data_clean\train\def_front\cast_def_0_7011.jpeg,train,0,0.9993,0.2784,0.0039,0.9416
data_clean\train\def_front\cast_def_0_7012.jpeg,train,0,0.0038,0.0051,0.0047,0.9858
data_clean\train\def_front\cast_def_0_7015.jpeg,train,0,0.0006,0.0616,0.6981,0.1142
data_clean\train\def_front\cast_def_0_7016.jpeg,train,0,0.0017,0.0126,0.4155,0.4460
data_clean\train\def_front\cast_def_0_7021.jpeg,train,0,0.0001,0.0081,0.7573,0.1662
data_clean\train\def_front\cast_def_0_7024.jpeg,train,0,0.0001,0.0246,0.0144,0.7704
data_clean\train\def_front\cast_def_0_7026.jpeg,train,0,0.0048,0.0685,0.4274,0.4331
data_clean\train\def_front\cast_def_0_7030.jpeg,train,0,0.0008,0.0147,0.7653,0.2222
data_clean\train\def_front\cast_def_0_7032.jpeg,train,0,0.0027,0.9728,0.0005,0.3550
data_clean\train\def_front\cast_def_0_7040.jpeg,train,0,0.0036,0.2761,0.8909,0.1086
data_clean\train\def_front\cast_def_0_7041.jpeg,train,0,0.0012,0.0755,0.9074,0.0850
data_clean\train\def_front\cast_def_0_7044.jpeg,train,0,0.0017,0.0540,0.4631,0.4001
data_clean\train\def_front\cast_def_0_7045.jpeg,train,0,0.9995,0.3187,0.0050,0.9548
data_clean\train\def_front\cast_def_0_7047.jpeg,train,0,0.0002,0.0117,0.0896,0.7222
data_clean\train\def_front\cast_def_0_7050.jpeg,train,0,0.0020,0.0713,0.3403,0.2082
data_clean\train\def_front\cast_def_0_7052.jpeg,train,0,0.1257,0.0362,0.0704,0.8532
data_clean\train\def_front\cast_def_0_7056.jpeg,train,0,0.0007,0.0706,0.7965,0.0855
data_clean\train\def_front\cast_def_0_7057.jpeg,train,0,0.0008,0.0332,0.2852,0.5483
data_clean\train\def_front\cast_def_0_7058.jpeg,train,0,0.0098,0.0774,0.5914,0.4698
data_clean\train\def_front\cast_def_0_7062.jpeg,train,0,0.0000,0.0577,0.9221,0.0352
data_clean\train\def_front\cast_def_0_7063.jpeg,train,0,0.9979,0.0338,0.0137,0.6487
data_clean\train\def_front\cast_def_0_7067.jpeg,train,0,0.1072,0.0040,0.0067,0.9857
data_clean\train\def_front\cast_def_0_7069.jpeg,train,0,0.0000,0.5934,0.9151,0.0070
data_clean\train\def_front\cast_def_0_7075.jpeg,train,0,0.0001,0.2063,0.9252,0.0171
data_clean\train\def_front\cast_def_0_7076.jpeg,train,0,0.6318,0.0198,0.3226,0.5569
data_clean\train\def_front\cast_def_0_7077.jpeg,train,0,0.0007,0.0035,0.4062,0.8065
data_clean\train\def_front\cast_def_0_7079.jpeg,train,0,0.9544,0.0655,0.2863,0.4957
data_clean\train\def_front\cast_def_0_7081.jpeg,train,0,0.0022,0.0931,0.9330,0.0615
data_clean\train\def_front\cast_def_0_7085.jpeg,train,0,0.9983,0.2510,0.0020,0.9692
data_clean\train\def_front\cast_def_0_7088.jpeg,train,0,0.0037,0.1109,0.9401,0.0747
data_clean\train\def_front\cast_def_0_7090.jpeg,train,0,0.0017,0.0065,0.5834,0.3712
data_clean\train\def_front\cast_def_0_7091.jpeg,train,0,0.9999,0.2851,0.0945,0.7733
data_clean\train\def_front\cast_def_0_7093.jpeg,train,0,0.0003,0.0178,0.7753,0.1746
data_clean\train\def_front\cast_def_0_7095.jpeg,train,0,0.9989,0.1929,0.0034,0.9612
data_clean\train\def_front\cast_def_0_7096.jpeg,train,0,0.0280,0.2255,0.9210,0.2380
data_clean\train\def_front\cast_def_0_7097.jpeg,train,0,0.9996,0.6714,0.8922,0.7091
data_clean\train\def_front\cast_def_0_7098.jpeg,train,0,0.9993,0.2122,0.0055,0.9462
data_clean\train\def_front\cast_def_0_7099.jpeg,train,0,0.0010,0.9987,0.0001,0.0566
data_clean\train\def_front\cast_def_0_7100.jpeg,train,0,0.9999,0.5594,0.7188,0.4465
data_clean\train\def_front\cast_def_0_7102.jpeg,train,0,0.0007,0.9614,0.0162,0.0445
data_clean\train\def_front\cast_def_0_7104.jpeg,train,0,0.0004,0.0656,0.7097,0.0822
data_clean\train\def_front\cast_def_0_7105.jpeg,train,0,0.0003,0.0115,0.7775,0.2025
data_clean\train\def_front\cast_def_0_7106.jpeg,train,0,0.9815,0.0830,0.3286,0.4972
data_clean\train\def_front\cast_def_0_7112.jpeg,train,0,0.9998,0.2218,0.0700,0.6092
data_clean\train\def_front\cast_def_0_7114.jpeg,train,0,0.0002,0.0044,0.7823,0.2551
data_clean\train\def_front\cast_def_0_7115.jpeg,train,0,0.0002,0.0237,0.8398,0.1418
data_clean\train\def_front\cast_def_0_7118.jpeg,train,0,0.0012,0.1706,0.0083,0.7323
data_clean\train\def_front\cast_def_0_7119.jpeg,train,0,0.9925,0.0705,0.2933,0.7266
data_clean\train\def_front\cast_def_0_712.jpeg,train,0,0.0003,0.0051,0.4588,0.4395
data_clean\train\def_front\cast_def_0_7120.jpeg,train,0,0.0035,0.0284,0.6675,0.2919
data_clean\train\def_front\cast_def_0_7121.jpeg,train,1,1.0000,0.1065,0.0182,0.9033
data_clean\train\def_front\cast_def_0_7122.jpeg,train,0,0.0009,0.0197,0.7661,0.2701
data_clean\train\def_front\cast_def_0_7125.jpeg,train,0,0.0188,0.1825,0.8593,0.1751
data_clean\train\def_front\cast_def_0_7126.jpeg,train,0,1.0000,0.0749,0.0104,0.9545
data_clean\train\def_front\cast_def_0_7127.jpeg,train,0,0.9998,0.0548,0.0014,0.9603
data_clean\train\def_front\cast_def_0_7134.jpeg,train,0,0.0011,0.0053,0.5825,0.3127
data_clean\train\def_front\cast_def_0_7136.jpeg,train,0,0.0016,0.0142,0.4782,0.2234
data_clean\train\def_front\cast_def_0_7138.jpeg,train,0,0.0008,0.0051,0.5894,0.3667
data_clean\train\def_front\cast_def_0_7140.jpeg,train,0,0.9997,0.6480,0.8646,0.7992
data_clean\train\def_front\cast_def_0_7141.jpeg,train,0,1.0000,0.0720,0.0071,0.9071
data_clean\train\def_front\cast_def_0_7143.jpeg,train,0,0.9993,0.7565,0.9647,0.8901
data_clean\train\def_front\cast_def_0_7144.jpeg,train,0,0.0012,0.0497,0.5648,0.2625
data_clean\train\def_front\cast_def_0_7149.jpeg,train,0,0.9804,0.8021,0.8642,0.1956
data_clean\train\def_front\cast_def_0_7154.jpeg,train,0,0.0215,0.0134,0.0029,0.9865
data_clean\train\def_front\cast_def_0_7155.jpeg,train,0,0.1651,0.2916,0.7788,0.2301
data_clean\train\def_front\cast_def_0_7159.jpeg,train,0,0.9740,0.0654,0.3482,0.4738
data_clean\train\def_front\cast_def_0_7160.jpeg,train,0,0.0000,0.4877,0.8984,0.0039
data_clean\train\def_front\cast_def_0_7161.jpeg,train,0,0.0025,0.0693,0.9030,0.1128
data_clean\train\def_front\cast_def_0_7163.jpeg,train,0,0.0019,0.1369,0.7870,0.0524
data_clean\train\def_front\cast_def_0_7168.jpeg,train,0,1.0000,0.1206,0.0341,0.7192
data_clean\train\def_front\cast_def_0_7169.jpeg,train,0,0.0002,0.9861,0.0003,0.1113
data_clean\train\def_front\cast_def_0_7173.jpeg,train,0,0.0059,0.0109,0.0083,0.9596
data_clean\train\def_front\cast_def_0_7177.jpeg,train,0,0.2633,0.0458,0.0190,0.9530
data_clean\train\def_front\cast_def_0_7183.jpeg,train,0,0.0056,0.0297,0.2161,0.7405
data_clean\train\def_front\cast_def_0_7185.jpeg,train,0,0.0096,0.1814,0.8790,0.0659
data_clean\train\def_front\cast_def_0_7186.jpeg,train,0,0.0038,0.2225,0.7669,0.1134
data_clean\train\def_front\cast_def_0_719.jpeg,train,0,0.0055,0.0563,0.3521,0.5475
data_clean\train\def_front\cast_def_0_7190.jpeg,train,0,0.9999,0.2133,0.1073,0.7950
data_clean\train\def_front\cast_def_0_7191.jpeg,train,0,0.0036,0.0644,0.9387,0.0724
data_clean\train\def_front\cast_def_0_7195.jpeg,train,0,0.9904,0.8405,0.8664,0.2656
data_clean\train\def_front\cast_def_0_7196.jpeg,train,0,0.0004,0.0336,0.7993,0.1669
data_clean\train\def_front\cast_def_0_7198.jpeg,train,0,0.0010,0.0182,0.0351,0.8420
data_clean\train\def_front\cast_def_0_720.jpeg,train,1,1.0000,0.0661,0.0077,0.8814
data_clean\train\def_front\cast_def_0_7200.jpeg,train,0,0.0029,0.0984,0.8951,0.0775
data_clean\train\def_front\cast_def_0_7204.jpeg,train,0,1.0000,0.0377,0.0051,0.9432
data_clean\train\def_front\cast_def_0_7206.jpeg,train,0,0.0032,0.2159,0.7712,0.1133
data_clean\train\def_front\cast_def_0_7208.jpeg,train,0,0.0006,0.0042,0.7045,0.4873
data_clean\train\def_front\cast_def_0_7209.jpeg,train,0,0.0168,0.0961,0.1420,0.3409
data_clean\train\def_front\cast_def_0_7210.jpeg,train,0,0.9999,0.1845,0.0209,0.8837
data_clean\train\def_front\cast_def_0_7211.jpeg,train,0,0.0077,0.2747,0.9255,0.1207
data_clean\train\def_front\cast_def_0_7212.jpeg,train,0,0.9981,0.3121,0.0705,0.7668
data_clean\train\def_front\cast_def_0_7214.jpeg,train,0,0.0000,0.9997,0.0004,0.0039
data_clean\train\def_front\cast_def_0_7215.jpeg,train,0,0.0136,0.0360,0.0033,0.9746
data_clean\train\def_front\cast_def_0_7219.jpeg,train,0,0.0005,0.0631,0.8417,0.0682
data_clean\train\def_front\cast_def_0_722.jpeg,train,0,0.9996,0.2177,0.0015,0.9590
data_clean\train\def_front\cast_def_0_7221.jpeg,train,0,0.0007,0.0177,0.6885,0.3043
data_clean\train\def_front\cast_def_0_7222.jpeg,train,0,0.9987,0.4175,0.4445,0.3031
data_clean\train\def_front\cast_def_0_7223.jpeg,train,0,0.9997,0.3669,0.4142,0.4753
data_clean\train\def_front\cast_def_0_7224.jpeg,train,0,0.9996,0.2970,0.0009,0.9532
data_clean\train\def_front\cast_def_0_7225.jpeg,train,0,0.0083,0.1281,0.9254,0.0563
data_clean\train\def_front\cast_def_0_7227.jpeg,train,0,0.0084,0.0209,0.3687,0.7833
data_clean\train\def_front\cast_def_0_7232.jpeg,train,0,0.0010,0.0129,0.6148,0.4144
data_clean\train\def_front\cast_def_0_7233.jpeg,train,0,1.0000,0.1115,0.0315,0.8772
data_clean\train\def_front\cast_def_0_7234.jpeg,train,0,0.0000,0.4957,0.7503,0.0055
data_clean\train\def_front\cast_def_0_7235.jpeg,train,0,0.0020,0.0124,0.5352,0.3966
data_clean\train\def_front\cast_def_0_7237.jpeg,train,0,0.0002,0.1912,0.9185,0.0167
data_clean\train\def_front\cast_def_0_7238.jpeg,train,0,0.9996,0.0973,0.0006,0.9795
data_clean\train\def_front\cast_def_0_7241.jpeg,train,0,0.0001,0.6198,0.8780,0.0052
data_clean\train\def_front\cast_def_0_7246.jpeg,train,0,1.0000,0.0225,0.0061,0.6903
data_clean\train\def_front\cast_def_0_7256.jpeg,train,0,0.0013,0.9913,0.0003,0.2394
data_clean\train\def_front\cast_def_0_7257.jpeg,train,0,0.0014,0.0939,0.7571,0.1162
data_clean\train\def_front\cast_def_0_7258.jpeg,train,0,0.9922,0.7640,0.7624,0.2098
data_clean\train\def_front\cast_def_0_7259.jpeg,train,0,1.0000,0.1547,0.0505,0.6945
data_clean\train\def_front\cast_def_0_726.jpeg,train,0,0.0007,0.0076,0.7695,0.1391
data_clean\train\def_front\cast_def_0_7260.jpeg,train,0,1.0000,0.0729,0.0390,0.4281
data_clean\train\def_front\cast_def_0_7261.jpeg,train,1,0.9998,0.0746,0.0004,0.9852
data_clean\train\def_front\cast_def_0_7265.jpeg,train,0,0.0010,0.1429,0.9552,0.0712
data_clean\train\def_front\cast_def_0_7268.jpeg,train,0,0.9999,0.1118,0.0333,0.8374
data_clean\train\def_front\cast_def_0_7269.jpeg,train,0,0.0010,0.0135,0.6894,0.3537
data_clean\train\def_front\cast_def_0_727.jpeg,train,0,0.9994,0.7432,0.9422,0.8374
data_clean\train\def_front\cast_def_0_7271.jpeg,train,0,0.9999,0.2419,0.1530,0.7144
data_clean\train\def_front\cast_def_0_7273.jpeg,train,0,0.0007,0.3107,0.7294,0.0348
data_clean\train\def_front\cast_def_0_7280.jpeg,train,0,0.0001,0.0137,0.7947,0.1372
data_clean\train\def_front\cast_def_0_7281.jpeg,train,0,0.0008,0.1263,0.9166,0.0449
data_clean\train\def_front\cast_def_0_7282.jpeg,train,0,0.0023,0.1309,0.7952,0.1225
data_clean\train\def_front\cast_def_0_7284.jpeg,train,0,0.0406,0.0328,0.0014,0.9934
data_clean\train\def_front\cast_def_0_7288.jpeg,train,0,0.9959,0.6376,0.6351,0.3083
data_clean\train\def_front\cast_def_0_729.jpeg,train,0,0.0113,0.0601,0.3322,0.2822
data_clean\train\def_front\cast_def_0_7290.jpeg,train,0,0.0003,0.2071,0.9477,0.0263
data_clean\train\def_front\cast_def_0_7298.jpeg,train,1,0.0006,0.0238,0.7835,0.1419
data_clean\train\def_front\cast_def_0_7303.jpeg,train,0,0.0037,0.9788,0.0004,0.3927
data_clean\train\def_front\cast_def_0_7304.jpeg,train,0,0.9992,0.6278,0.8494,0.8212
data_clean\train\def_front\cast_def_0_7307.jpeg,train,0,0.0003,0.0023,0.0821,0.8009
data_clean\train\def_front\cast_def_0_731.jpeg,train,0,0.0002,0.0195,0.6363,0.2331
data_clean\train\def_front\cast_def_0_7311.jpeg,train,0,0.0018,0.0062,0.7076,0.4160
data_clean\train\def_front\cast_def_0_7312.jpeg,train,1,0.0009,0.1173,0.5642,0.2009
data_clean\train\def_front\cast_def_0_7313.jpeg,train,0,0.0005,0.1908,0.9432,0.0222
data_clean\train\def_front\cast_def_0_7314.jpeg,train,0,0.9988,0.7375,0.9603,0.9019
data_clean\train\def_front\cast_def_0_7318.jpeg,train,0,0.0005,0.0178,0.0145,0.8881
data_clean\train\def_front\cast_def_0_732.jpeg,train,1,0.0135,0.1096,0.4285,0.3536
data_clean\train\def_front\cast_def_0_7325.jpeg,train,0,0.0082,0.3148,0.8615,0.1611
data_clean\train\def_front\cast_def_0_7327.jpeg,train,0,0.0009,0.0531,0.5509,0.3061
data_clean\train\def_front\cast_def_0_7329.jpeg,train,0,0.0002,0.0105,0.8681,0.1339
data_clean\train\def_front\cast_def_0_7331.jpeg,train,0,0.9999,0.2259,0.1125,0.5816
data_clean\train\def_front\cast_def_0_7332.jpeg,train,0,0.9999,0.1084,0.0335,0.8674
data_clean\train\def_front\cast_def_0_7335.jpeg,train,0,0.0039,0.0992,0.7769,0.0791
data_clean\train\def_front\cast_def_0_734.jpeg,train,0,0.0008,0.0033,0.7664,0.1751
data_clean\train\def_front\cast_def_0_7340.jpeg,train,0,0.0010,0.0801,0.6864,0.1416
data_clean\train\def_front\cast_def_0_7341.jpeg,train,0,0.0002,0.0453,0.0107,0.8749
data_clean\train\def_front\cast_def_0_7343.jpeg,train,0,0.0430,0.0077,0.0018,0.9949
data_clean\train\def_front\cast_def_0_7346.jpeg,train,0,0.9996,0.1853,0.0023,0.9709
data_clean\train\def_front\cast_def_0_7347.jpeg,train,0,0.0060,0.0345,0.5785,0.4983
data_clean\train\def_front\cast_def_0_7348.jpeg,train,0,0.0106,0.1178,0.5855,0.0830
data_clean\train\def_front\cast_def_0_7350.jpeg,train,0,0.9992,0.2371,0.0052,0.9361
data_clean\train\def_front\cast_def_0_7351.jpeg,train,0,1.0000,0.0341,0.0094,0.5289
data_clean\train\def_front\cast_def_0_7353.jpeg,train,0,1.0000,0.0543,0.0247,0.3409
data_clean\train\def_front\cast_def_0_7355.jpeg,train,0,0.0000,0.9998,0.0006,0.0030
data_clean\train\def_front\cast_def_0_7357.jpeg,train,0,0.0002,0.1661,0.7356,0.0747
data_clean\train\def_front\cast_def_0_736.jpeg,train,0,0.9994,0.1053,0.0343,0.5868
data_clean\train\def_front\cast_def_0_7366.jpeg,train,0,0.0018,0.1234,0.5201,0.1419
data_clean\train\def_front\cast_def_0_737.jpeg,train,0,0.0007,0.0253,0.1582,0.7026
data_clean\train\def_front\cast_def_0_7372.jpeg,train,0,0.0026,0.0302,0.9132,0.1883
data_clean\train\def_front\cast_def_0_7373.jpeg,train,0,0.0006,0.9995,0.0003,0.0196
data_clean\train\def_front\cast_def_0_7374.jpeg,train,0,0.0044,0.0351,0.6219,0.3949
data_clean\train\def_front\cast_def_0_7376.jpeg,train,0,0.9994,0.2611,0.0047,0.9384
data_clean\train\def_front\cast_def_0_7381.jpeg,train,0,0.0218,0.0043,0.0074,0.9811
data_clean\train\def_front\cast_def_0_7382.jpeg,train,0,0.0006,0.0040,0.5906,0.6538
data_clean\train\def_front\cast_def_0_7385.jpeg,train,0,0.0009,0.0087,0.6445,0.3241
data_clean\train\def_front\cast_def_0_7387.jpeg,train,0,0.9999,0.2042,0.0861,0.5413
data_clean\train\def_front\cast_def_0_7388.jpeg,train,0,0.0008,0.1329,0.9572,0.0693
data_clean\train\def_front\cast_def_0_7390.jpeg,train,0,0.0004,0.9972,0.0006,0.0731
data_clean\train\def_front\cast_def_0_7392.jpeg,train,0,0.9998,0.0735,0.0007,0.9871
data_clean\train\def_front\cast_def_0_7393.jpeg,train,0,0.9211,0.0221,0.2571,0.2276
data_clean\train\def_front\cast_def_0_7394.jpeg,train,0,0.0007,0.0152,0.7440,0.2526
data_clean\train\def_front\cast_def_0_7395.jpeg,train,0,0.0871,0.1300,0.8594,0.2874
data_clean\train\def_front\cast_def_0_7396.jpeg,train,0,0.0010,0.1130,0.9294,0.1133
data_clean\train\def_front\cast_def_0_7397.jpeg,train,0,0.0006,0.0104,0.8131,0.1553
data_clean\train\def_front\cast_def_0_7398.jpeg,train,0,0.9999,0.3610,0.4497,0.3744
data_clean\train\def_front\cast_def_0_74.jpeg,train,0,0.0030,0.1026,0.5736,0.3507
data_clean\train\def_front\cast_def_0_7404.jpeg,train,0,0.2627,0.0152,0.0303,0.9435
data_clean\train\def_front\cast_def_0_7405.jpeg,train,0,0.9995,0.3084,0.0118,0.8562
data_clean\train\def_front\cast_def_0_7407.jpeg,train,0,0.9967,0.4969,0.4406,0.1545
data_clean\train\def_front\cast_def_0_7409.jpeg,train,0,0.9995,0.6391,0.9104,0.8923
data_clean\train\def_front\cast_def_0_7411.jpeg,train,0,0.0002,0.0050,0.0591,0.7474
data_clean\train\def_front\cast_def_0_7412.jpeg,train,0,0.0660,0.1223,0.8190,0.3298
data_clean\train\def_front\cast_def_0_7415.jpeg,train,0,0.1268,0.3304,0.8542,0.2762
data_clean\train\def_front\cast_def_0_7416.jpeg,train,0,0.9952,0.7251,0.7228,0.3048
data_clean\train\def_front\cast_def_0_7418.jpeg,train,0,0.0445,0.4207,0.8330,0.1874
data_clean\train\def_front\cast_def_0_7419.jpeg,train,0,0.0099,0.3895,0.8819,0.1539
data_clean\train\def_front\cast_def_0_7420.jpeg,train,0,0.0091,0.1444,0.9288,0.0660
data_clean\train\def_front\cast_def_0_7421.jpeg,train,0,0.9998,0.0950,0.0012,0.9769
data_clean\train\def_front\cast_def_0_7426.jpeg,train,0,0.0006,0.0598,0.8722,0.0825
data_clean\train\def_front\cast_def_0_7428.jpeg,train,0,0.0003,0.0021,0.7787,0.2356
data_clean\train\def_front\cast_def_0_7429.jpeg,train,0,0.0751,0.2085,0.8780,0.5926
data_clean\train\def_front\cast_def_0_743.jpeg,train,0,0.9992,0.2832,0.0032,0.9704
data_clean\train\def_front\cast_def_0_7430.jpeg,train,0,0.0056,0.1778,0.9106,0.0953
data_clean\train\def_front\cast_def_0_7431.jpeg,train,0,0.9999,0.1241,0.0283,0.7015
data_clean\train\def_front\cast_def_0_7432.jpeg,train,0,0.0008,0.0658,0.5569,0.3753
data_clean\train\def_front\cast_def_0_7433.jpeg,train,0,0.9999,0.2403,0.2420,0.4869
data_clean\train\def_front\cast_def_0_7435.jpeg,train,0,0.0003,0.0193,0.5948,0.1964
data_clean\train\def_front\cast_def_0_7437.jpeg,train,0,0.0004,0.9942,0.0028,0.0392
data_clean\train\def_front\cast_def_0_7439.jpeg,train,0,0.0072,0.0575,0.3785,0.5246
data_clean\train\def_front\cast_def_0_744.jpeg,train,0,1.0000,0.1986,0.1334,0.5244
data_clean\train\def_front\cast_def_0_7441.jpeg,train,1,0.0006,0.9936,0.0004,0.1041
data_clean\train\def_front\cast_def_0_7447.jpeg,train,0,0.0003,0.0160,0.6181,0.2194
data_clean\train\def_front\cast_def_0_7452.jpeg,train,0,0.0011,0.0425,0.8708,0.1108
data_clean\train\def_front\cast_def_0_7454.jpeg,train,0,0.9990,0.7405,0.9148,0.8092
data_clean\train\def_front\cast_def_0_7456.jpeg,train,0,1.0000,0.1636,0.1074,0.7598
data_clean\train\def_front\cast_def_0_7457.jpeg,train,0,0.0010,0.0508,0.7714,0.1062
data_clean\train\def_front\cast_def_0_7458.jpeg,train,0,0.0007,0.0724,0.8351,0.1712
data_clean\train\def_front\cast_def_0_7459.jpeg,train,0,0.0004,0.0201,0.7586,0.1753
data_clean\train\def_front\cast_def_0_7462.jpeg,train,0,0.0010,0.0132,0.8872,0.1438
data_clean\train\def_front\cast_def_0_7463.jpeg,train,0,0.0000,0.5214,0.9077,0.0083
data_clean\train\def_front\cast_def_0_7465.jpeg,train,0,0.0317,0.2672,0.7964,0.1556
data_clean\train\def_front\cast_def_0_7471.jpeg,train,0,0.9973,0.7160,0.7996,0.4680
data_clean\train\def_front\cast_def_0_7472.jpeg,train,0,0.0004,0.2479,0.7334,0.0586
data_clean\train\def_front\cast_def_0_7473.jpeg,train,0,0.0014,0.1296,0.7842,0.0672
data_clean\train\def_front\cast_def_0_7477.jpeg,train,1,0.9997,0.1539,0.0174,0.8220
data_clean\train\def_front\cast_def_0_7480.jpeg,train,0,0.9999,0.2282,0.0516,0.7978
data_clean\train\def_front\cast_def_0_7482.jpeg,train,0,0.0093,0.0124,0.4380,0.5323
data_clean\train\def_front\cast_def_0_7485.jpeg,train,0,0.0015,0.0120,0.5298,0.3106
data_clean\train\def_front\cast_def_0_7486.jpeg,train,0,0.0001,0.0397,0.6696,0.0746
data_clean\train\def_front\cast_def_0_7488.jpeg,train,0,0.0025,0.0331,0.7730,0.3705
data_clean\train\def_front\cast_def_0_7489.jpeg,train,0,0.0033,0.0168,0.5449,0.4626
data_clean\train\def_front\cast_def_0_7490.jpeg,train,0,0.0000,0.5684,0.8496,0.0052
data_clean\train\def_front\cast_def_0_7492.jpeg,train,0,0.9995,0.6639,0.8904,0.8225
data_clean\train\def_front\cast_def_0_7495.jpeg,train,0,0.0014,0.9874,0.0001,0.4574
data_clean\train\def_front\cast_def_0_7496.jpeg,train,0,0.0010,0.0247,0.7139,0.2897
data_clean\train\def_front\cast_def_0_750.jpeg,train,0,0.0002,0.0141,0.8864,0.1328
data_clean\train\def_front\cast_def_0_7501.jpeg,train,0,0.0008,0.0773,0.8460,0.0835
data_clean\train\def_front\cast_def_0_7505.jpeg,train,0,0.0004,0.9831,0.0102,0.0215
data_clean\train\def_front\cast_def_0_7508.jpeg,train,0,1.0000,0.0675,0.0163,0.4316
data_clean\train\def_front\cast_def_0_7513.jpeg,train,0,0.0039,0.0168,0.0042,0.9600
data_clean\train\def_front\cast_def_0_7515.jpeg,train,0,0.9998,0.2715,0.1517,0.5770
data_clean\train\def_front\cast_def_0_7516.jpeg,train,0,0.0004,0.0040,0.2370,0.6535
data_clean\train\def_front\cast_def_0_7522.jpeg,train,0,0.0003,0.0094,0.8892,0.0663
data_clean\train\def_front\cast_def_0_7524.jpeg,train,0,0.0000,0.4561,0.8574,0.0068
data_clean\train\def_front\cast_def_0_7527.jpeg,train,0,0.0003,0.0081,0.6324,0.2336
data_clean\train\def_front\cast_def_0_7528.jpeg,train,0,0.0006,0.0823,0.8941,0.0824
data_clean\train\def_front\cast_def_0_753.jpeg,train,0,0.9995,0.3380,0.0019,0.9516
data_clean\train\def_front\cast_def_0_7536.jpeg,train,0,0.0023,0.0782,0.7467,0.3399
data_clean\train\def_front\cast_def_0_7537.jpeg,train,1,1.0000,0.3704,0.5054,0.5579
data_clean\train\def_front\cast_def_0_754.jpeg,train,0,0.0007,0.9979,0.0003,0.0724
data_clean\train\def_front\cast_def_0_7541.jpeg,train,0,0.0003,0.0052,0.7809,0.3437
data_clean\train\def_front\cast_def_0_7543.jpeg,train,0,0.0000,0.6018,0.8630,0.0078
data_clean\train\def_front\cast_def_0_7544.jpeg,train,0,0.0057,0.1972,0.9109,0.0955
data_clean\train\def_front\cast_def_0_7545.jpeg,train,0,0.9983,0.5273,0.5192,0.4168
data_clean\train\def_front\cast_def_0_7547.jpeg,train,0,0.9999,0.0435,0.0010,0.9727
data_clean\train\def_front\cast_def_0_7548.jpeg,train,0,0.3194,0.0454,0.0109,0.9683
data_clean\train\def_front\cast_def_0_7551.jpeg,train,0,0.0005,0.1328,0.8475,0.0947
data_clean\train\def_front\cast_def_0_7553.jpeg,train,0,0.9998,0.1470,0.0593,0.4886
data_clean\train\def_front\cast_def_0_7555.jpeg,train,0,0.9999,0.0978,0.0009,0.9728
data_clean\train\def_front\cast_def_0_7556.jpeg,train,1,0.0009,0.0021,0.7528,0.3112
data_clean\train\def_front\cast_def_0_7561.jpeg,train,0,0.0056,0.0253,0.0065,0.9595
data_clean\train\def_front\cast_def_0_7565.jpeg,train,0,0.9977,0.6445,0.6514,0.2943
data_clean\train\def_front\cast_def_0_7569.jpeg,train,0,0.1093,0.0171,0.0249,0.9455
data_clean\train\def_front\cast_def_0_757.jpeg,train,0,0.0485,0.3858,0.8470,0.1637
data_clean\train\def_front\cast_def_0_7573.jpeg,train,0,0.9907,0.1209,0.3629,0.4016
data_clean\train\def_front\cast_def_0_7574.jpeg,train,0,0.9997,0.0681,0.0008,0.9725
data_clean\train\def_front\cast_def_0_7577.jpeg,train,0,0.0455,0.0625,0.1707,0.5162
data_clean\train\def_front\cast_def_0_7578.jpeg,train,0,0.0005,0.1128,0.3777,0.1794
data_clean\train\def_front\cast_def_0_758.jpeg,train,0,0.0053,0.0302,0.5523,0.5066
data_clean\train\def_front\cast_def_0_7580.jpeg,train,0,0.9999,0.3406,0.3020,0.6289
data_clean\train\def_front\cast_def_0_7581.jpeg,train,0,0.0064,0.0469,0.8044,0.2169
data_clean\train\def_front\cast_def_0_7582.jpeg,train,0,0.9951,0.6865,0.7489,0.2760
data_clean\train\def_front\cast_def_0_7583.jpeg,train,0,0.0000,0.5719,0.9104,0.0042
data_clean\train\def_front\cast_def_0_7584.jpeg,train,0,0.0031,0.0466,0.3405,0.6039
data_clean\train\def_front\cast_def_0_7587.jpeg,train,0,1.0000,0.3228,0.2792,0.5745
data_clean\train\def_front\cast_def_0_7590.jpeg,train,0,0.0003,0.0105,0.6395,0.2996
data_clean\train\def_front\cast_def_0_7592.jpeg,train,0,0.7990,0.0368,0.1613,0.8513
data_clean\train\def_front\cast_def_0_7596.jpeg,train,0,0.0003,0.0037,0.7090,0.4858
data_clean\train\def_front\cast_def_0_7597.jpeg,train,0,0.0002,0.0826,0.0070,0.7464
data_clean\train\def_front\cast_def_0_7600.jpeg,train,0,0.0236,0.0082,0.0027,0.9945
data_clean\train\def_front\cast_def_0_7605.jpeg,train,0,0.0008,0.0157,0.0374,0.8945
data_clean\train\def_front\cast_def_0_7608.jpeg,train,1,0.0002,0.0358,0.8173,0.0948
data_clean\train\def_front\cast_def_0_7609.jpeg,train,0,0.0006,0.0148,0.9509,0.0332
data_clean\train\def_front\cast_def_0_7610.jpeg,train,0,0.9981,0.3813,0.2198,0.7296
data_clean\train\def_front\cast_def_0_7614.jpeg,train,0,0.0002,0.1113,0.0062,0.8234
data_clean\train\def_front\cast_def_0_7615.jpeg,train,0,0.0005,0.1096,0.0127,0.8220
data_clean\train\def_front\cast_def_0_7618.jpeg,train,0,0.0001,0.3110,0.9519,0.0095
data_clean\train\def_front\cast_def_0_7620.jpeg,train,0,0.1454,0.4478,0.8661,0.2258
data_clean\train\def_front\cast_def_0_7622.jpeg,train,0,0.9939,0.4747,0.3792,0.4593
data_clean\train\def_front\cast_def_0_7625.jpeg,train,0,0.0045,0.0341,0.0065,0.9737
data_clean\train\def_front\cast_def_0_7627.jpeg,train,0,0.0001,0.0123,0.8093,0.1175
data_clean\train\def_front\cast_def_0_7628.jpeg,train,0,0.0674,0.3920,0.8878,0.3086
data_clean\train\def_front\cast_def_0_7630.jpeg,train,0,0.0034,0.1326,0.8144,0.0609
data_clean\train\def_front\cast_def_0_7632.jpeg,train,0,0.0004,0.9998,0.0001,0.0097
data_clean\train\def_front\cast_def_0_7633.jpeg,train,0,0.1383,0.2523,0.8575,0.4232
data_clean\train\def_front\cast_def_0_7635.jpeg,train,0,1.0000,0.0742,0.0136,0.9254
data_clean\train\def_front\cast_def_0_7636.jpeg,train,0,0.0026,0.1773,0.9421,0.0477
data_clean\train\def_front\cast_def_0_7637.jpeg,train,0,0.9999,0.3802,0.5008,0.6143
data_clean\train\def_front\cast_def_0_7638.jpeg,train,0,0.0016,0.3315,0.8277,0.0412
data_clean\train\def_front\cast_def_0_7640.jpeg,train,0,0.9999,0.2199,0.0646,0.8288
data_clean\train\def_front\cast_def_0_7641.jpeg,train,0,0.0006,0.0451,0.7065,0.1761
data_clean\train\def_front\cast_def_0_7644.jpeg,train,1,0.0000,0.7631,0.7715,0.0037
data_clean\train\def_front\cast_def_0_7648.jpeg,train,0,0.0144,0.0103,0.0030,0.9873
data_clean\train\def_front\cast_def_0_7649.jpeg,train,0,0.0024,0.0693,0.9710,0.0419
data_clean\train\def_front\cast_def_0_765.jpeg,train,0,1.0000,0.1391,0.0336,0.6193
data_clean\train\def_front\cast_def_0_7651.jpeg,train,0,0.0012,0.1794,0.0090,0.8588
data_clean\train\def_front\cast_def_0_7653.jpeg,train,0,0.9968,0.3178,0.0186,0.8522
data_clean\train\def_front\cast_def_0_7655.jpeg,train,0,0.0003,0.0512,0.7734,0.2079
data_clean\train\def_front\cast_def_0_7656.jpeg,train,0,0.9999,0.1885,0.1261,0.7466
data_clean\train\def_front\cast_def_0_766.jpeg,train,0,0.0499,0.0206,0.0008,0.9884
data_clean\train\def_front\cast_def_0_7662.jpeg,train,0,0.1579,0.5296,0.9099,0.2005
data_clean\train\def_front\cast_def_0_7664.jpeg,train,0,0.9804,0.7242,0.7934,0.1975
data_clean\train\def_front\cast_def_0_7667.jpeg,train,0,1.0000,0.3019,0.2285,0.5508
data_clean\train\def_front\cast_def_0_7669.jpeg,train,0,0.0051,0.0821,0.9619,0.0822
data_clean\train\def_front\cast_def_0_7672.jpeg,train,0,0.9997,0.3047,0.1305,0.4323
data_clean\train\def_front\cast_def_0_7673.jpeg,train,0,0.0164,0.0605,0.8887,0.1673
data_clean\train\def_front\cast_def_0_7675.jpeg,train,0,0.0004,0.0074,0.0221,0.9201
data_clean\train\def_front\cast_def_0_7676.jpeg,train,0,0.0036,0.9984,0.0002,0.0488
data_clean\train\def_front\cast_def_0_7677.jpeg,train,1,0.9963,0.7238,0.7812,0.3045
data_clean\train\def_front\cast_def_0_7679.jpeg,train,0,0.9937,0.3463,0.1036,0.8186
data_clean\train\def_front\cast_def_0_768.jpeg,train,0,0.9999,0.3065,0.1606,0.6259
data_clean\train\def_front\cast_def_0_7682.jpeg,train,0,1.0000,0.0428,0.0094,0.5270
data_clean\train\def_front\cast_def_0_7689.jpeg,train,0,0.9535,0.8165,0.8553,0.2350
data_clean\train\def_front\cast_def_0_769.jpeg,train,1,1.0000,0.1407,0.0374,0.6780
data_clean\train\def_front\cast_def_0_7692.jpeg,train,0,0.9962,0.1975,0.0795,0.8017
data_clean\train\def_front\cast_def_0_7693.jpeg,train,0,0.9994,0.5081,0.5890,0.4500
data_clean\train\def_front\cast_def_0_7694.jpeg,train,0,0.0174,0.0623,0.4093,0.6085
data_clean\train\def_front\cast_def_0_7696.jpeg,train,0,0.0004,0.2773,0.5673,0.0611
data_clean\train\def_front\cast_def_0_7699.jpeg,train,0,0.9995,0.6161,0.8874,0.8328
data_clean\train\def_front\cast_def_0_770.jpeg,train,0,0.0876,0.2978,0.8449,0.1747
data_clean\train\def_front\cast_def_0_7700.jpeg,train,0,0.0018,0.0209,0.0322,0.8393
data_clean\train\def_front\cast_def_0_7702.jpeg,train,0,0.0005,0.9984,0.0009,0.0303
data_clean\train\def_front\cast_def_0_7703.jpeg,train,0,0.9999,0.4036,0.5341,0.3889
data_clean\train\def_front\cast_def_0_7704.jpeg,train,0,0.9762,0.1885,0.3675,0.7282
data_clean\train\def_front\cast_def_0_7709.jpeg,train,0,0.0009,0.9949,0.0004,0.1209
data_clean\train\def_front\cast_def_0_7710.jpeg,train,0,0.0012,0.9759,0.0031,0.1120
data_clean\train\def_front\cast_def_0_7712.jpeg,train,0,0.0019,0.9767,0.0006,0.2946
data_clean\train\def_front\cast_def_0_7713.jpeg,train,0,0.9994,0.2144,0.0032,0.9462
data_clean\train\def_front\cast_def_0_7717.jpeg,train,0,0.9993,0.0863,0.0005,0.9873
data_clean\train\def_front\cast_def_0_7718.jpeg,train,0,0.0013,0.0203,0.0248,0.8975
data_clean\train\def_front\cast_def_0_772.jpeg,train,0,0.0024,0.0387,0.8854,0.1067
data_clean\train\def_front\cast_def_0_7726.jpeg,train,0,0.9992,0.1863,0.0455,0.8471
data_clean\train\def_front\cast_def_0_7727.jpeg,train,0,0.0003,0.0355,0.7841,0.1139
data_clean\train\def_front\cast_def_0_7728.jpeg,train,0,0.9999,0.3280,0.0936,0.7674
data_clean\train\def_front\cast_def_0_7730.jpeg,train,0,0.0006,0.0321,0.0040,0.9077
data_clean\train\def_front\cast_def_0_7733.jpeg,train,0,0.0062,0.0436,0.5023,0.5006
data_clean\train\def_front\cast_def_0_7734.jpeg,train,0,0.0028,0.9825,0.0001,0.5366
data_clean\train\def_front\cast_def_0_7737.jpeg,train,0,0.0042,0.0282,0.9168,0.1015
data_clean\train\def_front\cast_def_0_7739.jpeg,train,0,0.9980,0.5680,0.5851,0.1795
data_clean\train\def_front\cast_def_0_774.jpeg,train,0,0.0000,0.9996,0.0005,0.0042
data_clean\train\def_front\cast_def_0_7742.jpeg,train,0,0.9991,0.3457,0.2438,0.3111
data_clean\train\def_front\cast_def_0_7743.jpeg,train,0,0.0011,0.0548,0.5497,0.2742
data_clean\train\def_front\cast_def_0_7748.jpeg,train,0,0.0006,0.0748,0.8490,0.0401
data_clean\train\def_front\cast_def_0_7749.jpeg,train,0,0.0046,0.1180,0.6379,0.2406
data_clean\train\def_front\cast_def_0_7750.jpeg,train,0,0.0046,0.0039,0.0169,0.9520
data_clean\train\def_front\cast_def_0_7754.jpeg,train,0,0.9983,0.6928,0.9457,0.8065
data_clean\train\def_front\cast_def_0_7755.jpeg,train,0,0.0003,0.0506,0.9205,0.0313
data_clean\train\def_front\cast_def_0_7760.jpeg,train,0,0.9993,0.3171,0.2270,0.4233
data_clean\train\def_front\cast_def_0_7761.jpeg,train,0,0.0273,0.2141,0.4434,0.2991
data_clean\train\def_front\cast_def_0_7762.jpeg,train,0,1.0000,0.3112,0.3206,0.5174
data_clean\train\def_front\cast_def_0_7765.jpeg,train,0,0.0010,0.0281,0.8104,0.1181
data_clean\train\def_front\cast_def_0_7768.jpeg,train,0,0.0151,0.0034,0.0019,0.9939
data_clean\train\def_front\cast_def_0_7769.jpeg,train,0,1.0000,0.2683,0.1496,0.5192
data_clean\train\def_front\cast_def_0_777.jpeg,train,0,0.0006,0.0249,0.6026,0.2112
data_clean\train\def_front\cast_def_0_7770.jpeg,train,0,0.0351,0.0167,0.0017,0.9888
data_clean\train\def_front\cast_def_0_7771.jpeg,train,0,1.0000,0.2658,0.1782,0.6885
data_clean\train\def_front\cast_def_0_7773.jpeg,train,0,0.0009,0.1425,0.8703,0.0221
data_clean\train\def_front\cast_def_0_7774.jpeg,train,0,0.2480,0.3687,0.7960,0.4002
data_clean\train\def_front\cast_def_0_7776.jpeg,train,0,0.0101,0.0179,0.0028,0.9793
data_clean\train\def_front\cast_def_0_7777.jpeg,train,0,0.0004,0.0560,0.8890,0.0980
data_clean\train\def_front\cast_def_0_7778.jpeg,train,0,0.0437,0.3276,0.8370,0.1525
data_clean\train\def_front\cast_def_0_7779.jpeg,train,0,0.0010,0.1018,0.8486,0.1720
data_clean\train\def_front\cast_def_0_7780.jpeg,train,0,0.0061,0.2434,0.8826,0.1152
data_clean\train\def_front\cast_def_0_7783.jpeg,train,0,0.0056,0.1482,0.9082,0.2878
data_clean\train\def_front\cast_def_0_7789.jpeg,train,0,0.0000,0.0084,0.7247,0.1565
data_clean\train\def_front\cast_def_0_7796.jpeg,train,0,0.9998,0.0850,0.0017,0.9648
data_clean\train\def_front\cast_def_0_780.jpeg,train,0,0.0040,0.1325,0.8332,0.1434
data_clean\train\def_front\cast_def_0_7800.jpeg,train,0,0.0086,0.1196,0.5348,0.1162
data_clean\train\def_front\cast_def_0_7804.jpeg,train,0,0.9999,0.2234,0.0357,0.8406
data_clean\train\def_front\cast_def_0_7805.jpeg,train,0,0.9999,0.0769,0.0121,0.8767
data_clean\train\def_front\cast_def_0_7807.jpeg,train,0,0.9998,0.2611,0.0117,0.9205
data_clean\train\def_front\cast_def_0_7809.jpeg,train,0,0.0002,0.9976,0.0004,0.0355
data_clean\train\def_front\cast_def_0_7814.jpeg,train,0,0.9877,0.7941,0.8004,0.1898
data_clean\train\def_front\cast_def_0_7816.jpeg,train,0,0.0082,0.0932,0.5495,0.1422
data_clean\train\def_front\cast_def_0_7818.jpeg,train,0,0.9927,0.0915,0.2425,0.5923
data_clean\train\def_front\cast_def_0_782.jpeg,train,0,0.9998,0.0292,0.0007,0.9865
data_clean\train\def_front\cast_def_0_7820.jpeg,train,0,0.9989,0.8273,0.9829,0.8916
data_clean\train\def_front\cast_def_0_7822.jpeg,train,0,1.0000,0.3300,0.3935,0.6756
data_clean\train\def_front\cast_def_0_7825.jpeg,train,0,0.0001,0.0217,0.1126,0.4778
data_clean\train\def_front\cast_def_0_7826.jpeg,train,1,1.0000,0.1764,0.2335,0.5342
data_clean\train\def_front\cast_def_0_7827.jpeg,train,0,0.0009,0.0570,0.3915,0.4577
data_clean\train\def_front\cast_def_0_7831.jpeg,train,0,0.9998,0.4384,0.4629,0.3803
data_clean\train\def_front\cast_def_0_7845.jpeg,train,0,0.0006,0.0489,0.8104,0.0705
data_clean\train\def_front\cast_def_0_7847.jpeg,train,0,0.0011,0.0824,0.5590,0.3563
data_clean\train\def_front\cast_def_0_7850.jpeg,train,0,0.0000,0.9998,0.0002,0.0081
data_clean\train\def_front\cast_def_0_7851.jpeg,train,0,0.0010,0.9990,0.0002,0.0338
data_clean\train\def_front\cast_def_0_7853.jpeg,train,0,0.9994,0.5667,0.5697,0.3824
data_clean\train\def_front\cast_def_0_7854.jpeg,train,0,0.0007,0.0056,0.6845,0.1880
data_clean\train\def_front\cast_def_0_7855.jpeg,train,0,0.0456,0.0592,0.8302,0.3863
data_clean\train\def_front\cast_def_0_7856.jpeg,train,0,0.0000,0.4874,0.9438,0.0033
data_clean\train\def_front\cast_def_0_7858.jpeg,train,0,0.0000,0.9997,0.0004,0.0082
data_clean\train\def_front\cast_def_0_7859.jpeg,train,0,0.9998,0.1426,0.0033,0.9354
data_clean\train\def_front\cast_def_0_7860.jpeg,train,0,0.0673,0.0268,0.0005,0.9931
data_clean\train\def_front\cast_def_0_7863.jpeg,train,0,0.0001,0.9984,0.0003,0.0320
data_clean\train\def_front\cast_def_0_7865.jpeg,train,0,0.0065,0.0333,0.7254,0.4117
data_clean\train\def_front\cast_def_0_7870.jpeg,train,0,0.0094,0.3218,0.8563,0.0940
data_clean\train\def_front\cast_def_0_7872.jpeg,train,0,0.9995,0.0645,0.0015,0.9339
data_clean\train\def_front\cast_def_0_7873.jpeg,train,0,0.0156,0.0750,0.5581,0.4251
data_clean\train\def_front\cast_def_0_7875.jpeg,train,0,0.0014,0.0070,0.7452,0.3030
data_clean\train\def_front\cast_def_0_7878.jpeg,train,0,0.0033,0.1023,0.1394,0.6400
data_clean\train\def_front\cast_def_0_7881.jpeg,train,0,0.9998,0.2408,0.0255,0.9139
data_clean\train\def_front\cast_def_0_7884.jpeg,train,0,0.9989,0.7725,0.9708,0.8957
data_clean\train\def_front\cast_def_0_7885.jpeg,train,0,0.0037,0.2235,0.8011,0.0693
data_clean\train\def_front\cast_def_0_7887.jpeg,train,0,0.0015,0.1873,0.0043,0.8250
data_clean\train\def_front\cast_def_0_7888.jpeg,train,0,0.0004,0.9996,0.0004,0.0100
data_clean\train\def_front\cast_def_0_7892.jpeg,train,0,0.0002,0.1017,0.8616,0.0822
data_clean\train\def_front\cast_def_0_7895.jpeg,train,0,0.9999,0.1315,0.0008,0.9729
data_clean\train\def_front\cast_def_0_7896.jpeg,train,0,0.0005,0.0212,0.7205,0.1988
data_clean\train\def_front\cast_def_0_7898.jpeg,train,0,0.0004,0.0151,0.3713,0.5493
data_clean\train\def_front\cast_def_0_7906.jpeg,train,0,0.9999,0.1796,0.0935,0.5196
data_clean\train\def_front\cast_def_0_7907.jpeg,train,0,0.9996,0.2905,0.0013,0.9558
data_clean\train\def_front\cast_def_0_7909.jpeg,train,0,0.9986,0.3449,0.0064,0.9354
data_clean\train\def_front\cast_def_0_7910.jpeg,train,0,0.9998,0.2522,0.1278,0.5312
data_clean\train\def_front\cast_def_0_7911.jpeg,train,0,0.0259,0.1169,0.3691,0.1757
data_clean\train\def_front\cast_def_0_7915.jpeg,train,0,0.0002,0.0030,0.3766,0.4441
data_clean\train\def_front\cast_def_0_7917.jpeg,train,0,1.0000,0.0207,0.0060,0.6769
data_clean\train\def_front\cast_def_0_7921.jpeg,train,0,0.9993,0.7958,0.9676,0.8611
data_clean\train\def_front\cast_def_0_7928.jpeg,train,0,0.0002,0.0765,0.8338,0.0297
data_clean\train\def_front\cast_def_0_7929.jpeg,train,0,0.0002,0.0751,0.8211,0.0651
data_clean\train\def_front\cast_def_0_7931.jpeg,train,0,0.9988,0.7240,0.9405,0.7968
data_clean\train\def_front\cast_def_0_7933.jpeg,train,0,0.0002,0.0459,0.8446,0.1207
data_clean\train\def_front\cast_def_0_7935.jpeg,train,0,0.9936,0.7753,0.8001,0.3574
data_clean\train\def_front\cast_def_0_7937.jpeg,train,0,0.9992,0.3570,0.0314,0.8858
data_clean\train\def_front\cast_def_0_7939.jpeg,train,0,0.0000,0.6478,0.8976,0.0035
data_clean\train\def_front\cast_def_0_794.jpeg,train,0,0.9999,0.2631,0.2889,0.5709
data_clean\train\def_front\cast_def_0_7942.jpeg,train,0,0.0399,0.1666,0.8999,0.3664
data_clean\train\def_front\cast_def_0_7945.jpeg,train,0,0.0033,0.1097,0.9313,0.0305
data_clean\train\def_front\cast_def_0_7946.jpeg,train,0,0.9992,0.3532,0.0034,0.9474
data_clean\train\def_front\cast_def_0_7950.jpeg,train,0,0.0004,0.9879,0.0060,0.0273
data_clean\train\def_front\cast_def_0_7953.jpeg,train,0,0.0038,0.0763,0.6094,0.1401
data_clean\train\def_front\cast_def_0_7954.jpeg,train,0,0.9981,0.7370,0.9515,0.7892
data_clean\train\def_front\cast_def_0_7955.jpeg,train,0,0.0001,0.9980,0.0005,0.0276
data_clean\train\def_front\cast_def_0_796.jpeg,train,0,0.9996,0.6444,0.8630,0.6536
data_clean\train\def_front\cast_def_0_7967.jpeg,train,0,0.0003,0.1424,0.9391,0.0212
data_clean\train\def_front\cast_def_0_7970.jpeg,train,0,1.0000,0.1156,0.0528,0.8106
data_clean\train\def_front\cast_def_0_7973.jpeg,train,0,0.0000,0.4867,0.9065,0.0053
data_clean\train\def_front\cast_def_0_7974.jpeg,train,0,0.0023,0.9990,0.0001,0.0415
data_clean\train\def_front\cast_def_0_7976.jpeg,train,0,0.0042,0.0109,0.4081,0.6065
data_clean\train\def_front\cast_def_0_7977.jpeg,train,0,0.9990,0.4117,0.4642,0.3398
data_clean\train\def_front\cast_def_0_7978.jpeg,train,0,0.9992,0.1845,0.0102,0.8626
data_clean\train\def_front\cast_def_0_7979.jpeg,train,0,0.9998,0.3561,0.3924,0.4424
data_clean\train\def_front\cast_def_0_798.jpeg,train,0,0.0002,0.9991,0.0003,0.0157
data_clean\train\def_front\cast_def_0_7982.jpeg,train,0,0.9999,0.4274,0.3787,0.3782
data_clean\train\def_front\cast_def_0_7985.jpeg,train,0,0.9961,0.6973,0.7455,0.3100
data_clean\train\def_front\cast_def_0_7986.jpeg,train,0,0.9987,0.0725,0.0345,0.3407
data_clean\train\def_front\cast_def_0_7987.jpeg,train,0,1.0000,0.2172,0.1002,0.6366
data_clean\train\def_front\cast_def_0_7989.jpeg,train,0,0.0033,0.1279,0.6474,0.1108
data_clean\train\def_front\cast_def_0_799.jpeg,train,0,0.0004,0.0078,0.6714,0.3086
data_clean\train\def_front\cast_def_0_7990.jpeg,train,0,0.0002,0.0177,0.7970,0.1469
data_clean\train\def_front\cast_def_0_7992.jpeg,train,0,0.0019,0.0057,0.4301,0.5889
data_clean\train\def_front\cast_def_0_7993.jpeg,train,0,0.0316,0.0454,0.2080,0.4469
data_clean\train\def_front\cast_def_0_7995.jpeg,train,0,0.9992,0.5522,0.6113,0.3216
data_clean\train\def_front\cast_def_0_7996.jpeg,train,0,1.0000,0.3371,0.3835,0.6035
data_clean\train\def_front\cast_def_0_8.jpeg,train,0,0.0020,0.1553,0.5084,0.1444
data_clean\train\def_front\cast_def_0_8003.jpeg,train,0,0.9994,0.7654,0.9502,0.9059
data_clean\train\def_front\cast_def_0_8007.jpeg,train,0,0.0007,0.9995,0.0001,0.0292
data_clean\train\def_front\cast_def_0_8009.jpeg,train,0,0.9999,0.5067,0.6327,0.6112
data_clean\train\def_front\cast_def_0_801.jpeg,train,0,0.0040,0.0300,0.4191,0.4370
data_clean\train\def_front\cast_def_0_8011.jpeg,train,0,0.0134,0.1552,0.5813,0.2570
data_clean\train\def_front\cast_def_0_8021.jpeg,train,0,0.0003,0.1238,0.9309,0.0566
data_clean\train\def_front\cast_def_0_8022.jpeg,train,0,0.0027,0.0764,0.9158,0.1222
data_clean\train\def_front\cast_def_0_8024.jpeg,train,0,0.9998,0.1703,0.0438,0.7482
data_clean\train\def_front\cast_def_0_8025.jpeg,train,0,0.9998,0.1911,0.0192,0.8783
data_clean\train\def_front\cast_def_0_8026.jpeg,train,0,0.9996,0.0293,0.0013,0.9764
data_clean\train\def_front\cast_def_0_8027.jpeg,train,0,0.0014,0.0534,0.7070,0.1876
data_clean\train\def_front\cast_def_0_8029.jpeg,train,0,0.9986,0.2853,0.1019,0.6680
data_clean\train\def_front\cast_def_0_8032.jpeg,train,0,0.0002,0.0688,0.7715,0.0869
data_clean\train\def_front\cast_def_0_8038.jpeg,train,0,0.0006,0.9982,0.0002,0.0950
data_clean\train\def_front\cast_def_0_8041.jpeg,train,0,0.0174,0.0944,0.2312,0.6472
data_clean\train\def_front\cast_def_0_8043.jpeg,train,0,0.9985,0.7816,0.9514,0.7908
data_clean\train\def_front\cast_def_0_8046.jpeg,train,0,0.0002,0.9940,0.0003,0.1033
data_clean\train\def_front\cast_def_0_805.jpeg,train,0,0.0008,0.0693,0.6657,0.0773
data_clean\train\def_front\cast_def_0_8051.jpeg,train,0,0.0524,0.0720,0.0615,0.6702
data_clean\train\def_front\cast_def_0_8054.jpeg,train,0,0.0003,0.0368,0.8416,0.1798
data_clean\train\def_front\cast_def_0_8055.jpeg,train,1,0.9681,0.8202,0.8657,0.3058
data_clean\train\def_front\cast_def_0_8062.jpeg,train,0,0.0013,0.0001,0.1212,0.9509
data_clean\train\def_front\cast_def_0_8066.jpeg,train,0,0.0005,0.9952,0.0003,0.1358
data_clean\train\def_front\cast_def_0_8068.jpeg,train,0,0.9988,0.5151,0.5361,0.2886
data_clean\train\def_front\cast_def_0_8069.jpeg,train,0,0.0007,0.0061,0.6840,0.3343
data_clean\train\def_front\cast_def_0_8071.jpeg,train,0,0.0004,0.0230,0.6475,0.1653
data_clean\train\def_front\cast_def_0_8072.jpeg,train,0,0.9995,0.1394,0.0012,0.9680
data_clean\train\def_front\cast_def_0_8076.jpeg,train,0,0.9995,0.4526,0.4753,0.2995
data_clean\train\def_front\cast_def_0_8077.jpeg,train,0,0.9999,0.4437,0.5433,0.4468
data_clean\train\def_front\cast_def_0_8079.jpeg,train,0,0.9989,0.5170,0.5933,0.3857
data_clean\train\def_front\cast_def_0_808.jpeg,train,0,0.9995,0.2851,0.0008,0.9673
data_clean\train\def_front\cast_def_0_8083.jpeg,train,0,0.0000,0.4880,0.8985,0.0049
data_clean\train\def_front\cast_def_0_8085.jpeg,train,0,0.0356,0.2976,0.8700,0.1250
data_clean\train\def_front\cast_def_0_8088.jpeg,train,0,1.0000,0.0642,0.0222,0.5495
data_clean\train\def_front\cast_def_0_8089.jpeg,train,0,0.0003,0.0846,0.6329,0.0680
data_clean\train\def_front\cast_def_0_8093.jpeg,train,0,0.0024,0.1009,0.9480,0.0395
data_clean\train\def_front\cast_def_0_8094.jpeg,train,0,0.9995,0.7875,0.9715,0.8655
data_clean\train\def_front\cast_def_0_8099.jpeg,train,0,0.0013,0.0885,0.5328,0.0937
data_clean\train\def_front\cast_def_0_81.jpeg,train,0,0.0002,0.0811,0.6827,0.0893
data_clean\train\def_front\cast_def_0_810.jpeg,train,1,0.9951,0.8450,0.9817,0.8917
data_clean\train\def_front\cast_def_0_8101.jpeg,train,0,0.0038,0.4041,0.9012,0.0512
data_clean\train\def_front\cast_def_0_8104.jpeg,train,0,0.1912,0.4244,0.8257,0.2908
data_clean\train\def_front\cast_def_0_8105.jpeg,train,0,0.9999,0.3705,0.2056,0.7045
data_clean\train\def_front\cast_def_0_8106.jpeg,train,1,0.9998,0.1942,0.0027,0.9755
data_clean\train\def_front\cast_def_0_811.jpeg,train,0,0.0000,0.5217,0.8914,0.0062
data_clean\train\def_front\cast_def_0_8111.jpeg,train,1,0.0001,0.1000,0.6616,0.0651
data_clean\train\def_front\cast_def_0_8113.jpeg,train,0,0.9987,0.2382,0.0116,0.9238
data_clean\train\def_front\cast_def_0_8118.jpeg,train,0,0.0004,0.9704,0.0041,0.1213
data_clean\train\def_front\cast_def_0_8119.jpeg,train,0,0.0010,0.0579,0.8442,0.0466
data_clean\train\def_front\cast_def_0_812.jpeg,train,0,0.0007,0.0162,0.7829,0.2463
data_clean\train\def_front\cast_def_0_8121.jpeg,train,0,0.0004,0.0443,0.7246,0.1431
data_clean\train\def_front\cast_def_0_8122.jpeg,train,0,0.9999,0.2478,0.0401,0.7792
data_clean\train\def_front\cast_def_0_8123.jpeg,train,0,0.0002,0.9863,0.0217,0.0144
data_clean\train\def_front\cast_def_0_8125.jpeg,train,0,0.0002,0.0372,0.0192,0.8229
data_clean\train\def_front\cast_def_0_8126.jpeg,train,0,0.0000,0.5184,0.9058,0.0052
data_clean\train\def_front\cast_def_0_8129.jpeg,train,0,0.0319,0.1092,0.1199,0.5460
data_clean\train\def_front\cast_def_0_8131.jpeg,train,0,0.0077,0.0045,0.0029,0.9916
data_clean\train\def_front\cast_def_0_8133.jpeg,train,0,0.9985,0.7239,0.9006,0.7196
data_clean\train\def_front\cast_def_0_8134.jpeg,train,0,0.0005,0.0456,0.8314,0.0572
data_clean\train\def_front\cast_def_0_8137.jpeg,train,0,0.9995,0.2098,0.1486,0.4321
data_clean\train\def_front\cast_def_0_8139.jpeg,train,0,0.0011,0.0059,0.9135,0.1524
data_clean\train\def_front\cast_def_0_8149.jpeg,train,0,0.0007,0.0038,0.7620,0.5068
data_clean\train\def_front\cast_def_0_815.jpeg,train,0,0.0021,0.9731,0.0002,0.5407
data_clean\train\def_front\cast_def_0_8156.jpeg,train,0,0.0003,0.0037,0.8532,0.1668
data_clean\train\def_front\cast_def_0_8161.jpeg,train,0,0.0013,0.0071,0.6225,0.4043
data_clean\train\def_front\cast_def_0_8167.jpeg,train,0,0.0003,0.0305,0.0331,0.8124
data_clean\train\def_front\cast_def_0_8170.jpeg,train,0,0.0019,0.1198,0.8551,0.0670
data_clean\train\def_front\cast_def_0_8171.jpeg,train,0,0.0007,0.0101,0.8126,0.2460
data_clean\train\def_front\cast_def_0_8172.jpeg,train,0,0.0001,0.1115,0.0091,0.7573
data_clean\train\def_front\cast_def_0_8175.jpeg,train,0,0.0288,0.4514,0.8657,0.1584
data_clean\train\def_front\cast_def_0_8177.jpeg,train,0,0.9986,0.6579,0.7020,0.3407
data_clean\train\def_front\cast_def_0_8179.jpeg,train,0,0.0010,0.1264,0.7863,0.0559
data_clean\train\def_front\cast_def_0_818.jpeg,train,0,0.0000,0.6835,0.9014,0.0033
data_clean\train\def_front\cast_def_0_8180.jpeg,train,0,0.9933,0.8117,0.9389,0.6337
data_clean\train\def_front\cast_def_0_8182.jpeg,train,0,0.9998,0.0503,0.0012,0.9856
data_clean\train\def_front\cast_def_0_8186.jpeg,train,0,0.0004,0.9980,0.0003,0.0583
data_clean\train\def_front\cast_def_0_8187.jpeg,train,0,0.0109,0.1758,0.6413,0.0878
data_clean\train\def_front\cast_def_0_8188.jpeg,train,0,0.9990,0.5560,0.5475,0.3266
data_clean\train\def_front\cast_def_0_819.jpeg,train,0,0.9996,0.1431,0.0148,0.8347
data_clean\train\def_front\cast_def_0_8191.jpeg,train,0,0.9977,0.6134,0.5368,0.1977
data_clean\train\def_front\cast_def_0_8192.jpeg,train,0,0.1143,0.5205,0.8840,0.2107
data_clean\train\def_front\cast_def_0_8194.jpeg,train,0,0.0000,1.0000,0.0004,0.0013
data_clean\train\def_front\cast_def_0_8195.jpeg,train,0,0.9996,0.4599,0.5639,0.3234
data_clean\train\def_front\cast_def_0_82.jpeg,train,0,0.0007,0.9865,0.0116,0.0310
data_clean\train\def_front\cast_def_0_8201.jpeg,train,0,0.0007,0.0361,0.0141,0.9181
data_clean\train\def_front\cast_def_0_8203.jpeg,train,1,0.0067,0.1022,0.6129,0.3415
data_clean\train\def_front\cast_def_0_8213.jpeg,train,0,0.0000,0.9998,0.0002,0.0060
data_clean\train\def_front\cast_def_0_8215.jpeg,train,0,0.1624,0.4342,0.8047,0.2060
data_clean\train\def_front\cast_def_0_8218.jpeg,train,0,0.0005,0.1211,0.8938,0.0620
data_clean\train\def_front\cast_def_0_8219.jpeg,train,0,0.0057,0.0860,0.8858,0.0536
data_clean\train\def_front\cast_def_0_822.jpeg,train,1,0.0038,0.9988,0.0002,0.0632
data_clean\train\def_front\cast_def_0_8220.jpeg,train,0,0.9954,0.7258,0.8085,0.3855
data_clean\train\def_front\cast_def_0_8222.jpeg,train,0,0.0025,0.2238,0.8208,0.0508
data_clean\train\def_front\cast_def_0_8226.jpeg,train,0,0.0510,0.4164,0.8639,0.1322
data_clean\train\def_front\cast_def_0_8227.jpeg,train,0,0.0003,0.0178,0.6873,0.2340
data_clean\train\def_front\cast_def_0_8228.jpeg,train,0,0.0931,0.0474,0.7398,0.3991
data_clean\train\def_front\cast_def_0_8229.jpeg,train,0,0.0051,0.0294,0.4529,0.4847
data_clean\train\def_front\cast_def_0_8232.jpeg,train,1,0.9999,0.1084,0.0015,0.9753
data_clean\train\def_front\cast_def_0_8236.jpeg,train,0,0.0000,0.5448,0.9288,0.0051
data_clean\train\def_front\cast_def_0_8238.jpeg,train,0,0.9991,0.8105,0.9692,0.8956
data_clean\train\def_front\cast_def_0_8239.jpeg,train,0,0.0000,0.6452,0.8184,0.0064
data_clean\train\def_front\cast_def_0_8240.jpeg,train,0,0.9972,0.7834,0.8895,0.3179
data_clean\train\def_front\cast_def_0_8243.jpeg,train,0,0.9991,0.7626,0.9594,0.9024
data_clean\train\def_front\cast_def_0_8245.jpeg,train,0,0.0166,0.1064,0.8399,0.3670
data_clean\train\def_front\cast_def_0_8246.jpeg,train,0,1.0000,0.0474,0.0059,0.9405
data_clean\train\def_front\cast_def_0_8247.jpeg,train,0,0.0008,0.0026,0.6511,0.6730
data_clean\train\def_front\cast_def_0_8252.jpeg,train,0,0.9999,0.3137,0.4794,0.5626
data_clean\train\def_front\cast_def_0_8256.jpeg,train,0,0.0008,0.0876,0.7750,0.0574
data_clean\train\def_front\cast_def_0_8257.jpeg,train,0,0.0003,0.0965,0.0101,0.7443
data_clean\train\def_front\cast_def_0_8258.jpeg,train,0,0.0005,0.0140,0.8051,0.1709
data_clean\train\def_front\cast_def_0_8259.jpeg,train,0,0.9999,0.0574,0.0011,0.9718
data_clean\train\def_front\cast_def_0_826.jpeg,train,0,0.0012,0.1639,0.7859,0.1006
data_clean\train\def_front\cast_def_0_8260.jpeg,train,0,0.9995,0.3403,0.0028,0.9197
data_clean\train\def_front\cast_def_0_8265.jpeg,train,0,0.9994,0.2895,0.0031,0.9485
data_clean\train\def_front\cast_def_0_8266.jpeg,train,0,0.0002,0.0261,0.9005,0.0589
data_clean\train\def_front\cast_def_0_8267.jpeg,train,0,0.9999,0.0379,0.0005,0.9825
data_clean\train\def_front\cast_def_0_8269.jpeg,train,0,0.0006,0.0191,0.0161,0.8766
data_clean\train\def_front\cast_def_0_827.jpeg,train,1,0.9998,0.0624,0.0046,0.9477
data_clean\train\def_front\cast_def_0_8272.jpeg,train,1,0.0049,0.1968,0.9367,0.0337
data_clean\train\def_front\cast_def_0_8277.jpeg,train,0,0.9990,0.6846,0.8511,0.6334
data_clean\train\def_front\cast_def_0_8286.jpeg,train,0,0.0002,0.0427,0.5706,0.1474
data_clean\train\def_front\cast_def_0_8288.jpeg,train,0,0.9984,0.0927,0.0168,0.7292
data_clean\train\def_front\cast_def_0_8290.jpeg,train,0,1.0000,0.0597,0.0044,0.9552
data_clean\train\def_front\cast_def_0_8294.jpeg,train,0,0.9998,0.1607,0.0020,0.9661
data_clean\train\def_front\cast_def_0_8295.jpeg,train,0,0.0453,0.1583,0.8581,0.3028
data_clean\train\def_front\cast_def_0_8298.jpeg,train,0,0.9998,0.1891,0.0156,0.9321
data_clean\train\def_front\cast_def_0_8302.jpeg,train,0,0.0000,0.9995,0.0016,0.0057
data_clean\train\def_front\cast_def_0_8305.jpeg,train,1,1.0000,0.0786,0.0515,0.3834
data_clean\train\def_front\cast_def_0_8306.jpeg,train,0,0.9983,0.5132,0.3414,0.3935
data_clean\train\def_front\cast_def_0_8308.jpeg,train,0,0.0001,0.0091,0.8018,0.1571
data_clean\train\def_front\cast_def_0_8312.jpeg,train,0,0.0004,0.0035,0.6006,0.6054
data_clean\train\def_front\cast_def_0_8318.jpeg,train,0,0.9998,0.3776,0.2755,0.5830
data_clean\train\def_front\cast_def_0_832.jpeg,train,0,0.0020,0.0713,0.9259,0.0903
data_clean\train\def_front\cast_def_0_8320.jpeg,train,0,0.0002,0.0222,0.8169,0.1166
data_clean\train\def_front\cast_def_0_8322.jpeg,train,0,0.9999,0.1323,0.0416,0.7499
data_clean\train\def_front\cast_def_0_8323.jpeg,train,0,0.9957,0.7305,0.7817,0.2467
data_clean\train\def_front\cast_def_0_8328.jpeg,train,0,0.0002,0.0473,0.9383,0.0187
data_clean\train\def_front\cast_def_0_8329.jpeg,train,0,0.0012,0.0855,0.6898,0.0879
data_clean\train\def_front\cast_def_0_8331.jpeg,train,0,0.0013,0.1275,0.6083,0.1027
data_clean\train\def_front\cast_def_0_8333.jpeg,train,0,0.0037,0.2538,0.8970,0.1443
data_clean\train\def_front\cast_def_0_8338.jpeg,train,0,0.0000,0.7022,0.8375,0.0034
data_clean\train\def_front\cast_def_0_8344.jpeg,train,0,0.0001,0.1228,0.6182,0.0522
data_clean\train\def_front\cast_def_0_8347.jpeg,train,0,0.0014,0.2834,0.6221,0.0942
data_clean\train\def_front\cast_def_0_8348.jpeg,train,0,0.0078,0.0340,0.8533,0.1817
data_clean\train\def_front\cast_def_0_8349.jpeg,train,0,0.0004,0.0093,0.8651,0.1492
data_clean\train\def_front\cast_def_0_835.jpeg,train,0,0.9989,0.4329,0.4013,0.2821
data_clean\train\def_front\cast_def_0_8351.jpeg,train,0,0.9968,0.6553,0.7053,0.3011
data_clean\train\def_front\cast_def_0_8354.jpeg,train,0,0.0018,0.1364,0.6362,0.0787
data_clean\train\def_front\cast_def_0_8355.jpeg,train,0,0.0012,0.0190,0.8199,0.1775
data_clean\train\def_front\cast_def_0_8356.jpeg,train,0,0.9889,0.8296,0.8304,0.2806
data_clean\train\def_front\cast_def_0_8358.jpeg,train,0,0.0044,0.2034,0.8646,0.1267
data_clean\train\def_front\cast_def_0_8359.jpeg,train,0,0.9995,0.7586,0.9681,0.8673
data_clean\train\def_front\cast_def_0_8362.jpeg,train,0,0.0094,0.1175,0.7234,0.0864
data_clean\train\def_front\cast_def_0_837.jpeg,train,0,0.0005,0.0001,0.0606,0.9292
data_clean\train\def_front\cast_def_0_8371.jpeg,train,0,0.0019,0.0038,0.0242,0.9105
data_clean\train\def_front\cast_def_0_8373.jpeg,train,0,0.0004,0.9988,0.0002,0.0579
data_clean\train\def_front\cast_def_0_8376.jpeg,train,0,0.9998,0.1859,0.0015,0.9757
data_clean\train\def_front\cast_def_0_8377.jpeg,train,0,0.9997,0.0852,0.0014,0.9655
data_clean\train\def_front\cast_def_0_8378.jpeg,train,0,0.9988,0.4171,0.2229,0.4410
data_clean\train\def_front\cast_def_0_838.jpeg,train,0,0.1334,0.3509,0.8418,0.2691
data_clean\train\def_front\cast_def_0_8381.jpeg,train,1,0.9996,0.2572,0.0044,0.9531
data_clean\train\def_front\cast_def_0_8383.jpeg,train,0,0.0014,0.0785,0.9208,0.0805
data_clean\train\def_front\cast_def_0_8384.jpeg,train,0,0.0001,0.3740,0.8817,0.0078
data_clean\train\def_front\cast_def_0_8385.jpeg,train,0,0.9999,0.3422,0.2836,0.4071
data_clean\train\def_front\cast_def_0_8386.jpeg,train,0,0.0047,0.1648,0.9252,0.1415
data_clean\train\def_front\cast_def_0_8392.jpeg,train,0,0.9999,0.1939,0.0644,0.5404
data_clean\train\def_front\cast_def_0_840.jpeg,train,0,0.9990,0.7906,0.9601,0.8762
data_clean\train\def_front\cast_def_0_8401.jpeg,train,0,0.0605,0.0410,0.1559,0.5423
data_clean\train\def_front\cast_def_0_8403.jpeg,train,0,0.9984,0.4918,0.5979,0.4367
data_clean\train\def_front\cast_def_0_8408.jpeg,train,0,0.0946,0.4662,0.8940,0.1728
data_clean\train\def_front\cast_def_0_8409.jpeg,train,0,0.9952,0.3344,0.0128,0.8728
data_clean\train\def_front\cast_def_0_841.jpeg,train,0,0.9989,0.3903,0.0040,0.9146
data_clean\train\def_front\cast_def_0_8411.jpeg,train,0,0.0005,0.0083,0.8416,0.1488
data_clean\train\def_front\cast_def_0_8412.jpeg,train,0,0.0016,0.9915,0.0007,0.1515
data_clean\train\def_front\cast_def_0_8413.jpeg,train,0,0.0002,0.2812,0.7240,0.0359
data_clean\train\def_front\cast_def_0_8415.jpeg,train,0,0.9986,0.6615,0.8522,0.6511
data_clean\train\def_front\cast_def_0_8416.jpeg,train,0,0.9927,0.7742,0.8150,0.2865
data_clean\train\def_front\cast_def_0_8417.jpeg,train,0,0.9985,0.1691,0.0414,0.7990
data_clean\train\def_front\cast_def_0_8418.jpeg,train,0,0.0005,0.9873,0.0008,0.1815
data_clean\train\def_front\cast_def_0_8420.jpeg,train,0,1.0000,0.2162,0.0564,0.6204
data_clean\train\def_front\cast_def_0_8426.jpeg,train,0,0.0002,0.1209,0.9268,0.0154
data_clean\train\def_front\cast_def_0_8428.jpeg,train,0,0.0191,0.0083,0.0024,0.9930
data_clean\train\def_front\cast_def_0_8431.jpeg,train,0,0.0007,0.0605,0.7846,0.1511
data_clean\train\def_front\cast_def_0_8433.jpeg,train,0,0.0011,0.0191,0.8274,0.1332
data_clean\train\def_front\cast_def_0_8434.jpeg,train,0,1.0000,0.0586,0.0048,0.9265
data_clean\train\def_front\cast_def_0_8436.jpeg,train,0,0.0227,0.4443,0.8368,0.1018
data_clean\train\def_front\cast_def_0_8438.jpeg,train,0,0.0025,0.0189,0.9089,0.0746
data_clean\train\def_front\cast_def_0_8441.jpeg,train,0,0.0004,0.0184,0.6094,0.2007
data_clean\train\def_front\cast_def_0_8442.jpeg,train,0,0.9998,0.2016,0.0303,0.8057
data_clean\train\def_front\cast_def_0_8446.jpeg,train,0,0.0017,0.0030,0.6523,0.4413
data_clean\train\def_front\cast_def_0_8448.jpeg,train,0,0.9990,0.1962,0.1037,0.5737
data_clean\train\def_front\cast_def_0_8451.jpeg,train,0,0.9999,0.1460,0.0013,0.9702
data_clean\train\def_front\cast_def_0_8452.jpeg,train,0,0.0002,0.9952,0.0051,0.0125
data_clean\train\def_front\cast_def_0_8453.jpeg,train,0,0.9999,0.0913,0.0371,0.5769
data_clean\train\def_front\cast_def_0_8455.jpeg,train,0,0.0004,0.0083,0.7599,0.1828
data_clean\train\def_front\cast_def_0_8459.jpeg,train,0,0.0063,0.0719,0.0067,0.9498
data_clean\train\def_front\cast_def_0_846.jpeg,train,0,0.0000,0.6067,0.8975,0.0067
data_clean\train\def_front\cast_def_0_8460.jpeg,train,1,0.9996,0.6700,0.8913,0.7985
data_clean\train\def_front\cast_def_0_8463.jpeg,train,0,0.0469,0.4750,0.8746,0.2103
data_clean\train\def_front\cast_def_0_8466.jpeg,train,0,0.0011,0.9983,0.0000,0.0906
data_clean\train\def_front\cast_def_0_8470.jpeg,train,0,0.0828,0.4069,0.8420,0.1728
data_clean\train\def_front\cast_def_0_8474.jpeg,train,0,0.0002,0.0126,0.7395,0.2074
data_clean\train\def_front\cast_def_0_8475.jpeg,train,1,0.9986,0.1467,0.0030,0.9447
data_clean\train\def_front\cast_def_0_8477.jpeg,train,0,0.0764,0.1892,0.2299,0.1982
data_clean\train\def_front\cast_def_0_8478.jpeg,train,0,0.0002,0.0490,0.7858,0.1028
data_clean\train\def_front\cast_def_0_848.jpeg,train,0,0.0017,0.0061,0.0121,0.9389
data_clean\train\def_front\cast_def_0_8481.jpeg,train,0,0.9997,0.3393,0.2082,0.7510
data_clean\train\def_front\cast_def_0_8482.jpeg,train,1,0.9976,0.5781,0.5742,0.3214
data_clean\train\def_front\cast_def_0_8483.jpeg,train,0,0.9972,0.2282,0.0109,0.9016
data_clean\train\def_front\cast_def_0_8487.jpeg,train,0,0.0099,0.1075,0.9085,0.0553
data_clean\train\def_front\cast_def_0_8488.jpeg,train,0,0.0007,0.0621,0.5768,0.1763
data_clean\train\def_front\cast_def_0_8493.jpeg,train,0,0.9997,0.1651,0.0315,0.7044
data_clean\train\def_front\cast_def_0_8495.jpeg,train,0,0.0007,0.9881,0.0051,0.0608
data_clean\train\def_front\cast_def_0_8498.jpeg,train,0,0.9999,0.1217,0.0404,0.9013
data_clean\train\def_front\cast_def_0_8499.jpeg,train,0,0.9978,0.8117,0.9749,0.8948
data_clean\train\def_front\cast_def_0_8501.jpeg,train,1,0.0010,0.0740,0.7037,0.1403
data_clean\train\def_front\cast_def_0_8503.jpeg,train,0,0.0045,0.0570,0.8730,0.1090
data_clean\train\def_front\cast_def_0_8504.jpeg,train,0,0.0320,0.2146,0.9235,0.2087
data_clean\train\def_front\cast_def_0_8505.jpeg,train,0,0.0062,0.1200,0.9547,0.1122
data_clean\train\def_front\cast_def_0_8506.jpeg,train,0,0.0021,0.2172,0.8724,0.0514
data_clean\train\def_front\cast_def_0_8516.jpeg,train,0,0.0009,0.0020,0.3777,0.8338
data_clean\train\def_front\cast_def_0_8517.jpeg,train,0,0.0022,0.2529,0.9462,0.0253
data_clean\train\def_front\cast_def_0_8521.jpeg,train,0,0.0006,0.0210,0.6365,0.1710
data_clean\train\def_front\cast_def_0_8525.jpeg,train,0,0.9988,0.7601,0.8973,0.6215
data_clean\train\def_front\cast_def_0_8527.jpeg,train,0,0.0006,0.0077,0.6217,0.2120
data_clean\train\def_front\cast_def_0_8529.jpeg,train,0,0.0010,0.1207,0.7295,0.0521
data_clean\train\def_front\cast_def_0_853.jpeg,train,0,0.0002,0.0110,0.8066,0.1539
data_clean\train\def_front\cast_def_0_8532.jpeg,train,0,0.0001,0.0062,0.6583,0.1917
data_clean\train\def_front\cast_def_0_8533.jpeg,train,0,0.9990,0.3912,0.2523,0.3242
data_clean\train\def_front\cast_def_0_8535.jpeg,train,0,0.0006,0.1221,0.8743,0.0651
data_clean\train\def_front\cast_def_0_854.jpeg,train,0,1.0000,0.0766,0.0220,0.9009
data_clean\train\def_front\cast_def_0_8541.jpeg,train,0,0.0001,0.9997,0.0001,0.0121
data_clean\train\def_front\cast_def_0_8542.jpeg,train,0,0.0000,0.4145,0.9523,0.0043
data_clean\train\def_front\cast_def_0_8543.jpeg,train,1,0.9999,0.3149,0.2794,0.3638
data_clean\train\def_front\cast_def_0_8544.jpeg,train,0,0.9988,0.7588,0.9624,0.8793
data_clean\train\def_front\cast_def_0_8546.jpeg,train,0,0.0006,0.1041,0.8831,0.0575
data_clean\train\def_front\cast_def_0_8548.jpeg,train,0,0.0002,0.0191,0.6732,0.2709
data_clean\train\def_front\cast_def_0_8550.jpeg,train,0,0.0007,0.1981,0.7400,0.0380
data_clean\train\def_front\cast_def_0_8555.jpeg,train,0,0.0141,0.0200,0.0025,0.9904
data_clean\train\def_front\cast_def_0_8557.jpeg,train,0,0.0003,0.0577,0.7548,0.0887
data_clean\train\def_front\cast_def_0_8558.jpeg,train,0,0.9999,0.4766,0.7002,0.5935
data_clean\train\def_front\cast_def_0_8560.jpeg,train,0,0.0005,0.9981,0.0002,0.0718
data_clean\train\def_front\cast_def_0_8561.jpeg,train,0,0.0004,0.0351,0.7992,0.2091
data_clean\train\def_front\cast_def_0_8567.jpeg,train,0,0.9988,0.5247,0.4797,0.3214
data_clean\train\def_front\cast_def_0_857.jpeg,train,0,1.0000,0.1647,0.0649,0.5226
data_clean\train\def_front\cast_def_0_8570.jpeg,train,0,0.0054,0.0006,0.0925,0.9176
data_clean\train\def_front\cast_def_0_8571.jpeg,train,0,0.9995,0.4034,0.3915,0.3417
data_clean\train\def_front\cast_def_0_8576.jpeg,train,0,0.9999,0.4268,0.4307,0.4591
data_clean\train\def_front\cast_def_0_8581.jpeg,train,0,0.0003,0.1016,0.8943,0.0718
data_clean\train\def_front\cast_def_0_8583.jpeg,train,0,0.0056,0.3441,0.8965,0.1328
data_clean\train\def_front\cast_def_0_8594.jpeg,train,0,0.0002,0.0114,0.8280,0.1780
data_clean\train\def_front\cast_def_0_8597.jpeg,train,0,0.0003,0.9886,0.0052,0.0251
data_clean\train\def_front\cast_def_0_8598.jpeg,train,0,1.0000,0.2136,0.0791,0.6373
data_clean\train\def_front\cast_def_0_8599.jpeg,train,0,0.9999,0.0502,0.0013,0.9540
data_clean\train\def_front\cast_def_0_860.jpeg,train,0,0.0005,0.0560,0.0172,0.5963
data_clean\train\def_front\cast_def_0_8603.jpeg,train,0,0.0210,0.0392,0.0078,0.9735
data_clean\train\def_front\cast_def_0_8604.jpeg,train,0,0.0001,0.1379,0.9407,0.0183
data_clean\train\def_front\cast_def_0_8605.jpeg,train,0,0.0026,0.0079,0.0087,0.9621
data_clean\train\def_front\cast_def_0_8606.jpeg,train,0,1.0000,0.3157,0.3532,0.6175
data_clean\train\def_front\cast_def_0_8609.jpeg,train,0,1.0000,0.1408,0.0467,0.6460
data_clean\train\def_front\cast_def_0_8610.jpeg,train,0,0.9999,0.0667,0.0085,0.9289
data_clean\train\def_front\cast_def_0_8611.jpeg,train,0,0.0002,0.0707,0.9233,0.0195
data_clean\train\def_front\cast_def_0_8612.jpeg,train,1,0.0058,0.0374,0.7151,0.5680
data_clean\train\def_front\cast_def_0_8615.jpeg,train,0,0.0003,0.0018,0.7252,0.5392
data_clean\train\def_front\cast_def_0_8616.jpeg,train,0,0.0023,0.0379,0.4163,0.4752
data_clean\train\def_front\cast_def_0_8617.jpeg,train,0,0.0003,0.0048,0.6849,0.3465
data_clean\train\def_front\cast_def_0_8620.jpeg,train,0,0.0010,0.0177,0.8086,0.2217
data_clean\train\def_front\cast_def_0_8621.jpeg,train,0,0.0017,0.1044,0.8353,0.0568
data_clean\train\def_front\cast_def_0_8622.jpeg,train,0,0.9994,0.1462,0.0050,0.8819
data_clean\train\def_front\cast_def_0_8626.jpeg,train,0,0.0006,0.0080,0.9337,0.0491
data_clean\train\def_front\cast_def_0_8630.jpeg,train,0,0.0023,0.1104,0.9525,0.0916
data_clean\train\def_front\cast_def_0_8631.jpeg,train,0,0.0139,0.1420,0.9261,0.0786
data_clean\train\def_front\cast_def_0_8634.jpeg,train,0,0.0333,0.0844,0.8155,0.4356
data_clean\train\def_front\cast_def_0_8638.jpeg,train,0,0.0007,0.0493,0.8807,0.0998
data_clean\train\def_front\cast_def_0_8639.jpeg,train,0,0.9999,0.2596,0.2899,0.4790
data_clean\train\def_front\cast_def_0_8640.jpeg,train,0,0.0039,0.0587,0.4950,0.1702
data_clean\train\def_front\cast_def_0_8641.jpeg,train,0,0.0439,0.0880,0.8655,0.3340
data_clean\train\def_front\cast_def_0_8643.jpeg,train,0,0.9982,0.2955,0.0031,0.9531
data_clean\train\def_front\cast_def_0_8644.jpeg,train,0,0.0004,0.0050,0.6090,0.3522
data_clean\train\def_front\cast_def_0_8647.jpeg,train,0,0.0000,0.6053,0.8918,0.0048
data_clean\train\def_front\cast_def_0_8651.jpeg,train,1,0.0027,0.2844,0.9039,0.0742
data_clean\train\def_front\cast_def_0_8652.jpeg,train,0,0.0008,0.0199,0.0112,0.9175
data_clean\train\def_front\cast_def_0_8654.jpeg,train,0,0.9518,0.1461,0.4546,0.5159
data_clean\train\def_front\cast_def_0_8656.jpeg,train,0,0.0116,0.0487,0.4678,0.5673
data_clean\train\def_front\cast_def_0_8658.jpeg,train,0,0.9999,0.0839,0.0165,0.9558
data_clean\train\def_front\cast_def_0_8659.jpeg,train,0,0.0002,0.1194,0.9398,0.0161
data_clean\train\def_front\cast_def_0_866.jpeg,train,0,1.0000,0.0383,0.0155,0.3977
data_clean\train\def_front\cast_def_0_8661.jpeg,train,0,0.0029,0.1120,0.9587,0.0363
data_clean\train\def_front\cast_def_0_8662.jpeg,train,0,0.9993,0.6458,0.8513,0.6444
data_clean\train\def_front\cast_def_0_8671.jpeg,train,0,0.9981,0.7470,0.8899,0.6599
data_clean\train\def_front\cast_def_0_8673.jpeg,train,0,0.0026,0.2462,0.9373,0.0243
data_clean\train\def_front\cast_def_0_8679.jpeg,train,0,0.0003,0.1688,0.9472,0.0162
data_clean\train\def_front\cast_def_0_8682.jpeg,train,0,0.0216,0.3773,0.8220,0.1661
data_clean\train\def_front\cast_def_0_8684.jpeg,train,0,0.0007,0.0088,0.6683,0.4669
data_clean\train\def_front\cast_def_0_8694.jpeg,train,0,0.9991,0.3810,0.4003,0.2898
data_clean\train\def_front\cast_def_0_8697.jpeg,train,0,0.9999,0.1261,0.0015,0.9775
data_clean\train\def_front\cast_def_0_8698.jpeg,train,0,0.0003,0.0176,0.7834,0.1812
data_clean\train\def_front\cast_def_0_8702.jpeg,train,0,0.9992,0.2933,0.0020,0.9361
data_clean\train\def_front\cast_def_0_8706.jpeg,train,0,1.0000,0.2243,0.1101,0.6197
data_clean\train\def_front\cast_def_0_8709.jpeg,train,0,0.3831,0.0244,0.0290,0.9541
data_clean\train\def_front\cast_def_0_8714.jpeg,train,0,0.0003,0.9903,0.0002,0.1426
data_clean\train\def_front\cast_def_0_8715.jpeg,train,0,0.9927,0.8025,0.8643,0.3427
data_clean\train\def_front\cast_def_0_8718.jpeg,train,0,0.0003,0.0146,0.9110,0.1259
data_clean\train\def_front\cast_def_0_872.jpeg,train,0,0.0056,0.0162,0.3983,0.6628
data_clean\train\def_front\cast_def_0_8720.jpeg,train,0,0.0004,0.0255,0.8036,0.2525
data_clean\train\def_front\cast_def_0_8723.jpeg,train,0,0.0004,0.0449,0.7510,0.1055
data_clean\train\def_front\cast_def_0_8728.jpeg,train,0,0.0002,0.0325,0.9035,0.0575
data_clean\train\def_front\cast_def_0_873.jpeg,train,0,0.9999,0.2928,0.0452,0.7644
data_clean\train\def_front\cast_def_0_8730.jpeg,train,0,0.9976,0.7033,0.7461,0.2546
data_clean\train\def_front\cast_def_0_8732.jpeg,train,0,0.0019,0.0726,0.8953,0.1226
data_clean\train\def_front\cast_def_0_8734.jpeg,train,0,0.0438,0.1145,0.4174,0.2249
data_clean\train\def_front\cast_def_0_8735.jpeg,train,0,0.0000,0.9997,0.0006,0.0027
data_clean\train\def_front\cast_def_0_8736.jpeg,train,0,0.0003,0.1961,0.9252,0.0180
data_clean\train\def_front\cast_def_0_8737.jpeg,train,0,0.9997,0.0642,0.0003,0.9899
data_clean\train\def_front\cast_def_0_874.jpeg,train,0,0.0159,0.1155,0.1578,0.3058
data_clean\train\def_front\cast_def_0_8740.jpeg,train,0,0.0016,0.0192,0.0198,0.9288
data_clean\train\def_front\cast_def_0_8743.jpeg,train,0,0.0012,0.1666,0.5459,0.1646
data_clean\train\def_front\cast_def_0_8748.jpeg,train,0,0.9993,0.1526,0.0086,0.7994
data_clean\train\def_front\cast_def_0_875.jpeg,train,0,0.0006,0.1082,0.8097,0.0471
data_clean\train\def_front\cast_def_0_8751.jpeg,train,0,0.0005,0.0354,0.6858,0.2115
data_clean\train\def_front\cast_def_0_8752.jpeg,train,0,0.9998,0.3138,0.1765,0.5927
data_clean\train\def_front\cast_def_0_8755.jpeg,train,0,0.0002,0.0033,0.7892,0.3464
data_clean\train\def_front\cast_def_0_8756.jpeg,train,0,0.9983,0.6318,0.6509,0.2898
data_clean\train\def_front\cast_def_0_8759.jpeg,train,0,0.0010,0.1054,0.5329,0.1290
data_clean\train\def_front\cast_def_0_8761.jpeg,train,0,0.0000,0.4553,0.9520,0.0030
data_clean\train\def_front\cast_def_0_8762.jpeg,train,0,0.0000,0.6841,0.9151,0.0038
data_clean\train\def_front\cast_def_0_8764.jpeg,train,0,0.9999,0.2261,0.0333,0.8772
data_clean\train\def_front\cast_def_0_8768.jpeg,train,0,0.9909,0.6939,0.7461,0.3138
data_clean\train\def_front\cast_def_0_877.jpeg,train,0,0.9999,0.1198,0.0382,0.8989
data_clean\train\def_front\cast_def_0_8771.jpeg,train,0,0.0173,0.4744,0.9122,0.0450
data_clean\train\def_front\cast_def_0_8772.jpeg,train,0,0.0855,0.4583,0.8565,0.2707
data_clean\train\def_front\cast_def_0_8774.jpeg,train,0,0.0000,0.5877,0.9063,0.0047
data_clean\train\def_front\cast_def_0_8777.jpeg,train,0,1.0000,0.0859,0.0057,0.9355
data_clean\train\def_front\cast_def_0_8780.jpeg,train,0,0.0028,0.0074,0.0123,0.9622
data_clean\train\def_front\cast_def_0_8782.jpeg,train,0,0.0269,0.2368,0.7778,0.1786
data_clean\train\def_front\cast_def_0_8783.jpeg,train,0,0.0002,0.1292,0.8233,0.0546
data_clean\train\def_front\cast_def_0_8785.jpeg,train,0,0.0002,0.9945,0.0010,0.0701
data_clean\train\def_front\cast_def_0_8786.jpeg,train,0,0.9995,0.2988,0.2053,0.5962
data_clean\train\def_front\cast_def_0_8787.jpeg,train,0,0.0040,0.1139,0.9494,0.0264
data_clean\train\def_front\cast_def_0_8794.jpeg,train,0,0.0004,0.0129,0.7546,0.2088
data_clean\train\def_front\cast_def_0_8796.jpeg,train,0,0.0005,0.0108,0.6733,0.2351
data_clean\train\def_front\cast_def_0_8797.jpeg,train,0,0.0001,0.4687,0.9287,0.0064
data_clean\train\def_front\cast_def_0_88.jpeg,train,0,0.0014,0.0051,0.5540,0.3347
data_clean\train\def_front\cast_def_0_880.jpeg,train,0,0.0000,0.9998,0.0004,0.0060
data_clean\train\def_front\cast_def_0_8800.jpeg,train,0,0.0015,0.9631,0.0004,0.4567
data_clean\train\def_front\cast_def_0_8801.jpeg,train,0,0.0217,0.0797,0.8051,0.2725
data_clean\train\def_front\cast_def_0_8804.jpeg,train,0,0.9998,0.2783,0.1692,0.5844
data_clean\train\def_front\cast_def_0_8807.jpeg,train,0,0.0014,0.9949,0.0004,0.0923
data_clean\train\def_front\cast_def_0_8808.jpeg,train,0,0.0002,0.0515,0.0079,0.8469
data_clean\train\def_front\cast_def_0_8809.jpeg,train,0,0.0252,0.0608,0.8843,0.2736
data_clean\train\def_front\cast_def_0_8811.jpeg,train,0,0.9886,0.7052,0.7835,0.3069
data_clean\train\def_front\cast_def_0_8812.jpeg,train,0,0.9999,0.3488,0.3410,0.5535
data_clean\train\def_front\cast_def_0_8819.jpeg,train,0,0.0016,0.9986,0.0003,0.0550
data_clean\train\def_front\cast_def_0_882.jpeg,train,0,0.0007,0.0196,0.7192,0.2428
data_clean\train\def_front\cast_def_0_8820.jpeg,train,0,0.0002,0.9927,0.0052,0.0260
data_clean\train\def_front\cast_def_0_8821.jpeg,train,0,0.0003,0.0609,0.9289,0.0308
data_clean\train\def_front\cast_def_0_8822.jpeg,train,0,0.0009,0.0826,0.8828,0.0567
data_clean\train\def_front\cast_def_0_8823.jpeg,train,0,0.0132,0.0940,0.5664,0.0963
data_clean\train\def_front\cast_def_0_8824.jpeg,train,0,0.0002,0.0170,0.7039,0.1614
data_clean\train\def_front\cast_def_0_8827.jpeg,train,0,0.9999,0.1320,0.0217,0.7835
data_clean\train\def_front\cast_def_0_883.jpeg,train,0,0.0012,0.0134,0.7473,0.1670
data_clean\train\def_front\cast_def_0_8833.jpeg,train,0,0.0002,0.9998,0.0004,0.0065
data_clean\train\def_front\cast_def_0_8837.jpeg,train,0,0.9949,0.3552,0.1098,0.7846
data_clean\train\def_front\cast_def_0_884.jpeg,train,0,0.0007,0.9830,0.0053,0.0843
data_clean\train\def_front\cast_def_0_8845.jpeg,train,0,0.0012,0.1368,0.4691,0.1219
data_clean\train\def_front\cast_def_0_8846.jpeg,train,0,0.9999,0.3110,0.3143,0.4924
data_clean\train\def_front\cast_def_0_8847.jpeg,train,0,0.9991,0.6765,0.9312,0.8088
data_clean\train\def_front\cast_def_0_8851.jpeg,train,0,0.9999,0.1090,0.0068,0.9426
data_clean\train\def_front\cast_def_0_8852.jpeg,train,0,1.0000,0.1947,0.0643,0.6654
data_clean\train\def_front\cast_def_0_8853.jpeg,train,0,0.0002,0.0457,0.8595,0.1172
data_clean\train\def_front\cast_def_0_8855.jpeg,train,0,0.0003,0.0880,0.9131,0.0239
data_clean\train\def_front\cast_def_0_8856.jpeg,train,0,0.0004,0.9965,0.0005,0.0397
data_clean\train\def_front\cast_def_0_8859.jpeg,train,0,0.0046,0.0593,0.4935,0.2432
data_clean\train\def_front\cast_def_0_8863.jpeg,train,1,0.0073,0.2264,0.9236,0.0418
data_clean\train\def_front\cast_def_0_8866.jpeg,train,0,0.9942,0.4298,0.3383,0.4413
data_clean\train\def_front\cast_def_0_8867.jpeg,train,0,0.0016,0.1227,0.6904,0.1490
data_clean\train\def_front\cast_def_0_8868.jpeg,train,0,0.9997,0.5850,0.8074,0.6527
data_clean\train\def_front\cast_def_0_887.jpeg,train,0,0.0022,0.0346,0.8256,0.4944
data_clean\train\def_front\cast_def_0_8872.jpeg,train,0,0.0006,0.0840,0.8762,0.0366
data_clean\train\def_front\cast_def_0_8875.jpeg,train,0,0.0003,0.9996,0.0001,0.0160
data_clean\train\def_front\cast_def_0_8876.jpeg,train,0,0.0002,0.1449,0.7303,0.0397
data_clean\train\def_front\cast_def_0_8878.jpeg,train,0,0.9998,0.0678,0.0092,0.7902
data_clean\train\def_front\cast_def_0_8879.jpeg,train,0,0.0284,0.3274,0.8520,0.1417
data_clean\train\def_front\cast_def_0_8880.jpeg,train,0,0.0002,0.0102,0.7649,0.1927
data_clean\train\def_front\cast_def_0_8883.jpeg,train,0,1.0000,0.2231,0.1969,0.4746
data_clean\train\def_front\cast_def_0_8884.jpeg,train,0,0.9999,0.2808,0.1419,0.6740
data_clean\train\def_front\cast_def_0_8886.jpeg,train,0,0.0005,0.1451,0.8615,0.0752
data_clean\train\def_front\cast_def_0_8887.jpeg,train,0,0.0002,0.0497,0.0067,0.7919
data_clean\train\def_front\cast_def_0_8888.jpeg,train,0,0.0028,0.1307,0.6529,0.0641
data_clean\train\def_front\cast_def_0_8893.jpeg,train,0,0.9979,0.4189,0.2687,0.2774
data_clean\train\def_front\cast_def_0_8899.jpeg,train,0,0.0002,0.9995,0.0001,0.0260
data_clean\train\def_front\cast_def_0_89.jpeg,train,0,0.9996,0.7542,0.9619,0.8584
data_clean\train\def_front\cast_def_0_8902.jpeg,train,0,0.0002,0.0626,0.7855,0.0689
data_clean\train\def_front\cast_def_0_8903.jpeg,train,0,0.0001,0.9983,0.0005,0.0501
data_clean\train\def_front\cast_def_0_8904.jpeg,train,0,0.9984,0.7502,0.9709,0.8852
data_clean\train\def_front\cast_def_0_8905.jpeg,train,0,0.0013,0.0050,0.4789,0.4289
data_clean\train\def_front\cast_def_0_8909.jpeg,train,0,0.0069,0.0492,0.8058,0.2247
data_clean\train\def_front\cast_def_0_8910.jpeg,train,0,0.0038,0.0969,0.6694,0.2980
data_clean\train\def_front\cast_def_0_8915.jpeg,train,0,0.0434,0.3477,0.8542,0.1200
data_clean\train\def_front\cast_def_0_8917.jpeg,train,0,0.0001,0.2316,0.2641,0.0867
data_clean\train\def_front\cast_def_0_8918.jpeg,train,0,0.9995,0.0488,0.0069,0.8613
data_clean\train\def_front\cast_def_0_8922.jpeg,train,0,0.0006,0.9923,0.0001,0.1840
data_clean\train\def_front\cast_def_0_8923.jpeg,train,0,0.1473,0.2871,0.8212,0.2406
data_clean\train\def_front\cast_def_0_8924.jpeg,train,0,0.9994,0.6955,0.9163,0.7164
data_clean\train\def_front\cast_def_0_8925.jpeg,train,0,0.0002,0.9997,0.0003,0.0105
data_clean\train\def_front\cast_def_0_8928.jpeg,train,0,0.0007,0.1047,0.8215,0.0769
data_clean\train\def_front\cast_def_0_893.jpeg,train,0,0.0009,0.0029,0.0140,0.9794
data_clean\train\def_front\cast_def_0_8931.jpeg,train,0,0.0008,0.1874,0.9516,0.0456
data_clean\train\def_front\cast_def_0_8933.jpeg,train,0,0.0004,0.0724,0.8702,0.0351
data_clean\train\def_front\cast_def_0_8936.jpeg,train,0,0.0002,0.0497,0.8678,0.0327
data_clean\train\def_front\cast_def_0_8940.jpeg,train,0,0.0010,0.0380,0.8966,0.0693
data_clean\train\def_front\cast_def_0_8943.jpeg,train,0,0.0020,0.0490,0.4738,0.1847
data_clean\train\def_front\cast_def_0_8947.jpeg,train,0,0.0001,0.9922,0.0117,0.0115
data_clean\train\def_front\cast_def_0_8949.jpeg,train,0,0.0003,0.0040,0.8233,0.3420
data_clean\train\def_front\cast_def_0_895.jpeg,train,0,0.0002,0.0188,0.6964,0.2164
data_clean\train\def_front\cast_def_0_8950.jpeg,train,0,0.9998,0.2806,0.1236,0.5964
data_clean\train\def_front\cast_def_0_8951.jpeg,train,0,0.0030,0.0643,0.7048,0.2745
data_clean\train\def_front\cast_def_0_8952.jpeg,train,0,0.0018,0.0534,0.7153,0.2906
data_clean\train\def_front\cast_def_0_8953.jpeg,train,0,0.0029,0.0474,0.6662,0.2431
data_clean\train\def_front\cast_def_0_8954.jpeg,train,0,0.0001,0.0247,0.8286,0.0868
data_clean\train\def_front\cast_def_0_8956.jpeg,train,0,0.0004,0.0763,0.7401,0.0791
data_clean\train\def_front\cast_def_0_8957.jpeg,train,0,0.0015,0.9582,0.0001,0.3594
data_clean\train\def_front\cast_def_0_8958.jpeg,train,0,0.0004,0.4008,0.9426,0.0242
data_clean\train\def_front\cast_def_0_8959.jpeg,train,0,0.0008,0.0093,0.5718,0.5663
data_clean\train\def_front\cast_def_0_8961.jpeg,train,0,0.0948,0.2033,0.5821,0.1761
data_clean\train\def_front\cast_def_0_8965.jpeg,train,0,0.0097,0.0268,0.9260,0.1178
data_clean\train\def_front\cast_def_0_897.jpeg,train,0,0.0165,0.1137,0.3390,0.3369
data_clean\train\def_front\cast_def_0_8971.jpeg,train,0,0.9997,0.6906,0.9381,0.8474
data_clean\train\def_front\cast_def_0_8973.jpeg,train,0,0.0026,0.0119,0.6788,0.4686
data_clean\train\def_front\cast_def_0_8975.jpeg,train,0,0.0008,0.0114,0.8234,0.2506
data_clean\train\def_front\cast_def_0_8979.jpeg,train,0,0.0006,0.0228,0.8049,0.2155
data_clean\train\def_front\cast_def_0_898.jpeg,train,0,0.9996,0.7284,0.9197,0.7654
data_clean\train\def_front\cast_def_0_8984.jpeg,train,0,0.0009,0.0630,0.8746,0.0707
data_clean\train\def_front\cast_def_0_8988.jpeg,train,0,0.0052,0.1156,0.9228,0.1332
data_clean\train\def_front\cast_def_0_8989.jpeg,train,0,0.0064,0.2206,0.6997,0.3265
data_clean\train\def_front\cast_def_0_899.jpeg,train,0,0.0010,0.0179,0.6564,0.3523
data_clean\train\def_front\cast_def_0_8990.jpeg,train,0,0.0002,0.2559,0.7302,0.0358
data_clean\train\def_front\cast_def_0_8991.jpeg,train,0,1.0000,0.1752,0.1414,0.5375
data_clean\train\def_front\cast_def_0_8992.jpeg,train,0,0.0141,0.2507,0.8859,0.0702
data_clean\train\def_front\cast_def_0_8993.jpeg,train,0,1.0000,0.1253,0.0449,0.6532
data_clean\train\def_front\cast_def_0_8994.jpeg,train,0,0.9999,0.4213,0.5236,0.5098
data_clean\train\def_front\cast_def_0_8999.jpeg,train,0,0.9992,0.8159,0.9752,0.8789
data_clean\train\def_front\cast_def_0_9.jpeg,train,0,0.9990,0.7669,0.9445,0.8023
data_clean\train\def_front\cast_def_0_9000.jpeg,train,0,0.9999,0.5583,0.7176,0.4414
data_clean\train\def_front\cast_def_0_9002.jpeg,train,0,0.0031,0.2680,0.9196,0.0718
data_clean\train\def_front\cast_def_0_9003.jpeg,train,0,0.0010,0.0542,0.8300,0.0643
data_clean\train\def_front\cast_def_0_9006.jpeg,train,0,0.0001,0.0143,0.6910,0.2231
data_clean\train\def_front\cast_def_0_9007.jpeg,train,0,0.9985,0.6141,0.5887,0.2812
data_clean\train\def_front\cast_def_0_9008.jpeg,train,0,0.0003,0.0503,0.8558,0.0537
data_clean\train\def_front\cast_def_0_9009.jpeg,train,0,0.9996,0.6294,0.9322,0.8689
data_clean\train\def_front\cast_def_0_9014.jpeg,train,0,0.0760,0.1201,0.8658,0.3885
data_clean\train\def_front\cast_def_0_9016.jpeg,train,0,0.0588,0.0760,0.8309,0.4496
data_clean\train\def_front\cast_def_0_9018.jpeg,train,1,0.0005,0.0062,0.7766,0.2154
data_clean\train\def_front\cast_def_0_9020.jpeg,train,1,0.9989,0.2381,0.1149,0.5091
data_clean\train\def_front\cast_def_0_9021.jpeg,train,0,0.0025,0.0033,0.3298,0.5964
data_clean\train\def_front\cast_def_0_9024.jpeg,train,0,0.0530,0.1236,0.3236,0.2260
data_clean\train\def_front\cast_def_0_9025.jpeg,train,0,0.0069,0.2326,0.6881,0.3340
data_clean\train\def_front\cast_def_0_9026.jpeg,train,0,0.9994,0.7769,0.9739,0.8606
data_clean\train\def_front\cast_def_0_9027.jpeg,train,0,0.0001,0.1649,0.7976,0.0209
data_clean\train\def_front\cast_def_0_9032.jpeg,train,0,0.0002,0.0241,0.7979,0.0925
data_clean\train\def_front\cast_def_0_9033.jpeg,train,0,0.0006,0.0463,0.7405,0.2888
data_clean\train\def_front\cast_def_0_9039.jpeg,train,0,0.0004,0.0332,0.8062,0.1353
data_clean\train\def_front\cast_def_0_904.jpeg,train,0,0.0002,0.1310,0.9124,0.0190
data_clean\train\def_front\cast_def_0_9040.jpeg,train,0,1.0000,0.0564,0.0191,0.7194
data_clean\train\def_front\cast_def_0_9042.jpeg,train,0,0.0015,0.9995,0.0000,0.0541
data_clean\train\def_front\cast_def_0_9043.jpeg,train,0,0.0011,0.9856,0.0004,0.2189
data_clean\train\def_front\cast_def_0_9047.jpeg,train,0,0.0046,0.0117,0.0094,0.9644
data_clean\train\def_front\cast_def_0_9048.jpeg,train,0,0.0145,0.2703,0.8957,0.0577
data_clean\train\def_front\cast_def_0_9049.jpeg,train,0,0.0000,0.2032,0.9338,0.0139
data_clean\train\def_front\cast_def_0_9051.jpeg,train,0,0.0000,0.6922,0.7996,0.0046
data_clean\train\def_front\cast_def_0_9062.jpeg,train,0,0.0010,0.0847,0.4398,0.2017
data_clean\train\def_front\cast_def_0_9064.jpeg,train,0,0.9965,0.2818,0.1451,0.6192
data_clean\train\def_front\cast_def_0_9065.jpeg,train,0,0.0000,0.3437,0.9265,0.0060
data_clean\train\def_front\cast_def_0_9066.jpeg,train,0,0.0004,0.2131,0.9505,0.0425
data_clean\train\def_front\cast_def_0_9069.jpeg,train,0,0.0020,0.1549,0.9232,0.0259
data_clean\train\def_front\cast_def_0_907.jpeg,train,0,0.9994,0.7549,0.9613,0.9200
data_clean\train\def_front\cast_def_0_9071.jpeg,train,0,1.0000,0.0541,0.0093,0.9125
data_clean\train\def_front\cast_def_0_9073.jpeg,train,0,0.0066,0.0033,0.3459,0.6873
data_clean\train\def_front\cast_def_0_9075.jpeg,train,0,0.0005,0.0488,0.9083,0.0446
data_clean\train\def_front\cast_def_0_9077.jpeg,train,0,0.0032,0.9573,0.0002,0.6613
data_clean\train\def_front\cast_def_0_9079.jpeg,train,0,0.0002,0.0464,0.9092,0.0617
data_clean\train\def_front\cast_def_0_908.jpeg,train,0,0.9988,0.0662,0.0105,0.6866
data_clean\train\def_front\cast_def_0_9088.jpeg,train,0,0.0047,0.0746,0.6460,0.0971
data_clean\train\def_front\cast_def_0_909.jpeg,train,1,1.0000,0.1141,0.0795,0.7773
data_clean\train\def_front\cast_def_0_9091.jpeg,train,0,1.0000,0.0871,0.0243,0.8311
data_clean\train\def_front\cast_def_0_9095.jpeg,train,0,0.0038,0.0824,0.1406,0.5340
data_clean\train\def_front\cast_def_0_9098.jpeg,train,0,0.9999,0.1009,0.0022,0.9665
data_clean\train\def_front\cast_def_0_91.jpeg,train,0,1.0000,0.0286,0.0121,0.4199
data_clean\train\def_front\cast_def_0_910.jpeg,train,0,0.0001,0.9995,0.0002,0.0201
data_clean\train\def_front\cast_def_0_9101.jpeg,train,0,0.0089,0.0649,0.9469,0.0705
data_clean\train\def_front\cast_def_0_9104.jpeg,train,0,0.0002,0.3057,0.7918,0.0363
data_clean\train\def_front\cast_def_0_9107.jpeg,train,0,0.0061,0.0431,0.3435,0.5610
data_clean\train\def_front\cast_def_0_9108.jpeg,train,0,0.9997,0.0347,0.0004,0.9863
data_clean\train\def_front\cast_def_0_9109.jpeg,train,0,0.0283,0.0438,0.4331,0.6472
data_clean\train\def_front\cast_def_0_911.jpeg,train,0,0.0011,0.9664,0.0033,0.1908
data_clean\train\def_front\cast_def_0_9111.jpeg,train,0,0.9999,0.0932,0.0344,0.8994
data_clean\train\def_front\cast_def_0_9115.jpeg,train,0,0.0012,0.9934,0.0003,0.1157
data_clean\train\def_front\cast_def_0_9119.jpeg,train,0,0.0004,0.9799,0.0028,0.1124
data_clean\train\def_front\cast_def_0_912.jpeg,train,0,0.0017,0.0456,0.8743,0.3135
data_clean\train\def_front\cast_def_0_9125.jpeg,train,0,0.0015,0.0418,0.8240,0.1637
data_clean\train\def_front\cast_def_0_9128.jpeg,train,0,0.9938,0.7202,0.7399,0.2072
data_clean\train\def_front\cast_def_0_9129.jpeg,train,0,0.9989,0.3005,0.1351,0.2877
data_clean\train\def_front\cast_def_0_913.jpeg,train,0,0.0046,0.0053,0.0204,0.9161
data_clean\train\def_front\cast_def_0_9130.jpeg,train,0,0.0219,0.3547,0.8229,0.2256
data_clean\train\def_front\cast_def_0_9135.jpeg,train,0,0.0015,0.9934,0.0002,0.2137
data_clean\train\def_front\cast_def_0_9136.jpeg,train,0,0.0001,0.3379,0.9276,0.0137
data_clean\train\def_front\cast_def_0_9138.jpeg,train,0,0.0085,0.0452,0.6492,0.3715
data_clean\train\def_front\cast_def_0_914.jpeg,train,0,0.9999,0.1539,0.0136,0.9350
data_clean\train\def_front\cast_def_0_9141.jpeg,train,1,0.0018,0.9869,0.0001,0.3673
data_clean\train\def_front\cast_def_0_9142.jpeg,train,0,0.0016,0.0521,0.8285,0.2523
data_clean\train\def_front\cast_def_0_9144.jpeg,train,0,0.0026,0.0380,0.8364,0.1411
data_clean\train\def_front\cast_def_0_9145.jpeg,train,0,0.0001,0.0121,0.4491,0.2611
data_clean\train\def_front\cast_def_0_9147.jpeg,train,0,0.0002,0.1326,0.0063,0.7948
data_clean\train\def_front\cast_def_0_915.jpeg,train,0,0.9998,0.1560,0.0263,0.9039
data_clean\train\def_front\cast_def_0_9150.jpeg,train,0,0.0004,0.1087,0.7093,0.1048
data_clean\train\def_front\cast_def_0_9153.jpeg,train,0,0.0251,0.0503,0.2438,0.7550
data_clean\train\def_front\cast_def_0_9155.jpeg,train,0,0.0004,0.0097,0.8334,0.1466
data_clean\train\def_front\cast_def_0_9156.jpeg,train,1,0.0001,0.9969,0.0007,0.0324
data_clean\train\def_front\cast_def_0_9157.jpeg,train,0,0.0005,0.0025,0.5087,0.6715
data_clean\train\def_front\cast_def_0_9165.jpeg,train,0,0.9997,0.1503,0.0322,0.7323
data_clean\train\def_front\cast_def_0_9167.jpeg,train,0,0.0033,0.0185,0.5360,0.4709
data_clean\train\def_front\cast_def_0_9169.jpeg,train,0,0.0005,0.0166,0.7894,0.2676
data_clean\train\def_front\cast_def_0_9173.jpeg,train,0,0.0002,0.0674,0.0134,0.7730
data_clean\train\def_front\cast_def_0_9175.jpeg,train,0,0.0002,0.0910,0.0051,0.7527
data_clean\train\def_front\cast_def_0_9179.jpeg,train,0,0.1955,0.0529,0.0307,0.9338
data_clean\train\def_front\cast_def_0_918.jpeg,train,0,0.9998,0.1473,0.0046,0.9374
data_clean\train\def_front\cast_def_0_9180.jpeg,train,0,0.0014,0.0365,0.8066,0.1613
data_clean\train\def_front\cast_def_0_9181.jpeg,train,0,0.0005,0.0079,0.5799,0.3599
data_clean\train\def_front\cast_def_0_9183.jpeg,train,0,0.0004,0.9990,0.0007,0.0200
data_clean\train\def_front\cast_def_0_9184.jpeg,train,0,0.9959,0.6316,0.6287,0.2457
data_clean\train\def_front\cast_def_0_9188.jpeg,train,0,0.0007,0.0039,0.7427,0.3350
data_clean\train\def_front\cast_def_0_9189.jpeg,train,0,0.0009,0.9976,0.0003,0.1108
data_clean\train\def_front\cast_def_0_9191.jpeg,train,0,0.9984,0.3048,0.0439,0.8754
data_clean\train\def_front\cast_def_0_9192.jpeg,train,0,0.0016,0.0244,0.6383,0.3058
data_clean\train\def_front\cast_def_0_9193.jpeg,train,0,0.9998,0.2015,0.0857,0.6454
data_clean\train\def_front\cast_def_0_9194.jpeg,train,1,1.0000,0.0241,0.0043,0.5944
data_clean\train\def_front\cast_def_0_9195.jpeg,train,0,0.0006,0.0870,0.7837,0.0573
data_clean\train\def_front\cast_def_0_9196.jpeg,train,0,0.9984,0.8085,0.9281,0.6965
data_clean\train\def_front\cast_def_0_9198.jpeg,train,0,0.9999,0.1143,0.0008,0.9801
data_clean\train\def_front\cast_def_0_92.jpeg,train,0,0.0003,0.0076,0.8266,0.1599
data_clean\train\def_front\cast_def_0_9204.jpeg,train,0,0.0000,0.4374,0.9261,0.0061
data_clean\train\def_front\cast_def_0_9208.jpeg,train,1,1.0000,0.2618,0.0557,0.7687
data_clean\train\def_front\cast_def_0_9211.jpeg,train,0,0.9999,0.1118,0.0251,0.8131
data_clean\train\def_front\cast_def_0_9212.jpeg,train,0,0.0002,0.0215,0.8827,0.0930
data_clean\train\def_front\cast_def_0_9216.jpeg,train,0,1.0000,0.2652,0.1887,0.5449
data_clean\train\def_front\cast_def_0_9217.jpeg,train,0,0.9999,0.2715,0.0362,0.7694
data_clean\train\def_front\cast_def_0_9220.jpeg,train,0,0.0001,0.0122,0.7613,0.1729
data_clean\train\def_front\cast_def_0_9221.jpeg,train,0,0.0012,0.1875,0.8565,0.0683
data_clean\train\def_front\cast_def_0_9223.jpeg,train,0,0.0021,0.1023,0.9404,0.0507
data_clean\train\def_front\cast_def_0_9228.jpeg,train,0,0.9999,0.4016,0.1081,0.7733
data_clean\train\def_front\cast_def_0_9229.jpeg,train,0,0.9998,0.2110,0.0044,0.9459
data_clean\train\def_front\cast_def_0_9231.jpeg,train,0,0.0050,0.0472,0.5830,0.4072
data_clean\train\def_front\cast_def_0_9233.jpeg,train,0,0.0013,0.9991,0.0003,0.0467
data_clean\train\def_front\cast_def_0_9234.jpeg,train,0,0.0917,0.2782,0.7521,0.1978
data_clean\train\def_front\cast_def_0_9238.jpeg,train,0,1.0000,0.1988,0.0453,0.8547
data_clean\train\def_front\cast_def_0_9239.jpeg,train,0,0.0031,0.0116,0.2917,0.5131
data_clean\train\def_front\cast_def_0_9242.jpeg,train,0,0.0010,0.0271,0.8494,0.1342
data_clean\train\def_front\cast_def_0_9244.jpeg,train,0,0.9823,0.7278,0.6904,0.2339
data_clean\train\def_front\cast_def_0_9245.jpeg,train,0,0.0001,0.0234,0.0968,0.5938
data_clean\train\def_front\cast_def_0_9248.jpeg,train,0,0.9985,0.7420,0.9421,0.8341
data_clean\train\def_front\cast_def_0_925.jpeg,train,0,0.0463,0.0053,0.0012,0.9949
data_clean\train\def_front\cast_def_0_9252.jpeg,train,0,0.0061,0.0051,0.0194,0.9569
data_clean\train\def_front\cast_def_0_9253.jpeg,train,0,0.0004,0.0064,0.6556,0.5021
data_clean\train\def_front\cast_def_0_9254.jpeg,train,0,0.0006,0.0436,0.9101,0.0539
data_clean\train\def_front\cast_def_0_9255.jpeg,train,0,0.0294,0.0735,0.8580,0.3889
data_clean\train\def_front\cast_def_0_9258.jpeg,train,0,1.0000,0.1642,0.0507,0.6289
data_clean\train\def_front\cast_def_0_9259.jpeg,train,0,0.0017,0.1656,0.8519,0.1451
data_clean\train\def_front\cast_def_0_9261.jpeg,train,0,0.0054,0.0460,0.5307,0.4852
data_clean\train\def_front\cast_def_0_9264.jpeg,train,0,0.0010,0.0168,0.5746,0.4079
data_clean\train\def_front\cast_def_0_9266.jpeg,train,0,0.0000,0.9997,0.0006,0.0037
data_clean\train\def_front\cast_def_0_9267.jpeg,train,0,1.0000,0.3571,0.3895,0.4621
data_clean\train\def_front\cast_def_0_9270.jpeg,train,0,0.0001,0.9993,0.0003,0.0174
data_clean\train\def_front\cast_def_0_9275.jpeg,train,0,0.9973,0.6207,0.5094,0.3730
data_clean\train\def_front\cast_def_0_9277.jpeg,train,0,0.0011,0.0056,0.7901,0.2561
data_clean\train\def_front\cast_def_0_928.jpeg,train,1,0.0007,0.2479,0.9343,0.0563
data_clean\train\def_front\cast_def_0_9281.jpeg,train,0,0.9996,0.2255,0.0304,0.8309
data_clean\train\def_front\cast_def_0_9283.jpeg,train,0,0.0762,0.4311,0.8827,0.1762
data_clean\train\def_front\cast_def_0_9285.jpeg,train,0,0.9999,0.4258,0.5419,0.6017
data_clean\train\def_front\cast_def_0_9291.jpeg,train,0,0.0017,0.0925,0.9486,0.0316
data_clean\train\def_front\cast_def_0_9294.jpeg,train,0,0.0289,0.0952,0.0017,0.9764
data_clean\train\def_front\cast_def_0_9299.jpeg,train,0,0.0251,0.2996,0.8701,0.1221
data_clean\train\def_front\cast_def_0_930.jpeg,train,0,1.0000,0.3236,0.2047,0.5934
data_clean\train\def_front\cast_def_0_9301.jpeg,train,0,0.0030,0.0362,0.4339,0.5391
data_clean\train\def_front\cast_def_0_9305.jpeg,train,0,0.0004,0.0492,0.6338,0.2359
data_clean\train\def_front\cast_def_0_9306.jpeg,train,0,0.0019,0.0334,0.7084,0.1436
data_clean\train\def_front\cast_def_0_9311.jpeg,train,0,0.9993,0.1355,0.0036,0.9307
data_clean\train\def_front\cast_def_0_9313.jpeg,train,1,0.9998,0.2145,0.0027,0.9306
data_clean\train\def_front\cast_def_0_9314.jpeg,train,0,0.0009,0.0060,0.6185,0.4245
data_clean\train\def_front\cast_def_0_9317.jpeg,train,1,0.0000,0.5204,0.9320,0.0033
data_clean\train\def_front\cast_def_0_9318.jpeg,train,0,0.0020,0.0594,0.9498,0.0392
data_clean\train\def_front\cast_def_0_9319.jpeg,train,0,0.0006,0.1088,0.8860,0.0309
data_clean\train\def_front\cast_def_0_9322.jpeg,train,0,0.9991,0.7962,0.9770,0.8940
data_clean\train\def_front\cast_def_0_9324.jpeg,train,0,0.9990,0.2390,0.0457,0.7731
data_clean\train\def_front\cast_def_0_9325.jpeg,train,0,0.0016,0.0292,0.5701,0.2179
data_clean\train\def_front\cast_def_0_933.jpeg,train,0,0.9998,0.1287,0.0018,0.9710
data_clean\train\def_front\cast_def_0_9332.jpeg,train,0,0.0016,0.0128,0.5835,0.5773
data_clean\train\def_front\cast_def_0_9340.jpeg,train,0,0.0005,0.9795,0.0005,0.1959
data_clean\train\def_front\cast_def_0_9342.jpeg,train,0,0.0003,0.0143,0.7606,0.1870
data_clean\train\def_front\cast_def_0_9345.jpeg,train,0,0.0002,0.0464,0.8048,0.0766
data_clean\train\def_front\cast_def_0_9348.jpeg,train,0,0.0003,0.0140,0.8881,0.1385
data_clean\train\def_front\cast_def_0_9349.jpeg,train,0,0.0003,0.0430,0.9372,0.0364
data_clean\train\def_front\cast_def_0_9351.jpeg,train,0,0.0000,1.0000,0.0006,0.0007
data_clean\train\def_front\cast_def_0_9354.jpeg,train,0,0.0004,0.9784,0.0075,0.0325
data_clean\train\def_front\cast_def_0_9355.jpeg,train,0,0.0055,0.2265,0.8432,0.1400
data_clean\train\def_front\cast_def_0_9356.jpeg,train,0,0.0035,0.1193,0.9357,0.0929
data_clean\train\def_front\cast_def_0_9357.jpeg,train,0,0.9980,0.3563,0.1915,0.3143
data_clean\train\def_front\cast_def_0_9359.jpeg,train,0,0.0001,0.9998,0.0001,0.0139
data_clean\train\def_front\cast_def_0_936.jpeg,train,0,0.0008,0.0811,0.8863,0.0497
data_clean\train\def_front\cast_def_0_9365.jpeg,train,0,0.0012,0.0097,0.7310,0.3246
data_clean\train\def_front\cast_def_0_9367.jpeg,train,0,0.9996,0.3666,0.2316,0.4987
data_clean\train\def_front\cast_def_0_9368.jpeg,train,0,0.0040,0.1592,0.8497,0.0407
data_clean\train\def_front\cast_def_0_9371.jpeg,train,0,0.0010,0.0744,0.6678,0.1974
data_clean\train\def_front\cast_def_0_9374.jpeg,train,0,0.0059,0.9588,0.0005,0.5626
data_clean\train\def_front\cast_def_0_9378.jpeg,train,0,0.9988,0.2408,0.0137,0.8764
data_clean\train\def_front\cast_def_0_9379.jpeg,train,0,0.0000,0.9999,0.0006,0.0017
data_clean\train\def_front\cast_def_0_938.jpeg,train,0,0.0006,0.0722,0.8415,0.0566
data_clean\train\def_front\cast_def_0_9381.jpeg,train,0,0.0006,0.0099,0.7418,0.2253
data_clean\train\def_front\cast_def_0_9382.jpeg,train,0,0.0000,0.9995,0.0006,0.0044
data_clean\train\def_front\cast_def_0_9386.jpeg,train,0,0.9999,0.2007,0.0458,0.7753
data_clean\train\def_front\cast_def_0_9387.jpeg,train,0,0.0012,0.0036,0.7573,0.5780
data_clean\train\def_front\cast_def_0_9389.jpeg,train,1,0.9997,0.1018,0.0007,0.9880
data_clean\train\def_front\cast_def_0_9390.jpeg,train,0,0.0002,0.0441,0.5744,0.1751
data_clean\train\def_front\cast_def_0_9393.jpeg,train,0,0.0190,0.0132,0.0034,0.9893
data_clean\train\def_front\cast_def_0_9396.jpeg,train,0,0.0234,0.1455,0.9115,0.1878
data_clean\train\def_front\cast_def_0_9397.jpeg,train,0,0.0035,0.2249,0.9459,0.0310
data_clean\train\def_front\cast_def_0_9401.jpeg,train,0,0.9960,0.7281,0.7857,0.4321
data_clean\train\def_front\cast_def_0_9404.jpeg,train,0,0.0404,0.4230,0.8514,0.1556
data_clean\train\def_front\cast_def_0_9406.jpeg,train,0,0.0005,0.0540,0.9046,0.0487
data_clean\train\def_front\cast_def_0_9408.jpeg,train,0,0.0000,0.2382,0.9091,0.0062
data_clean\train\def_front\cast_def_0_9409.jpeg,train,0,0.9999,0.4694,0.4850,0.4862
data_clean\train\def_front\cast_def_0_941.jpeg,train,0,0.0013,0.0446,0.4572,0.2376
data_clean\train\def_front\cast_def_0_9412.jpeg,train,0,0.9998,0.0777,0.0039,0.9490
data_clean\train\def_front\cast_def_0_9417.jpeg,train,0,0.2798,0.0408,0.0240,0.9267
data_clean\train\def_front\cast_def_0_9419.jpeg,train,0,1.0000,0.0521,0.0232,0.4250
data_clean\train\def_front\cast_def_0_9420.jpeg,train,0,0.9999,0.2120,0.0425,0.8077
data_clean\train\def_front\cast_def_0_9421.jpeg,train,0,0.0020,0.1983,0.4625,0.1245
data_clean\train\def_front\cast_def_0_9422.jpeg,train,0,0.0005,0.0143,0.6563,0.2344
data_clean\train\def_front\cast_def_0_9423.jpeg,train,0,0.9993,0.3126,0.0033,0.9250
data_clean\train\def_front\cast_def_0_9429.jpeg,train,0,0.0004,0.9886,0.0103,0.0330
data_clean\train\def_front\cast_def_0_9430.jpeg,train,0,0.2869,0.0249,0.0263,0.9611
data_clean\train\def_front\cast_def_0_9434.jpeg,train,0,0.9976,0.2862,0.0436,0.7791
data_clean\train\def_front\cast_def_0_9435.jpeg,train,0,1.0000,0.1136,0.0364,0.8495
data_clean\train\def_front\cast_def_0_9437.jpeg,train,0,0.0047,0.0679,0.9323,0.0437
data_clean\train\def_front\cast_def_0_9438.jpeg,train,0,0.9996,0.2481,0.0637,0.7098
data_clean\train\def_front\cast_def_0_944.jpeg,train,0,0.0075,0.0044,0.0045,0.9879
data_clean\train\def_front\cast_def_0_9440.jpeg,train,0,0.9994,0.1241,0.0023,0.9417
data_clean\train\def_front\cast_def_0_9442.jpeg,train,0,0.0001,0.9993,0.0003,0.0265
data_clean\train\def_front\cast_def_0_9443.jpeg,train,0,0.0103,0.0032,0.0088,0.9742
data_clean\train\def_front\cast_def_0_9444.jpeg,train,1,0.9996,0.1863,0.0556,0.6377
data_clean\train\def_front\cast_def_0_9445.jpeg,train,0,0.0036,0.0839,0.0045,0.9530
data_clean\train\def_front\cast_def_0_9446.jpeg,train,0,0.0000,0.4666,0.7714,0.0047
data_clean\train\def_front\cast_def_0_9448.jpeg,train,0,0.0223,0.0862,0.7670,0.3951
data_clean\train\def_front\cast_def_0_9449.jpeg,train,1,0.9999,0.1531,0.0044,0.9371
data_clean\train\def_front\cast_def_0_9450.jpeg,train,0,1.0000,0.1757,0.2553,0.6621
data_clean\train\def_front\cast_def_0_9451.jpeg,train,0,0.0006,0.0276,0.8346,0.1828
data_clean\train\def_front\cast_def_0_9453.jpeg,train,0,0.0002,0.9994,0.0004,0.0119
data_clean\train\def_front\cast_def_0_9454.jpeg,train,0,0.9999,0.3203,0.0881,0.8053
data_clean\train\def_front\cast_def_0_9455.jpeg,train,0,0.9991,0.7496,0.9590,0.9125
data_clean\train\def_front\cast_def_0_9456.jpeg,train,0,0.0001,0.0058,0.0621,0.8022
data_clean\train\def_front\cast_def_0_946.jpeg,train,0,0.9999,0.1522,0.0628,0.7140
data_clean\train\def_front\cast_def_0_9460.jpeg,train,0,0.0020,0.9837,0.0001,0.3052
data_clean\train\def_front\cast_def_0_9461.jpeg,train,0,0.0018,0.9992,0.0000,0.0666
data_clean\train\def_front\cast_def_0_9463.jpeg,train,0,0.0008,0.0261,0.8467,0.1114
data_clean\train\def_front\cast_def_0_9464.jpeg,train,0,0.0012,0.0190,0.8177,0.0746
data_clean\train\def_front\cast_def_0_9465.jpeg,train,0,0.0105,0.1008,0.8978,0.2007
data_clean\train\def_front\cast_def_0_9466.jpeg,train,0,0.9947,0.3022,0.1395,0.6922
data_clean\train\def_front\cast_def_0_9467.jpeg,train,0,0.0010,0.0389,0.9056,0.0614
data_clean\train\def_front\cast_def_0_9468.jpeg,train,0,0.0003,0.0035,0.8235,0.1449
data_clean\train\def_front\cast_def_0_9470.jpeg,train,0,0.9999,0.2991,0.2759,0.6019
data_clean\train\def_front\cast_def_0_9478.jpeg,train,0,0.9996,0.2364,0.1113,0.7363
data_clean\train\def_front\cast_def_0_9479.jpeg,train,0,1.0000,0.1690,0.0545,0.7363
data_clean\train\def_front\cast_def_0_9480.jpeg,train,0,0.9985,0.5786,0.5621,0.2708
data_clean\train\def_front\cast_def_0_9481.jpeg,train,0,0.9996,0.7672,0.9672,0.8794
data_clean\train\def_front\cast_def_0_9482.jpeg,train,0,0.0005,0.9985,0.0006,0.0259
data_clean\train\def_front\cast_def_0_9483.jpeg,train,0,0.9999,0.2227,0.1890,0.5522
data_clean\train\def_front\cast_def_0_9486.jpeg,train,0,0.0152,0.1748,0.8866,0.1244
data_clean\train\def_front\cast_def_0_9487.jpeg,train,0,0.0001,0.0184,0.7254,0.1280
data_clean\train\def_front\cast_def_0_9488.jpeg,train,0,0.1529,0.0959,0.2087,0.3944
data_clean\train\def_front\cast_def_0_9489.jpeg,train,0,0.9999,0.2698,0.3116,0.7598
data_clean\train\def_front\cast_def_0_9490.jpeg,train,0,0.0053,0.0451,0.8375,0.2677
data_clean\train\def_front\cast_def_0_9493.jpeg,train,0,0.0011,0.9877,0.0036,0.0558
data_clean\train\def_front\cast_def_0_9494.jpeg,train,0,0.9999,0.1271,0.0014,0.9613
data_clean\train\def_front\cast_def_0_9495.jpeg,train,0,0.0035,0.0760,0.9232,0.0976
data_clean\train\def_front\cast_def_0_9497.jpeg,train,0,0.0040,0.0260,0.6545,0.2159
data_clean\train\def_front\cast_def_0_9498.jpeg,train,0,0.0004,0.0127,0.8934,0.1622
data_clean\train\def_front\cast_def_0_95.jpeg,train,0,0.0003,0.0041,0.0319,0.9027
data_clean\train\def_front\cast_def_0_9500.jpeg,train,1,0.0001,0.2213,0.8368,0.0180
data_clean\train\def_front\cast_def_0_9502.jpeg,train,0,0.0012,0.0003,0.3287,0.7184
data_clean\train\def_front\cast_def_0_9510.jpeg,train,0,0.0014,0.0343,0.5034,0.3905
data_clean\train\def_front\cast_def_0_9515.jpeg,train,0,0.0002,0.0082,0.6341,0.2788
data_clean\train\def_front\cast_def_0_9517.jpeg,train,0,0.9984,0.5429,0.5739,0.2545
data_clean\train\def_front\cast_def_0_9519.jpeg,train,0,0.0005,0.0123,0.7664,0.1696
data_clean\train\def_front\cast_def_0_9520.jpeg,train,0,1.0000,0.3340,0.3864,0.4472
data_clean\train\def_front\cast_def_0_9521.jpeg,train,0,0.9997,0.0748,0.0005,0.9891
data_clean\train\def_front\cast_def_0_9523.jpeg,train,0,0.0026,0.0372,0.7010,0.1233
data_clean\train\def_front\cast_def_0_9524.jpeg,train,0,1.0000,0.0718,0.0358,0.4045
data_clean\train\def_front\cast_def_0_9527.jpeg,train,0,0.0001,0.0046,0.8555,0.2350
data_clean\train\def_front\cast_def_0_9528.jpeg,train,0,0.0098,0.0423,0.0076,0.9782
data_clean\train\def_front\cast_def_0_9531.jpeg,train,0,0.0003,0.0622,0.8179,0.1359
data_clean\train\def_front\cast_def_0_9537.jpeg,train,0,0.0052,0.0145,0.4653,0.4790
data_clean\train\def_front\cast_def_0_9538.jpeg,train,0,0.0003,0.0933,0.6707,0.0963
data_clean\train\def_front\cast_def_0_9539.jpeg,train,0,0.0008,0.0018,0.7308,0.3278
data_clean\train\def_front\cast_def_0_9540.jpeg,train,0,0.9994,0.0583,0.0100,0.5351
data_clean\train\def_front\cast_def_0_9542.jpeg,train,0,0.9901,0.7761,0.8548,0.3468
data_clean\train\def_front\cast_def_0_9545.jpeg,train,1,0.9999,0.1362,0.0409,0.8696
data_clean\train\def_front\cast_def_0_9546.jpeg,train,0,0.9993,0.6420,0.8757,0.6829
data_clean\train\def_front\cast_def_0_9548.jpeg,train,0,0.0047,0.0510,0.6731,0.5363
data_clean\train\def_front\cast_def_0_9552.jpeg,train,0,0.0004,0.0168,0.5747,0.1741
data_clean\train\def_front\cast_def_0_9553.jpeg,train,0,0.0047,0.9678,0.0003,0.5545
data_clean\train\def_front\cast_def_0_9555.jpeg,train,0,0.0012,0.0270,0.6318,0.3418
data_clean\train\def_front\cast_def_0_9556.jpeg,train,0,0.0003,0.9955,0.0004,0.0967
data_clean\train\def_front\cast_def_0_9558.jpeg,train,0,0.0000,0.5610,0.9152,0.0036
data_clean\train\def_front\cast_def_0_9560.jpeg,train,0,0.9999,0.0822,0.0188,0.9048
data_clean\train\def_front\cast_def_0_9562.jpeg,train,0,0.0005,0.9967,0.0007,0.0537
data_clean\train\def_front\cast_def_0_9563.jpeg,train,0,0.0005,0.0788,0.7896,0.0831
data_clean\train\def_front\cast_def_0_9564.jpeg,train,0,0.9981,0.6959,0.7019,0.2037
data_clean\train\def_front\cast_def_0_9569.jpeg,train,0,0.0001,0.9992,0.0002,0.0195
data_clean\train\def_front\cast_def_0_957.jpeg,train,0,0.0000,0.5368,0.9181,0.0061
data_clean\train\def_front\cast_def_0_9573.jpeg,train,0,0.0008,0.0520,0.8156,0.1019
data_clean\train\def_front\cast_def_0_9576.jpeg,train,1,0.9996,0.2213,0.0022,0.9596
data_clean\train\def_front\cast_def_0_958.jpeg,train,0,0.9963,0.7823,0.9525,0.8045
data_clean\train\def_front\cast_def_0_9581.jpeg,train,0,0.0001,0.0115,0.8113,0.1462
data_clean\train\def_front\cast_def_0_9584.jpeg,train,0,1.0000,0.1578,0.0250,0.8744
data_clean\train\def_front\cast_def_0_9587.jpeg,train,0,0.9995,0.0901,0.0016,0.9611
data_clean\train\def_front\cast_def_0_9588.jpeg,train,0,0.0006,0.9994,0.0002,0.0257
data_clean\train\def_front\cast_def_0_9589.jpeg,train,0,0.0482,0.0864,0.7609,0.4755
data_clean\train\def_front\cast_def_0_959.jpeg,train,0,0.9994,0.4766,0.5666,0.5126
data_clean\train\def_front\cast_def_0_9590.jpeg,train,0,0.0019,0.2964,0.6483,0.0466
data_clean\train\def_front\cast_def_0_9591.jpeg,train,0,0.0609,0.1009,0.2532,0.4103
data_clean\train\def_front\cast_def_0_9599.jpeg,train,0,0.0001,0.1895,0.7255,0.0252
data_clean\train\def_front\cast_def_0_9600.jpeg,train,1,0.9992,0.8016,0.9742,0.8635
data_clean\train\def_front\cast_def_0_9601.jpeg,train,0,0.9991,0.3603,0.1673,0.4620
data_clean\train\def_front\cast_def_0_9602.jpeg,train,0,0.0001,0.0603,0.5925,0.0840
data_clean\train\def_front\cast_def_0_9604.jpeg,train,1,0.0374,0.0984,0.4808,0.1860
data_clean\train\def_front\cast_def_0_9607.jpeg,train,0,0.0038,0.2910,0.9417,0.0256
data_clean\train\def_front\cast_def_0_9609.jpeg,train,0,0.0100,0.0779,0.9113,0.0992
data_clean\train\def_front\cast_def_0_9610.jpeg,train,0,0.9997,0.0645,0.0010,0.9823
data_clean\train\def_front\cast_def_0_9616.jpeg,train,0,0.0076,0.0087,0.7013,0.5601
data_clean\train\def_front\cast_def_0_962.jpeg,train,0,0.0122,0.0572,0.9290,0.0695
data_clean\train\def_front\cast_def_0_9621.jpeg,train,0,0.0005,0.9993,0.0001,0.0475
data_clean\train\def_front\cast_def_0_9624.jpeg,train,0,0.0940,0.4987,0.9144,0.1444
data_clean\train\def_front\cast_def_0_9626.jpeg,train,0,0.9997,0.1696,0.0016,0.9750
data_clean\train\def_front\cast_def_0_9627.jpeg,train,0,0.0001,0.0151,0.6698,0.2322
data_clean\train\def_front\cast_def_0_9628.jpeg,train,0,0.9992,0.3986,0.2937,0.2273
data_clean\train\def_front\cast_def_0_9630.jpeg,train,0,0.9974,0.5697,0.6240,0.2951
data_clean\train\def_front\cast_def_0_9631.jpeg,train,1,0.0144,0.0164,0.0031,0.9833
data_clean\train\def_front\cast_def_0_9633.jpeg,train,0,1.0000,0.1378,0.0330,0.8108
data_clean\train\def_front\cast_def_0_9634.jpeg,train,0,0.0006,0.0301,0.7821,0.0824
data_clean\train\def_front\cast_def_0_9635.jpeg,train,0,0.0004,0.0567,0.6047,0.1588
data_clean\train\def_front\cast_def_0_9637.jpeg,train,0,0.0000,0.3926,0.9450,0.0066
data_clean\train\def_front\cast_def_0_9639.jpeg,train,0,0.9997,0.8044,0.9816,0.9012
data_clean\train\def_front\cast_def_0_964.jpeg,train,0,0.0034,0.1145,0.6675,0.1808
data_clean\train\def_front\cast_def_0_9642.jpeg,train,0,0.0001,0.9977,0.0005,0.0368
data_clean\train\def_front\cast_def_0_9646.jpeg,train,0,0.0158,0.3304,0.7873,0.0633
data_clean\train\def_front\cast_def_0_9647.jpeg,train,0,0.0006,0.0165,0.9016,0.1433
data_clean\train\def_front\cast_def_0_965.jpeg,train,0,0.0020,0.0785,0.0100,0.8810
data_clean\train\def_front\cast_def_0_9650.jpeg,train,0,0.0046,0.0551,0.6314,0.3469
data_clean\train\def_front\cast_def_0_9651.jpeg,train,0,0.0003,0.9908,0.0003,0.1770
data_clean\train\def_front\cast_def_0_9658.jpeg,train,0,0.0000,0.6270,0.7933,0.0038
data_clean\train\def_front\cast_def_0_9659.jpeg,train,0,0.0000,0.9999,0.0013,0.0014
data_clean\train\def_front\cast_def_0_9660.jpeg,train,0,0.0042,0.1032,0.6934,0.2701
data_clean\train\def_front\cast_def_0_9661.jpeg,train,0,0.9995,0.5777,0.8828,0.8485
data_clean\train\def_front\cast_def_0_9670.jpeg,train,0,0.0015,0.0594,0.5480,0.1275
data_clean\train\def_front\cast_def_0_9671.jpeg,train,0,0.0008,0.0202,0.8075,0.1336
data_clean\train\def_front\cast_def_0_9673.jpeg,train,0,0.9992,0.2731,0.0025,0.9560
data_clean\train\def_front\cast_def_0_9677.jpeg,train,0,0.9982,0.7939,0.9657,0.8393
data_clean\train\def_front\cast_def_0_9678.jpeg,train,0,0.0004,0.0820,0.8632,0.0774
data_clean\train\def_front\cast_def_0_9682.jpeg,train,0,0.0017,0.0134,0.6531,0.2514
data_clean\train\def_front\cast_def_0_9683.jpeg,train,0,0.0013,0.0205,0.6338,0.2899
data_clean\train\def_front\cast_def_0_9685.jpeg,train,0,0.0001,0.1626,0.0087,0.6750
data_clean\train\def_front\cast_def_0_9689.jpeg,train,0,0.0258,0.0105,0.0115,0.9720
data_clean\train\def_front\cast_def_0_9691.jpeg,train,0,0.9958,0.2391,0.0475,0.9051
data_clean\train\def_front\cast_def_0_9693.jpeg,train,0,0.0036,0.2410,0.9295,0.1128
data_clean\train\def_front\cast_def_0_9695.jpeg,train,0,0.0001,0.3252,0.9389,0.0132
data_clean\train\def_front\cast_def_0_9697.jpeg,train,0,0.0000,0.4042,0.9333,0.0065
data_clean\train\def_front\cast_def_0_97.jpeg,train,0,1.0000,0.1205,0.0460,0.7537
data_clean\train\def_front\cast_def_0_970.jpeg,train,0,0.0001,0.9912,0.0011,0.0473
data_clean\train\def_front\cast_def_0_9700.jpeg,train,0,0.1795,0.0275,0.0206,0.9461
data_clean\train\def_front\cast_def_0_9701.jpeg,train,0,0.0109,0.0925,0.8997,0.1700
data_clean\train\def_front\cast_def_0_9702.jpeg,train,0,0.0038,0.1524,0.9311,0.0354
data_clean\train\def_front\cast_def_0_9703.jpeg,train,0,0.9989,0.3339,0.1751,0.7785
data_clean\train\def_front\cast_def_0_9705.jpeg,train,0,0.0007,0.1470,0.7569,0.1081
data_clean\train\def_front\cast_def_0_9707.jpeg,train,1,0.1719,0.0309,0.0418,0.9199
data_clean\train\def_front\cast_def_0_9710.jpeg,train,1,0.0011,0.0221,0.8622,0.1572
data_clean\train\def_front\cast_def_0_9713.jpeg,train,0,0.0033,0.1023,0.0049,0.8581
data_clean\train\def_front\cast_def_0_9715.jpeg,train,0,0.0016,0.2886,0.8110,0.0526
data_clean\train\def_front\cast_def_0_9717.jpeg,train,0,0.9997,0.4248,0.5708,0.5183
data_clean\train\def_front\cast_def_0_972.jpeg,train,0,0.9990,0.2249,0.0478,0.5687
data_clean\train\def_front\cast_def_0_9723.jpeg,train,0,0.0007,0.0070,0.8126,0.3280
data_clean\train\def_front\cast_def_0_973.jpeg,train,0,0.0013,0.0905,0.6551,0.1820
data_clean\train\def_front\cast_def_0_9730.jpeg,train,0,0.9986,0.2283,0.1310,0.5027
data_clean\train\def_front\cast_def_0_9736.jpeg,train,0,0.9999,0.1685,0.0383,0.7602
data_clean\train\def_front\cast_def_0_974.jpeg,train,0,0.0042,0.1505,0.5595,0.1267
data_clean\train\def_front\cast_def_0_9740.jpeg,train,0,0.0029,0.0156,0.0650,0.8607
data_clean\train\def_front\cast_def_0_9743.jpeg,train,0,0.2696,0.3022,0.7451,0.2537
data_clean\train\def_front\cast_def_0_9744.jpeg,train,0,0.0011,0.2258,0.0050,0.7794
data_clean\train\def_front\cast_def_0_9745.jpeg,train,0,0.0084,0.0687,0.3219,0.3279
data_clean\train\def_front\cast_def_0_9750.jpeg,train,0,0.0038,0.0042,0.0238,0.9469
data_clean\train\def_front\cast_def_0_9753.jpeg,train,0,0.9998,0.1117,0.0038,0.9403
data_clean\train\def_front\cast_def_0_9757.jpeg,train,0,0.0227,0.0264,0.0019,0.9882
data_clean\train\def_front\cast_def_0_9759.jpeg,train,0,0.0126,0.0263,0.9158,0.0860
data_clean\train\def_front\cast_def_0_9761.jpeg,train,0,0.9999,0.3534,0.2179,0.7205
data_clean\train\def_front\cast_def_0_9762.jpeg,train,0,0.0044,0.9974,0.0002,0.1213
data_clean\train\def_front\cast_def_0_9765.jpeg,train,0,0.1140,0.4911,0.8676,0.1316
data_clean\train\def_front\cast_def_0_9775.jpeg,train,1,0.0424,0.0364,0.0023,0.9743
data_clean\train\def_front\cast_def_0_9777.jpeg,train,0,0.9999,0.0456,0.0012,0.9758
data_clean\train\def_front\cast_def_0_978.jpeg,train,0,0.0018,0.0113,0.6773,0.3289
data_clean\train\def_front\cast_def_0_9784.jpeg,train,0,0.0203,0.0189,0.0020,0.9836
data_clean\train\def_front\cast_def_0_9785.jpeg,train,1,0.0051,0.1164,0.5529,0.0785
data_clean\train\def_front\cast_def_0_9792.jpeg,train,0,0.9997,0.1470,0.0258,0.7554
data_clean\train\def_front\cast_def_0_9794.jpeg,train,0,0.0018,0.1435,0.6939,0.0801
data_clean\train\def_front\cast_def_0_9798.jpeg,train,0,1.0000,0.4238,0.5290,0.5773
data_clean\train\def_front\cast_def_0_9799.jpeg,train,0,0.0001,0.9884,0.0014,0.0401
data_clean\train\def_front\cast_def_0_98.jpeg,train,0,0.0010,0.0719,0.6379,0.1682
data_clean\train\def_front\cast_def_0_9800.jpeg,train,0,0.0009,0.1221,0.6566,0.2325
data_clean\train\def_front\cast_def_0_9802.jpeg,train,0,0.9992,0.5127,0.5966,0.4419
data_clean\train\def_front\cast_def_0_9805.jpeg,train,0,1.0000,0.3020,0.1334,0.8078
data_clean\train\def_front\cast_def_0_9808.jpeg,train,1,0.0112,0.0516,0.2812,0.7109
data_clean\train\def_front\cast_def_0_9811.jpeg,train,0,0.9999,0.2548,0.0501,0.8783
data_clean\train\def_front\cast_def_0_9812.jpeg,train,0,0.0046,0.0864,0.8246,0.1597
data_clean\train\def_front\cast_def_0_9813.jpeg,train,0,0.0001,0.0040,0.5770,0.3596
data_clean\train\def_front\cast_def_0_9816.jpeg,train,0,0.0086,0.0044,0.0111,0.9725
data_clean\train\def_front\cast_def_0_9817.jpeg,train,0,0.9999,0.0825,0.0004,0.9707
data_clean\train\def_front\cast_def_0_9818.jpeg,train,0,0.0004,0.0037,0.4786,0.7532
data_clean\train\def_front\cast_def_0_982.jpeg,train,0,0.0014,0.1623,0.7631,0.0583
data_clean\train\def_front\cast_def_0_9820.jpeg,train,0,0.0004,0.0578,0.8121,0.0399
data_clean\train\def_front\cast_def_0_9821.jpeg,train,0,0.9983,0.7775,0.9585,0.7910
data_clean\train\def_front\cast_def_0_9823.jpeg,train,0,0.0067,0.2435,0.9317,0.0491
data_clean\train\def_front\cast_def_0_9825.jpeg,train,0,0.9989,0.2625,0.0828,0.7426
data_clean\train\def_front\cast_def_0_9826.jpeg,train,0,0.0019,0.1304,0.8012,0.0476
data_clean\train\def_front\cast_def_0_983.jpeg,train,0,0.9962,0.6436,0.6314,0.2888
data_clean\train\def_front\cast_def_0_9831.jpeg,train,0,0.0019,0.0052,0.0167,0.9532
data_clean\train\def_front\cast_def_0_9832.jpeg,train,0,0.9998,0.3707,0.2296,0.3747
data_clean\train\def_front\cast_def_0_9833.jpeg,train,0,0.9994,0.4341,0.3578,0.4222
data_clean\train\def_front\cast_def_0_9835.jpeg,train,0,0.9998,0.1233,0.0171,0.7741
data_clean\train\def_front\cast_def_0_9838.jpeg,train,0,0.0000,0.9995,0.0007,0.0031
data_clean\train\def_front\cast_def_0_9839.jpeg,train,0,1.0000,0.2101,0.1241,0.6826
data_clean\train\def_front\cast_def_0_984.jpeg,train,0,0.0003,0.0676,0.7566,0.0794
data_clean\train\def_front\cast_def_0_9841.jpeg,train,0,0.0183,0.0371,0.5049,0.5148
data_clean\train\def_front\cast_def_0_9842.jpeg,train,0,0.0000,0.9993,0.0005,0.0083
data_clean\train\def_front\cast_def_0_9843.jpeg,train,0,0.0002,0.9983,0.0003,0.0627
data_clean\train\def_front\cast_def_0_9845.jpeg,train,0,1.0000,0.0284,0.0162,0.3768
data_clean\train\def_front\cast_def_0_9847.jpeg,train,0,0.0002,0.1489,0.3381,0.2271
data_clean\train\def_front\cast_def_0_9848.jpeg,train,0,1.0000,0.1596,0.0589,0.8040
data_clean\train\def_front\cast_def_0_985.jpeg,train,0,0.0531,0.4893,0.8726,0.2303
data_clean\train\def_front\cast_def_0_9851.jpeg,train,0,0.0040,0.0075,0.0259,0.9445
data_clean\train\def_front\cast_def_0_9852.jpeg,train,0,0.9999,0.2089,0.1314,0.7342
data_clean\train\def_front\cast_def_0_9854.jpeg,train,0,1.0000,0.2898,0.3085,0.4788
data_clean\train\def_front\cast_def_0_9855.jpeg,train,0,0.0003,0.0026,0.7649,0.2319
data_clean\train\def_front\cast_def_0_9858.jpeg,train,0,0.1281,0.1828,0.8393,0.4928
data_clean\train\def_front\cast_def_0_9861.jpeg,train,0,0.9947,0.4908,0.4250,0.3031
data_clean\train\def_front\cast_def_0_9863.jpeg,train,0,0.0000,0.9996,0.0014,0.0023
data_clean\train\def_front\cast_def_0_9864.jpeg,train,0,0.0014,0.0591,0.9470,0.0592
data_clean\train\def_front\cast_def_0_9865.jpeg,train,0,0.9947,0.7704,0.7623,0.1529
data_clean\train\def_front\cast_def_0_9867.jpeg,train,1,0.0005,0.2331,0.9487,0.0129
data_clean\train\def_front\cast_def_0_987.jpeg,train,0,0.9997,0.5724,0.8218,0.6969
data_clean\train\def_front\cast_def_0_9870.jpeg,train,0,0.0937,0.0067,0.0086,0.9768
data_clean\train\def_front\cast_def_0_9871.jpeg,train,0,0.9977,0.7425,0.9490,0.8360
data_clean\train\def_front\cast_def_0_9872.jpeg,train,0,1.0000,0.0581,0.0037,0.9303
data_clean\train\def_front\cast_def_0_9873.jpeg,train,0,0.0003,0.0126,0.7644,0.1995
data_clean\train\def_front\cast_def_0_9874.jpeg,train,0,0.0001,0.0132,0.6722,0.2192
data_clean\train\def_front\cast_def_0_9876.jpeg,train,0,0.0000,0.2462,0.9490,0.0057
data_clean\train\def_front\cast_def_0_9878.jpeg,train,0,0.0041,0.1255,0.8275,0.0793
data_clean\train\def_front\cast_def_0_9879.jpeg,train,0,0.0006,0.5519,0.0487,0.3274
data_clean\train\def_front\cast_def_0_9880.jpeg,train,0,0.0032,0.0637,0.0057,0.9492
data_clean\train\def_front\cast_def_0_9886.jpeg,train,1,0.9985,0.7400,0.9118,0.8480
data_clean\train\def_front\cast_def_0_9888.jpeg,train,0,0.0007,0.0025,0.4053,0.5007
data_clean\train\def_front\cast_def_0_9889.jpeg,train,0,0.0009,0.0330,0.9062,0.1400
data_clean\train\def_front\cast_def_0_9890.jpeg,train,1,0.0139,0.0266,0.8550,0.1385
data_clean\train\def_front\cast_def_0_9891.jpeg,train,0,0.0000,0.9999,0.0002,0.0018
data_clean\train\def_front\cast_def_0_9892.jpeg,train,0,0.0689,0.3033,0.8383,0.1161
data_clean\train\def_front\cast_def_0_9893.jpeg,train,0,0.0061,0.1099,0.8636,0.1930
data_clean\train\def_front\cast_def_0_9897.jpeg,train,0,0.0002,0.0133,0.8273,0.1599
data_clean\train\def_front\cast_def_0_99.jpeg,train,0,0.0027,0.1683,0.8602,0.0833
data_clean\train\def_front\cast_def_0_9903.jpeg,train,0,0.9999,0.2329,0.0363,0.8397
data_clean\train\def_front\cast_def_0_9906.jpeg,train,0,0.0046,0.0217,0.3363,0.7288
data_clean\train\def_front\cast_def_0_9908.jpeg,train,0,0.0000,0.6367,0.9038,0.0049
data_clean\train\def_front\cast_def_0_9909.jpeg,train,0,0.9989,0.7199,0.8839,0.6331
data_clean\train\def_front\cast_def_0_9910.jpeg,train,0,0.0001,0.0622,0.0099,0.6833
data_clean\train\def_front\cast_def_0_9911.jpeg,train,0,0.0004,0.1291,0.9438,0.0551
data_clean\train\def_front\cast_def_0_9912.jpeg,train,0,1.0000,0.2705,0.2986,0.5153
data_clean\train\def_front\cast_def_0_9914.jpeg,train,0,0.0000,0.5872,0.8297,0.0032
data_clean\train\def_front\cast_def_0_9915.jpeg,train,1,0.0435,0.2397,0.8123,0.3318
data_clean\train\def_front\cast_def_0_9917.jpeg,train,0,0.0011,0.0574,0.8525,0.0703
data_clean\train\def_front\cast_def_0_992.jpeg,train,0,0.9999,0.1222,0.0012,0.9787
data_clean\train\def_front\cast_def_0_9920.jpeg,train,0,0.0003,0.0991,0.8688,0.0537
data_clean\train\def_front\cast_def_0_9921.jpeg,train,0,0.0009,0.1717,0.7636,0.0541
data_clean\train\def_front\cast_def_0_9923.jpeg,train,1,0.9994,0.7599,0.9641,0.8855
data_clean\train\def_front\cast_def_0_9924.jpeg,train,0,0.0005,0.9926,0.0003,0.2085
data_clean\train\def_front\cast_def_0_9927.jpeg,train,0,0.0253,0.0848,0.6240,0.6388
data_clean\train\def_front\cast_def_0_9928.jpeg,train,0,0.0006,0.0200,0.7903,0.1068
data_clean\train\def_front\cast_def_0_9929.jpeg,train,1,0.9979,0.8087,0.9541,0.8480
data_clean\train\def_front\cast_def_0_993.jpeg,train,0,0.0379,0.4380,0.7981,0.0791
data_clean\train\def_front\cast_def_0_9930.jpeg,train,0,0.0026,0.0695,0.6881,0.0978
data_clean\train\def_front\cast_def_0_9933.jpeg,train,0,0.0010,0.0196,0.7958,0.3335
data_clean\train\def_front\cast_def_0_9935.jpeg,train,0,0.9979,0.2786,0.0544,0.7761
data_clean\train\def_front\cast_def_0_9937.jpeg,train,0,0.0002,0.0118,0.8743,0.1668
data_clean\train\def_front\cast_def_0_9945.jpeg,train,0,0.9886,0.0319,0.0472,0.5802
data_clean\train\def_front\cast_def_0_9946.jpeg,train,0,0.0092,0.1841,0.6673,0.1401
data_clean\train\def_front\cast_def_0_9947.jpeg,train,0,0.9969,0.7957,0.7679,0.2454
data_clean\train\def_front\cast_def_0_9953.jpeg,train,0,1.0000,0.1905,0.1917,0.5618
data_clean\train\def_front\cast_def_0_9956.jpeg,train,0,0.0005,0.0502,0.7847,0.1150
data_clean\train\def_front\cast_def_0_9958.jpeg,train,0,0.0103,0.1965,0.9063,0.1260
data_clean\train\def_front\cast_def_0_9963.jpeg,train,0,0.0020,0.0351,0.5481,0.3250
data_clean\train\def_front\cast_def_0_9965.jpeg,train,0,0.0005,0.0845,0.4647,0.2054
data_clean\train\def_front\cast_def_0_9966.jpeg,train,0,0.0007,0.0576,0.6903,0.1582
data_clean\train\def_front\cast_def_0_997.jpeg,train,0,0.9987,0.2426,0.0018,0.9780
data_clean\train\def_front\cast_def_0_9970.jpeg,train,0,0.0006,0.1668,0.6327,0.1028
data_clean\train\def_front\cast_def_0_9975.jpeg,train,0,0.9995,0.1194,0.0512,0.6149
data_clean\train\def_front\cast_def_0_9977.jpeg,train,0,0.0017,0.0091,0.0420,0.8757
data_clean\train\def_front\cast_def_0_9981.jpeg,train,0,0.9996,0.4088,0.3586,0.3028
data_clean\train\def_front\cast_def_0_9982.jpeg,train,0,0.0007,0.0335,0.8470,0.2080
data_clean\train\def_front\cast_def_0_9983.jpeg,train,0,0.9999,0.1501,0.1720,0.7325
data_clean\train\def_front\cast_def_0_9986.jpeg,train,0,0.0023,0.1292,0.4616,0.2536
data_clean\train\def_front\cast_def_0_9988.jpeg,train,0,0.0004,0.0707,0.8926,0.1151
data_clean\train\def_front\cast_def_0_999.jpeg,train,0,0.9997,0.1690,0.0025,0.9609
data_clean\train\def_front\cast_def_0_9992.jpeg,train,0,0.9994,0.7392,0.9589,0.8512
data_clean\train\def_front\cast_def_0_9996.jpeg,train,0,0.9994,0.2365,0.0039,0.9390
data_clean\train\def_front\cast_def_0_9997.jpeg,train,0,0.0007,0.0452,0.8159,0.0846
data_clean\val\def_front\cast_def_0_1059.jpeg,val,0,0.0014,0.0100,0.3483,0.6617
data_clean\val\def_front\cast_def_0_1063.jpeg,val,0,0.0003,0.0070,0.1904,0.6014
data_clean\val\def_front\cast_def_0_108.jpeg,val,1,0.9998,0.6811,0.9253,0.8211
data_clean\val\def_front\cast_def_0_1096.jpeg,val,0,0.0000,0.0084,0.7511,0.1306
data_clean\val\def_front\cast_def_0_112.jpeg,val,0,1.0000,0.1045,0.0109,0.8447
data_clean\val\def_front\cast_def_0_1134.jpeg,val,0,0.9990,0.5303,0.6291,0.4676
data_clean\val\def_front\cast_def_0_1136.jpeg,val,0,0.9970,0.4795,0.4302,0.6376
data_clean\val\def_front\cast_def_0_1137.jpeg,val,0,0.0000,0.7203,0.7864,0.0031
data_clean\val\def_front\cast_def_0_1153.jpeg,val,0,0.0130,0.0228,0.0016,0.9844
data_clean\val\def_front\cast_def_0_1171.jpeg,val,0,0.0168,0.1294,0.8773,0.1108
data_clean\val\def_front\cast_def_0_1172.jpeg,val,0,0.9999,0.0683,0.0009,0.9759
data_clean\val\def_front\cast_def_0_1174.jpeg,val,0,0.9999,0.0577,0.0077,0.8825
data_clean\val\def_front\cast_def_0_118.jpeg,val,0,0.0027,0.1870,0.6861,0.1326
data_clean\val\def_front\cast_def_0_1186.jpeg,val,0,0.0063,0.0601,0.8567,0.2164
data_clean\val\def_front\cast_def_0_1189.jpeg,val,0,0.9999,0.3410,0.3587,0.4198
data_clean\val\def_front\cast_def_0_1191.jpeg,val,1,0.0054,0.1727,0.5455,0.1657
data_clean\val\def_front\cast_def_0_1203.jpeg,val,0,0.0002,0.9871,0.0160,0.0138
data_clean\val\def_front\cast_def_0_1211.jpeg,val,0,1.0000,0.0276,0.0043,0.5581
data_clean\val\def_front\cast_def_0_1215.jpeg,val,0,0.0079,0.2001,0.0007,0.9709
data_clean\val\def_front\cast_def_0_1231.jpeg,val,0,0.0008,0.0373,0.6758,0.2205
data_clean\val\def_front\cast_def_0_1233.jpeg,val,0,0.0000,0.4425,0.8494,0.0030
data_clean\val\def_front\cast_def_0_1238.jpeg,val,0,1.0000,0.1465,0.0636,0.7705
data_clean\val\def_front\cast_def_0_1239.jpeg,val,0,0.0047,0.2149,0.9203,0.0400
data_clean\val\def_front\cast_def_0_1258.jpeg,val,0,0.0039,0.0539,0.4461,0.4137
data_clean\val\def_front\cast_def_0_1260.jpeg,val,0,1.0000,0.0603,0.0340,0.2834
data_clean\val\def_front\cast_def_0_1264.jpeg,val,0,0.0003,0.0871,0.8399,0.0344
data_clean\val\def_front\cast_def_0_1269.jpeg,val,0,0.0020,0.3110,0.8175,0.0511
data_clean\val\def_front\cast_def_0_1291.jpeg,val,0,0.0005,0.0058,0.1839,0.6667
data_clean\val\def_front\cast_def_0_1292.jpeg,val,0,0.9987,0.3140,0.0623,0.6056
data_clean\val\def_front\cast_def_0_1294.jpeg,val,0,1.0000,0.1093,0.0217,0.8403
data_clean\val\def_front\cast_def_0_1298.jpeg,val,0,0.0018,0.0554,0.7877,0.1398
data_clean\val\def_front\cast_def_0_1320.jpeg,val,0,0.0010,0.0430,0.6908,0.2470
data_clean\val\def_front\cast_def_0_1323.jpeg,val,0,0.0000,0.5516,0.9084,0.0059
data_clean\val\def_front\cast_def_0_1324.jpeg,val,0,0.9920,0.0999,0.1547,0.3688
data_clean\val\def_front\cast_def_0_1351.jpeg,val,0,0.8893,0.0176,0.0706,0.5446
data_clean\val\def_front\cast_def_0_1352.jpeg,val,0,0.0001,0.0279,0.8319,0.0655
data_clean\val\def_front\cast_def_0_1358.jpeg,val,0,0.0012,0.0072,0.7102,0.4059
data_clean\val\def_front\cast_def_0_1359.jpeg,val,0,0.0005,0.9918,0.0008,0.0555
data_clean\val\def_front\cast_def_0_1376.jpeg,val,0,0.9975,0.5478,0.5836,0.1119
data_clean\val\def_front\cast_def_0_1379.jpeg,val,0,0.0046,0.0325,0.8307,0.0734
data_clean\val\def_front\cast_def_0_138.jpeg,val,0,0.9995,0.2048,0.0051,0.9429
data_clean\val\def_front\cast_def_0_1381.jpeg,val,0,0.9835,0.7494,0.8039,0.3179
data_clean\val\def_front\cast_def_0_1388.jpeg,val,0,0.9982,0.0995,0.0741,0.5786
data_clean\val\def_front\cast_def_0_1392.jpeg,val,0,0.9999,0.1264,0.0176,0.6795
data_clean\val\def_front\cast_def_0_1394.jpeg,val,0,1.0000,0.2476,0.1150,0.6791
data_clean\val\def_front\cast_def_0_1397.jpeg,val,0,0.9994,0.1224,0.0011,0.9463
data_clean\val\def_front\cast_def_0_1399.jpeg,val,0,0.0004,0.9992,0.0003,0.0165
data_clean\val\def_front\cast_def_0_1400.jpeg,val,1,0.0495,0.3030,0.8113,0.1444
data_clean\val\def_front\cast_def_0_1411.jpeg,val,0,0.0001,0.0088,0.6730,0.1662
data_clean\val\def_front\cast_def_0_1412.jpeg,val,0,0.0003,0.9588,0.0088,0.0349
data_clean\val\def_front\cast_def_0_1413.jpeg,val,0,0.0695,0.4054,0.8923,0.1867
data_clean\val\def_front\cast_def_0_1414.jpeg,val,0,1.0000,0.0445,0.0166,0.6831
data_clean\val\def_front\cast_def_0_1418.jpeg,val,0,0.9998,0.0684,0.0067,0.9347
data_clean\val\def_front\cast_def_0_1421.jpeg,val,0,0.0046,0.0184,0.4451,0.4960
data_clean\val\def_front\cast_def_0_1422.jpeg,val,0,0.0043,0.0555,0.6283,0.3707
data_clean\val\def_front\cast_def_0_1424.jpeg,val,0,0.0005,0.9976,0.0005,0.0410
data_clean\val\def_front\cast_def_0_1425.jpeg,val,0,0.0003,0.9874,0.0004,0.1148
data_clean\val\def_front\cast_def_0_143.jpeg,val,0,0.0012,0.0480,0.6846,0.2699
data_clean\val\def_front\cast_def_0_144.jpeg,val,0,0.0160,0.1791,0.8829,0.0782
data_clean\val\def_front\cast_def_0_1443.jpeg,val,0,0.0007,0.0469,0.8816,0.0594
data_clean\val\def_front\cast_def_0_1447.jpeg,val,0,0.9993,0.1902,0.0127,0.8580
data_clean\val\def_front\cast_def_0_1453.jpeg,val,0,1.0000,0.3184,0.4309,0.4160
data_clean\val\def_front\cast_def_0_1462.jpeg,val,1,0.0021,0.0224,0.8028,0.4222
data_clean\val\def_front\cast_def_0_1466.jpeg,val,0,0.9985,0.7703,0.9571,0.8544
data_clean\val\def_front\cast_def_0_1467.jpeg,val,0,0.9995,0.7764,0.9629,0.8885
data_clean\val\def_front\cast_def_0_147.jpeg,val,0,0.0007,0.0475,0.4853,0.2833
data_clean\val\def_front\cast_def_0_1471.jpeg,val,0,0.0002,0.9991,0.0005,0.0227
data_clean\val\def_front\cast_def_0_1474.jpeg,val,0,0.9930,0.6914,0.7276,0.3220
data_clean\val\def_front\cast_def_0_1476.jpeg,val,0,0.0019,0.0323,0.5780,0.2863
data_clean\val\def_front\cast_def_0_1477.jpeg,val,0,0.0003,0.1061,0.8225,0.1044
data_clean\val\def_front\cast_def_0_148.jpeg,val,0,0.0005,0.0139,0.7434,0.1702
data_clean\val\def_front\cast_def_0_1480.jpeg,val,0,0.0079,0.0900,0.9029,0.2135
data_clean\val\def_front\cast_def_0_1486.jpeg,val,0,0.0011,0.0376,0.5733,0.3701
data_clean\val\def_front\cast_def_0_1488.jpeg,val,0,0.0002,0.9917,0.0012,0.0658
data_clean\val\def_front\cast_def_0_149.jpeg,val,0,0.0123,0.0969,0.8730,0.2119
data_clean\val\def_front\cast_def_0_1492.jpeg,val,0,0.0022,0.9829,0.0008,0.2452
data_clean\val\def_front\cast_def_0_1493.jpeg,val,0,0.0013,0.9982,0.0001,0.1129
data_clean\val\def_front\cast_def_0_1497.jpeg,val,0,0.0165,0.0411,0.8806,0.1004
data_clean\val\def_front\cast_def_0_1499.jpeg,val,0,0.9987,0.7656,0.9633,0.9041
data_clean\val\def_front\cast_def_0_15.jpeg,val,0,0.0005,0.0297,0.0143,0.8646
data_clean\val\def_front\cast_def_0_150.jpeg,val,0,0.0001,0.3516,0.2964,0.1213
data_clean\val\def_front\cast_def_0_1500.jpeg,val,0,0.0115,0.1355,0.8276,0.2199
data_clean\val\def_front\cast_def_0_1505.jpeg,val,0,0.0018,0.1396,0.6573,0.0914
data_clean\val\def_front\cast_def_0_1506.jpeg,val,0,0.0000,0.7710,0.8147,0.0038
data_clean\val\def_front\cast_def_0_1507.jpeg,val,0,0.9996,0.0828,0.0005,0.9915
data_clean\val\def_front\cast_def_0_1509.jpeg,val,0,0.0013,0.0362,0.6439,0.2429
data_clean\val\def_front\cast_def_0_151.jpeg,val,0,0.9973,0.5301,0.5693,0.3355
data_clean\val\def_front\cast_def_0_1510.jpeg,val,0,0.9999,0.0878,0.0006,0.9853
data_clean\val\def_front\cast_def_0_1511.jpeg,val,0,0.9945,0.8145,0.8670,0.2275
data_clean\val\def_front\cast_def_0_1517.jpeg,val,0,0.0001,0.0045,0.5863,0.2314
data_clean\val\def_front\cast_def_0_1518.jpeg,val,0,0.9997,0.2348,0.0085,0.9057
data_clean\val\def_front\cast_def_0_1519.jpeg,val,0,0.0002,0.0587,0.0066,0.8283
data_clean\val\def_front\cast_def_0_1528.jpeg,val,0,0.0008,0.0150,0.8379,0.1161
data_clean\val\def_front\cast_def_0_1529.jpeg,val,0,0.9999,0.1895,0.0679,0.7149
data_clean\val\def_front\cast_def_0_1535.jpeg,val,0,0.0002,0.0759,0.0046,0.8533
data_clean\val\def_front\cast_def_0_1536.jpeg,val,0,0.0015,0.0234,0.0257,0.8701
data_clean\val\def_front\cast_def_0_1539.jpeg,val,0,0.0002,0.9998,0.0001,0.0150
data_clean\val\def_front\cast_def_0_154.jpeg,val,0,1.0000,0.1834,0.0480,0.8778
data_clean\val\def_front\cast_def_0_1544.jpeg,val,0,0.0067,0.2751,0.9067,0.0366
data_clean\val\def_front\cast_def_0_1546.jpeg,val,0,0.9993,0.7359,0.9389,0.8985
data_clean\val\def_front\cast_def_0_1547.jpeg,val,0,0.9992,0.2462,0.0357,0.6441
data_clean\val\def_front\cast_def_0_1553.jpeg,val,0,0.9998,0.2183,0.0594,0.7869
data_clean\val\def_front\cast_def_0_1555.jpeg,val,0,0.9983,0.6396,0.7084,0.2275
data_clean\val\def_front\cast_def_0_1556.jpeg,val,0,1.0000,0.2949,0.1879,0.6589
data_clean\val\def_front\cast_def_0_1560.jpeg,val,0,0.9997,0.2104,0.0091,0.8847
data_clean\val\def_front\cast_def_0_1565.jpeg,val,0,1.0000,0.0452,0.0061,0.8953
data_clean\val\def_front\cast_def_0_1567.jpeg,val,0,0.0202,0.0379,0.3310,0.6494
data_clean\val\def_front\cast_def_0_1568.jpeg,val,1,0.9999,0.1331,0.0024,0.9205
data_clean\val\def_front\cast_def_0_1569.jpeg,val,0,0.9993,0.3625,0.0033,0.9441
data_clean\val\def_front\cast_def_0_157.jpeg,val,0,0.9996,0.6744,0.9001,0.7911
data_clean\val\def_front\cast_def_0_1570.jpeg,val,0,0.0044,0.9695,0.0004,0.4206
data_clean\val\def_front\cast_def_0_1571.jpeg,val,0,0.0002,0.0102,0.8910,0.2025
data_clean\val\def_front\cast_def_0_1573.jpeg,val,0,0.0029,0.2695,0.9065,0.0604
data_clean\val\def_front\cast_def_0_1574.jpeg,val,0,0.9983,0.6457,0.7223,0.2805
data_clean\val\def_front\cast_def_0_1576.jpeg,val,0,0.0002,0.0137,0.8430,0.1036
data_clean\val\def_front\cast_def_0_158.jpeg,val,0,0.0202,0.0044,0.0035,0.9849
data_clean\val\def_front\cast_def_0_1583.jpeg,val,0,0.9999,0.2590,0.2434,0.4385
data_clean\val\def_front\cast_def_0_1585.jpeg,val,0,0.0000,0.0109,0.6331,0.2303
data_clean\val\def_front\cast_def_0_1586.jpeg,val,0,0.1249,0.4338,0.8408,0.2448
data_clean\val\def_front\cast_def_0_1589.jpeg,val,0,0.0013,0.1063,0.6558,0.1206
data_clean\val\def_front\cast_def_0_159.jpeg,val,0,0.0007,0.1003,0.6845,0.1796
data_clean\val\def_front\cast_def_0_1590.jpeg,val,0,0.0029,0.0068,0.4017,0.6341
data_clean\val\def_front\cast_def_0_1591.jpeg,val,0,0.0006,0.4831,0.2045,0.2213
data_clean\val\def_front\cast_def_0_1593.jpeg,val,0,0.9999,0.2239,0.1046,0.6064
data_clean\val\def_front\cast_def_0_1594.jpeg,val,0,0.0096,0.0203,0.5378,0.6446
data_clean\val\def_front\cast_def_0_1596.jpeg,val,0,0.0002,0.0118,0.8814,0.1454
data_clean\val\def_front\cast_def_0_1599.jpeg,val,1,0.0002,0.0997,0.7803,0.0551
data_clean\val\def_front\cast_def_0_160.jpeg,val,0,0.9991,0.6469,0.9000,0.8415
data_clean\val\def_front\cast_def_0_1603.jpeg,val,0,0.0003,0.1047,0.9043,0.0573
data_clean\val\def_front\cast_def_0_1607.jpeg,val,0,0.0304,0.0978,0.2340,0.3898
data_clean\val\def_front\cast_def_0_1608.jpeg,val,0,0.0005,0.1227,0.8456,0.0489
data_clean\val\def_front\cast_def_0_161.jpeg,val,0,0.0007,0.0262,0.8400,0.1146
data_clean\val\def_front\cast_def_0_1612.jpeg,val,0,0.0013,0.0257,0.7385,0.2929
data_clean\val\def_front\cast_def_0_1613.jpeg,val,0,0.9998,0.4162,0.4900,0.4874
data_clean\val\def_front\cast_def_0_1614.jpeg,val,0,0.0128,0.3223,0.7874,0.0509
data_clean\val\def_front\cast_def_0_1617.jpeg,val,0,0.0001,0.0101,0.5459,0.2251
data_clean\val\def_front\cast_def_0_1618.jpeg,val,0,0.0000,0.3794,0.8485,0.0068
data_clean\val\def_front\cast_def_0_162.jpeg,val,0,0.0030,0.0689,0.9079,0.1032
data_clean\val\def_front\cast_def_0_1620.jpeg,val,1,1.0000,0.2058,0.0610,0.7462
data_clean\val\def_front\cast_def_0_1625.jpeg,val,0,0.9938,0.4994,0.5256,0.6720
data_clean\val\def_front\cast_def_0_1628.jpeg,val,0,0.1794,0.0295,0.1117,0.7740
data_clean\val\def_front\cast_def_0_1629.jpeg,val,0,0.9984,0.7503,0.9419,0.8786
data_clean\val\def_front\cast_def_0_1633.jpeg,val,0,0.0002,0.9962,0.0004,0.0898
data_clean\val\def_front\cast_def_0_1634.jpeg,val,0,0.0007,0.0488,0.8881,0.0628
data_clean\val\def_front\cast_def_0_1635.jpeg,val,0,1.0000,0.1333,0.0661,0.7077
data_clean\val\def_front\cast_def_0_1636.jpeg,val,0,0.0023,0.0319,0.6238,0.3194
data_clean\val\def_front\cast_def_0_1637.jpeg,val,0,1.0000,0.3333,0.3772,0.4085
data_clean\val\def_front\cast_def_0_1638.jpeg,val,0,0.9996,0.7685,0.9677,0.8918
data_clean\val\def_front\cast_def_0_1639.jpeg,val,0,0.0018,0.0580,0.6773,0.1534
data_clean\val\def_front\cast_def_0_164.jpeg,val,0,0.9997,0.2651,0.0657,0.7949
data_clean\val\def_front\cast_def_0_1640.jpeg,val,0,0.0004,0.0916,0.8261,0.0668
data_clean\val\def_front\cast_def_0_1642.jpeg,val,0,0.0036,0.1611,0.5980,0.2619
data_clean\val\def_front\cast_def_0_1644.jpeg,val,0,0.0052,0.3750,0.9047,0.0533
data_clean\val\def_front\cast_def_0_1645.jpeg,val,0,0.0043,0.0146,0.4481,0.4909
data_clean\val\def_front\cast_def_0_1647.jpeg,val,0,0.9984,0.5910,0.5389,0.2635
data_clean\val\def_front\cast_def_0_1653.jpeg,val,0,1.0000,0.2983,0.3531,0.4072
data_clean\val\def_front\cast_def_0_1660.jpeg,val,0,0.0006,0.0087,0.6645,0.4702
data_clean\val\def_front\cast_def_0_1661.jpeg,val,0,0.0003,0.0164,0.6871,0.2546
data_clean\val\def_front\cast_def_0_1665.jpeg,val,0,0.9979,0.3225,0.0737,0.4690
data_clean\val\def_front\cast_def_0_1666.jpeg,val,0,0.0316,0.1291,0.3454,0.3578
data_clean\val\def_front\cast_def_0_1677.jpeg,val,0,0.0005,0.1084,0.4459,0.1994
data_clean\val\def_front\cast_def_0_1678.jpeg,val,0,0.0002,0.0165,0.8101,0.1552
data_clean\val\def_front\cast_def_0_1681.jpeg,val,0,0.0059,0.0524,0.9217,0.1315
data_clean\val\def_front\cast_def_0_1682.jpeg,val,0,0.0011,0.0255,0.0322,0.8661
data_clean\val\def_front\cast_def_0_1683.jpeg,val,0,0.9999,0.1854,0.0536,0.6601
data_clean\val\def_front\cast_def_0_1684.jpeg,val,0,0.0004,0.1064,0.8905,0.1281
data_clean\val\def_front\cast_def_0_1685.jpeg,val,0,0.0000,0.6331,0.9154,0.0040
data_clean\val\def_front\cast_def_0_1686.jpeg,val,0,0.0008,0.0002,0.1269,0.8345
data_clean\val\def_front\cast_def_0_1688.jpeg,val,1,0.0007,0.9976,0.0009,0.0539
data_clean\val\def_front\cast_def_0_174.jpeg,val,0,0.9996,0.1296,0.0043,0.8828
data_clean\val\def_front\cast_def_0_175.jpeg,val,0,0.9961,0.6503,0.7274,0.3770
data_clean\val\def_front\cast_def_0_176.jpeg,val,0,0.0164,0.1756,0.9034,0.1416
data_clean\val\def_front\cast_def_0_181.jpeg,val,0,1.0000,0.2207,0.1695,0.4631
data_clean\val\def_front\cast_def_0_182.jpeg,val,0,0.0030,0.2266,0.8910,0.0890
data_clean\val\def_front\cast_def_0_184.jpeg,val,0,0.0081,0.1834,0.9449,0.1090
data_clean\val\def_front\cast_def_0_186.jpeg,val,0,0.0094,0.3372,0.8190,0.0893
data_clean\val\def_front\cast_def_0_1895.jpeg,val,0,0.9988,0.7396,0.8647,0.5741
data_clean\val\def_front\cast_def_0_190.jpeg,val,0,1.0000,0.1771,0.0560,0.6778
data_clean\val\def_front\cast_def_0_1903.jpeg,val,0,0.0042,0.9217,0.0005,0.6080
data_clean\val\def_front\cast_def_0_193.jpeg,val,1,0.9999,0.1395,0.0243,0.7443
data_clean\val\def_front\cast_def_0_1935.jpeg,val,0,0.0001,0.0177,0.7082,0.1349
data_clean\val\def_front\cast_def_0_197.jpeg,val,0,0.0008,0.0948,0.8318,0.1071
data_clean\val\def_front\cast_def_0_2053.jpeg,val,0,0.0005,0.0224,0.0072,0.9303
data_clean\val\def_front\cast_def_0_2084.jpeg,val,0,1.0000,0.1117,0.0102,0.8711
data_clean\val\def_front\cast_def_0_2100.jpeg,val,0,0.9998,0.0572,0.0129,0.6868
data_clean\val\def_front\cast_def_0_2102.jpeg,val,0,0.0054,0.6467,0.8270,0.0253
data_clean\val\def_front\cast_def_0_2104.jpeg,val,0,0.9998,0.1518,0.0178,0.6383
data_clean\val\def_front\cast_def_0_2126.jpeg,val,0,0.0007,0.0067,0.4601,0.3045
data_clean\val\def_front\cast_def_0_2135.jpeg,val,0,0.9994,0.7554,0.9587,0.8540
data_clean\val\def_front\cast_def_0_2136.jpeg,val,0,0.0158,0.0064,0.0158,0.9698
data_clean\val\def_front\cast_def_0_2137.jpeg,val,0,0.9990,0.7259,0.9523,0.9146
data_clean\val\def_front\cast_def_0_2154.jpeg,val,0,0.0006,0.5352,0.1678,0.1552
data_clean\val\def_front\cast_def_0_2155.jpeg,val,0,0.0087,0.2962,0.8506,0.1472
data_clean\val\def_front\cast_def_0_2156.jpeg,val,0,0.0622,0.3369,0.8422,0.1548
data_clean\val\def_front\cast_def_0_216.jpeg,val,0,0.0036,0.1716,0.9262,0.0703
data_clean\val\def_front\cast_def_0_2176.jpeg,val,0,0.0009,0.0070,0.0169,0.9467
data_clean\val\def_front\cast_def_0_2177.jpeg,val,0,0.0022,0.0186,0.0171,0.8394
data_clean\val\def_front\cast_def_0_2179.jpeg,val,0,0.0018,0.9968,0.0003,0.1133
data_clean\val\def_front\cast_def_0_218.jpeg,val,0,0.0003,0.0113,0.8054,0.2694
data_clean\val\def_front\cast_def_0_220.jpeg,val,0,0.0005,0.0813,0.9631,0.0258
data_clean\val\def_front\cast_def_0_221.jpeg,val,0,0.0000,0.3664,0.8973,0.0050
data_clean\val\def_front\cast_def_0_2211.jpeg,val,0,0.1861,0.0078,0.0006,0.9969
data_clean\val\def_front\cast_def_0_2212.jpeg,val,0,0.9999,0.1129,0.0231,0.8852
data_clean\val\def_front\cast_def_0_2215.jpeg,val,0,0.0095,0.1739,0.8878,0.1659
data_clean\val\def_front\cast_def_0_224.jpeg,val,0,0.0016,0.0320,0.8720,0.1621
data_clean\val\def_front\cast_def_0_2241.jpeg,val,0,0.0010,0.0326,0.8105,0.1542
data_clean\val\def_front\cast_def_0_2244.jpeg,val,0,0.0329,0.0118,0.0047,0.9898
data_clean\val\def_front\cast_def_0_2247.jpeg,val,0,0.0001,0.0045,0.8656,0.2215
data_clean\val\def_front\cast_def_0_2273.jpeg,val,0,0.0146,0.0761,0.9161,0.0611
data_clean\val\def_front\cast_def_0_2274.jpeg,val,0,0.0002,0.9744,0.0064,0.0938
data_clean\val\def_front\cast_def_0_2276.jpeg,val,0,1.0000,0.0787,0.0130,0.8948
data_clean\val\def_front\cast_def_0_228.jpeg,val,0,0.0006,0.0073,0.7861,0.2218
data_clean\val\def_front\cast_def_0_2299.jpeg,val,0,0.0005,0.0434,0.3638,0.2386
data_clean\val\def_front\cast_def_0_230.jpeg,val,0,0.0020,0.1287,0.9251,0.0492
data_clean\val\def_front\cast_def_0_2305.jpeg,val,0,0.0002,0.9924,0.0037,0.0192
data_clean\val\def_front\cast_def_0_2308.jpeg,val,0,0.0171,0.0982,0.1379,0.5048
data_clean\val\def_front\cast_def_0_2309.jpeg,val,0,0.0003,0.9992,0.0002,0.0229
data_clean\val\def_front\cast_def_0_231.jpeg,val,0,0.0029,0.0001,0.1172,0.9175
data_clean\val\def_front\cast_def_0_2319.jpeg,val,0,0.0016,0.1677,0.7224,0.0665
data_clean\val\def_front\cast_def_0_2324.jpeg,val,0,0.9999,0.0478,0.0009,0.9696
data_clean\val\def_front\cast_def_0_2339.jpeg,val,0,0.9999,0.2541,0.2301,0.5353
data_clean\val\def_front\cast_def_0_2341.jpeg,val,0,0.0263,0.0140,0.0105,0.9610
data_clean\val\def_front\cast_def_0_2342.jpeg,val,0,0.9996,0.0581,0.0011,0.9707
data_clean\val\def_front\cast_def_0_235.jpeg,val,0,0.9994,0.7303,0.9510,0.8472
data_clean\val\def_front\cast_def_0_236.jpeg,val,0,0.0010,0.9982,0.0006,0.0435
data_clean\val\def_front\cast_def_0_2372.jpeg,val,0,0.0001,0.6491,0.9333,0.0045
data_clean\val\def_front\cast_def_0_2375.jpeg,val,0,0.9988,0.1356,0.0250,0.7566
data_clean\val\def_front\cast_def_0_2376.jpeg,val,0,0.0148,0.0986,0.9252,0.0544
data_clean\val\def_front\cast_def_0_2392.jpeg,val,0,0.0000,0.4686,0.8884,0.0057
data_clean\val\def_front\cast_def_0_2393.jpeg,val,0,0.9988,0.2267,0.0578,0.8617
data_clean\val\def_front\cast_def_0_2396.jpeg,val,0,0.9996,0.4834,0.6096,0.4575
data_clean\val\def_front\cast_def_0_242.jpeg,val,0,0.9999,0.1636,0.0326,0.6772
data_clean\val\def_front\cast_def_0_2420.jpeg,val,0,0.9962,0.7489,0.7850,0.3766
data_clean\val\def_front\cast_def_0_2421.jpeg,val,0,0.9994,0.0989,0.0031,0.9435
data_clean\val\def_front\cast_def_0_2422.jpeg,val,0,0.0013,0.1125,0.8508,0.0543
data_clean\val\def_front\cast_def_0_2442.jpeg,val,0,0.0057,0.0260,0.6344,0.4227
data_clean\val\def_front\cast_def_0_2451.jpeg,val,0,0.0004,0.0023,0.6104,0.6676
data_clean\val\def_front\cast_def_0_2453.jpeg,val,0,0.0006,0.0260,0.7444,0.1568
data_clean\val\def_front\cast_def_0_246.jpeg,val,0,0.9991,0.7828,0.9637,0.8184
data_clean\val\def_front\cast_def_0_247.jpeg,val,0,0.9995,0.1650,0.0324,0.6196
data_clean\val\def_front\cast_def_0_2479.jpeg,val,0,0.0003,0.0772,0.7195,0.1839
data_clean\val\def_front\cast_def_0_2480.jpeg,val,0,0.0012,0.0002,0.0546,0.9331
data_clean\val\def_front\cast_def_0_2483.jpeg,val,0,0.0033,0.3858,0.8674,0.0538
data_clean\val\def_front\cast_def_0_2486.jpeg,val,0,0.9922,0.7862,0.7968,0.2318
data_clean\val\def_front\cast_def_0_2487.jpeg,val,0,0.0000,0.5337,0.9272,0.0053
data_clean\val\def_front\cast_def_0_249.jpeg,val,0,0.0013,0.0041,0.6917,0.2516
data_clean\val\def_front\cast_def_0_2509.jpeg,val,0,0.0081,0.3244,0.9222,0.1300
data_clean\val\def_front\cast_def_0_2510.jpeg,val,0,0.0018,0.0065,0.0085,0.9526
data_clean\val\def_front\cast_def_0_2514.jpeg,val,0,0.0037,0.9955,0.0006,0.0979
data_clean\val\def_front\cast_def_0_2515.jpeg,val,0,0.0025,0.0137,0.2069,0.6317
data_clean\val\def_front\cast_def_0_2516.jpeg,val,0,0.9998,0.1633,0.0848,0.4904
data_clean\val\def_front\cast_def_0_2526.jpeg,val,0,0.0006,0.0390,0.5222,0.0970
data_clean\val\def_front\cast_def_0_2528.jpeg,val,0,1.0000,0.2626,0.2069,0.4299
data_clean\val\def_front\cast_def_0_2551.jpeg,val,0,1.0000,0.0652,0.0082,0.8457
data_clean\val\def_front\cast_def_0_2553.jpeg,val,0,0.0006,0.0513,0.8377,0.0837
data_clean\val\def_front\cast_def_0_257.jpeg,val,0,0.0003,0.1380,0.9066,0.0399
data_clean\val\def_front\cast_def_0_259.jpeg,val,0,0.0068,0.1444,0.5890,0.0724
data_clean\val\def_front\cast_def_0_26.jpeg,val,0,0.0008,0.0210,0.6223,0.3686
data_clean\val\def_front\cast_def_0_260.jpeg,val,0,0.9994,0.6793,0.8379,0.6284
data_clean\val\def_front\cast_def_0_275.jpeg,val,0,0.0126,0.0486,0.5427,0.6513
data_clean\val\def_front\cast_def_0_28.jpeg,val,0,0.0214,0.2047,0.8743,0.0703
data_clean\val\def_front\cast_def_0_280.jpeg,val,0,0.0069,0.1455,0.4284,0.0917
data_clean\val\def_front\cast_def_0_283.jpeg,val,0,0.9991,0.7644,0.9481,0.8479
data_clean\val\def_front\cast_def_0_290.jpeg,val,0,0.9999,0.1484,0.0480,0.6020
data_clean\val\def_front\cast_def_0_291.jpeg,val,0,0.0053,0.2019,0.9347,0.0723
data_clean\val\def_front\cast_def_0_299.jpeg,val,1,0.9999,0.0462,0.0005,0.9841
data_clean\val\def_front\cast_def_0_302.jpeg,val,0,0.0016,0.1511,0.9388,0.0807
data_clean\val\def_front\cast_def_0_303.jpeg,val,0,0.0010,0.0825,0.5883,0.2768
data_clean\val\def_front\cast_def_0_3105.jpeg,val,0,0.0258,0.0953,0.3303,0.4002
data_clean\val\def_front\cast_def_0_3106.jpeg,val,0,1.0000,0.1330,0.0275,0.6230
data_clean\val\def_front\cast_def_0_3108.jpeg,val,0,0.9996,0.2591,0.0488,0.5383
data_clean\val\def_front\cast_def_0_3121.jpeg,val,0,0.0001,0.3689,0.5166,0.0171
data_clean\val\def_front\cast_def_0_3122.jpeg,val,0,0.9987,0.1894,0.0125,0.8918
data_clean\val\def_front\cast_def_0_3123.jpeg,val,0,0.9999,0.1882,0.0091,0.9047
data_clean\val\def_front\cast_def_0_3387.jpeg,val,1,0.9996,0.0608,0.0020,0.9652
data_clean\val\def_front\cast_def_0_3388.jpeg,val,1,0.9998,0.1441,0.0173,0.6868
data_clean\val\def_front\cast_def_0_340.jpeg,val,0,0.0036,0.1802,0.8947,0.2659
data_clean\val\def_front\cast_def_0_3412.jpeg,val,0,0.0023,0.1080,0.9426,0.0316
data_clean\val\def_front\cast_def_0_3416.jpeg,val,0,1.0000,0.3022,0.2599,0.5185
data_clean\val\def_front\cast_def_0_3438.jpeg,val,0,0.9999,0.1488,0.0252,0.7289
data_clean\val\def_front\cast_def_0_3446.jpeg,val,0,0.0031,0.0277,0.3131,0.6444
data_clean\val\def_front\cast_def_0_3473.jpeg,val,0,0.0009,0.0396,0.8418,0.0731
data_clean\val\def_front\cast_def_0_3500.jpeg,val,0,0.9992,0.6356,0.6623,0.2859
data_clean\val\def_front\cast_def_0_3503.jpeg,val,0,0.0057,0.0001,0.0257,0.9804
data_clean\val\def_front\cast_def_0_363.jpeg,val,0,0.0010,0.0177,0.3983,0.3494
data_clean\val\def_front\cast_def_0_367.jpeg,val,0,0.0063,0.0443,0.8205,0.0774
data_clean\val\def_front\cast_def_0_40.jpeg,val,0,0.9998,0.7510,0.9709,0.8847
data_clean\val\def_front\cast_def_0_411.jpeg,val,0,0.0007,0.0454,0.6011,0.1761
data_clean\val\def_front\cast_def_0_4133.jpeg,val,0,1.0000,0.3056,0.2351,0.4295
data_clean\val\def_front\cast_def_0_4134.jpeg,val,0,0.0072,0.0201,0.3789,0.4877
data_clean\val\def_front\cast_def_0_4137.jpeg,val,0,0.9998,0.0554,0.0023,0.9519
data_clean\val\def_front\cast_def_0_4156.jpeg,val,0,0.0006,0.0275,0.7579,0.1835
data_clean\val\def_front\cast_def_0_4160.jpeg,val,0,0.9993,0.2438,0.0255,0.7235
data_clean\val\def_front\cast_def_0_4164.jpeg,val,0,0.0210,0.0397,0.3742,0.7026
data_clean\val\def_front\cast_def_0_4175.jpeg,val,0,0.9933,0.6555,0.6840,0.3217
data_clean\val\def_front\cast_def_0_4186.jpeg,val,0,0.0046,0.2012,0.7508,0.1166
data_clean\val\def_front\cast_def_0_4198.jpeg,val,0,0.0593,0.3695,0.8677,0.1666
data_clean\val\def_front\cast_def_0_432.jpeg,val,0,0.9997,0.7162,0.9531,0.8518
data_clean\val\def_front\cast_def_0_434.jpeg,val,0,0.0007,0.0035,0.6231,0.3948
data_clean\val\def_front\cast_def_0_436.jpeg,val,0,0.0028,0.0563,0.5031,0.1875
data_clean\val\def_front\cast_def_0_437.jpeg,val,0,0.9999,0.1650,0.0029,0.9516
data_clean\val\def_front\cast_def_0_439.jpeg,val,0,1.0000,0.1461,0.0772,0.7934
data_clean\val\def_front\cast_def_0_441.jpeg,val,0,0.0000,0.3601,0.9331,0.0060
data_clean\val\def_front\cast_def_0_442.jpeg,val,0,0.0902,0.4049,0.8810,0.1933
data_clean\val\def_front\cast_def_0_450.jpeg,val,0,0.0018,0.1243,0.7208,0.0525
data_clean\val\def_front\cast_def_0_455.jpeg,val,0,0.9998,0.1374,0.0141,0.8736
data_clean\val\def_front\cast_def_0_456.jpeg,val,0,0.0400,0.4896,0.8801,0.1467
data_clean\val\def_front\cast_def_0_457.jpeg,val,0,0.0070,0.1935,0.9172,0.1285
data_clean\val\def_front\cast_def_0_459.jpeg,val,0,0.9978,0.2794,0.0365,0.8700
data_clean\val\def_front\cast_def_0_460.jpeg,val,0,0.0070,0.0692,0.5625,0.4696
data_clean\val\def_front\cast_def_0_461.jpeg,val,0,0.0003,0.9988,0.0004,0.0294
data_clean\val\def_front\cast_def_0_462.jpeg,val,0,0.0000,0.5847,0.9351,0.0049
data_clean\val\def_front\cast_def_0_468.jpeg,val,0,0.0008,0.0363,0.5945,0.2504
data_clean\val\def_front\cast_def_0_480.jpeg,val,0,0.0005,0.0108,0.0462,0.8584
data_clean\val\def_front\cast_def_0_483.jpeg,val,0,0.0010,0.0169,0.6227,0.3467
data_clean\val\def_front\cast_def_0_485.jpeg,val,0,0.0007,0.0460,0.9182,0.0558
data_clean\val\def_front\cast_def_0_486.jpeg,val,0,0.9998,0.3038,0.0557,0.7452
data_clean\val\def_front\cast_def_0_49.jpeg,val,0,1.0000,0.1466,0.1043,0.4520
data_clean\val\def_front\cast_def_0_490.jpeg,val,0,0.0020,0.0119,0.5461,0.4449
data_clean\val\def_front\cast_def_0_491.jpeg,val,1,0.0002,0.9922,0.0012,0.0356
data_clean\val\def_front\cast_def_0_495.jpeg,val,0,0.0021,0.0042,0.0057,0.9869
data_clean\val\def_front\cast_def_0_496.jpeg,val,0,0.9989,0.3435,0.1735,0.2871
data_clean\val\def_front\cast_def_0_499.jpeg,val,0,0.0011,0.0500,0.7611,0.1361
data_clean\val\def_front\cast_def_0_500.jpeg,val,0,0.3168,0.0677,0.5934,0.4733
data_clean\val\def_front\cast_def_0_501.jpeg,val,0,0.0001,0.9783,0.0019,0.0663
data_clean\val\def_front\cast_def_0_504.jpeg,val,0,0.9997,0.5135,0.6288,0.4403
data_clean\val\def_front\cast_def_0_505.jpeg,val,0,0.0106,0.0949,0.9205,0.0546
data_clean\val\def_front\cast_def_0_506.jpeg,val,0,0.9995,0.7582,0.9667,0.8434
data_clean\val\def_front\cast_def_0_507.jpeg,val,0,0.9982,0.6446,0.7764,0.3941
data_clean\val\def_front\cast_def_0_514.jpeg,val,0,0.0006,0.0344,0.0060,0.9496
data_clean\val\def_front\cast_def_0_515.jpeg,val,0,0.0026,0.1621,0.8545,0.0419
data_clean\val\def_front\cast_def_0_519.jpeg,val,0,0.9871,0.6989,0.7118,0.2196
data_clean\val\def_front\cast_def_0_520.jpeg,val,0,0.0254,0.0621,0.7760,0.2934
data_clean\val\def_front\cast_def_0_5251.jpeg,val,1,0.9999,0.1202,0.0014,0.9654
data_clean\val\def_front\cast_def_0_5289.jpeg,val,0,0.0111,0.1635,0.8885,0.1183
data_clean\val\def_front\cast_def_0_5297.jpeg,val,0,0.9999,0.0917,0.0213,0.6396
data_clean\val\def_front\cast_def_0_5302.jpeg,val,0,0.9978,0.4502,0.4631,0.1102
data_clean\val\def_front\cast_def_0_531.jpeg,val,0,0.0003,0.9990,0.0002,0.0340
data_clean\val\def_front\cast_def_0_532.jpeg,val,0,0.0019,0.0335,0.8500,0.1749
data_clean\val\def_front\cast_def_0_534.jpeg,val,1,0.9999,0.1697,0.0469,0.5994
data_clean\val\def_front\cast_def_0_535.jpeg,val,0,0.9988,0.3272,0.1524,0.7529
data_clean\val\def_front\cast_def_0_536.jpeg,val,0,0.0008,0.9519,0.0112,0.1158
data_clean\val\def_front\cast_def_0_537.jpeg,val,0,0.0025,0.0290,0.0284,0.9130
data_clean\val\def_front\cast_def_0_538.jpeg,val,0,0.0083,0.0121,0.0115,0.9728
data_clean\val\def_front\cast_def_0_549.jpeg,val,0,0.0006,0.0341,0.8657,0.0764
data_clean\val\def_front\cast_def_0_551.jpeg,val,0,0.0005,0.0263,0.8126,0.1059
data_clean\val\def_front\cast_def_0_552.jpeg,val,1,0.0009,0.0099,0.6056,0.5286
data_clean\val\def_front\cast_def_0_555.jpeg,val,0,0.0060,0.3788,0.8944,0.0671
data_clean\val\def_front\cast_def_0_558.jpeg,val,0,0.9991,0.6449,0.8630,0.8345
data_clean\val\def_front\cast_def_0_560.jpeg,val,0,0.0007,0.0004,0.2168,0.7271
data_clean\val\def_front\cast_def_0_564.jpeg,val,0,0.9999,0.2545,0.0472,0.8524
data_clean\val\def_front\cast_def_0_586.jpeg,val,0,0.0014,0.1393,0.7292,0.1115
data_clean\val\def_front\cast_def_0_588.jpeg,val,0,0.0006,0.0068,0.6534,0.2522
data_clean\val\def_front\cast_def_0_589.jpeg,val,0,0.0028,0.0004,0.1055,0.9153
data_clean\val\def_front\cast_def_0_590.jpeg,val,0,0.9988,0.8143,0.9694,0.8480
data_clean\val\def_front\cast_def_0_591.jpeg,val,0,0.0043,0.9816,0.0001,0.4956
data_clean\val\def_front\cast_def_0_592.jpeg,val,0,0.9996,0.1834,0.0029,0.9651
data_clean\val\def_front\cast_def_0_594.jpeg,val,0,0.0003,0.9142,0.0128,0.1350
data_clean\val\def_front\cast_def_0_61.jpeg,val,0,0.1108,0.3833,0.8235,0.3255
data_clean\val\def_front\cast_def_0_616.jpeg,val,0,0.0002,0.9968,0.0005,0.0691
data_clean\val\def_front\cast_def_0_617.jpeg,val,0,0.0004,0.1944,0.9359,0.0393
data_clean\val\def_front\cast_def_0_618.jpeg,val,0,0.0759,0.5091,0.8010,0.2235
data_clean\val\def_front\cast_def_0_619.jpeg,val,0,0.0035,0.1645,0.9461,0.0236
data_clean\val\def_front\cast_def_0_620.jpeg,val,0,0.0124,0.0645,0.5251,0.4467
data_clean\val\def_front\cast_def_0_621.jpeg,val,0,0.0051,0.0069,0.5386,0.4113
data_clean\val\def_front\cast_def_0_629.jpeg,val,0,0.0016,0.0673,0.8642,0.0664
data_clean\val\def_front\cast_def_0_641.jpeg,val,0,0.9999,0.0901,0.0013,0.9660
data_clean\val\def_front\cast_def_0_642.jpeg,val,0,0.0011,0.0082,0.7217,0.3129
data_clean\val\def_front\cast_def_0_643.jpeg,val,0,1.0000,0.0426,0.0047,0.9577
data_clean\val\def_front\cast_def_0_645.jpeg,val,0,0.0004,0.0839,0.9067,0.0268
data_clean\val\def_front\cast_def_0_646.jpeg,val,0,0.9843,0.7344,0.7275,0.1561
data_clean\val\def_front\cast_def_0_647.jpeg,val,0,0.0194,0.0645,0.9037,0.0951
data_clean\val\def_front\cast_def_0_648.jpeg,val,0,0.9846,0.7334,0.7716,0.3196
data_clean\val\def_front\cast_def_0_65.jpeg,val,0,0.0002,0.0045,0.7593,0.3271
data_clean\val\def_front\cast_def_0_656.jpeg,val,0,0.9992,0.7721,0.9520,0.8349
data_clean\val\def_front\cast_def_0_659.jpeg,val,1,0.9995,0.3606,0.0120,0.7934
data_clean\val\def_front\cast_def_0_661.jpeg,val,0,0.0666,0.0298,0.0011,0.9866
data_clean\val\def_front\cast_def_0_662.jpeg,val,0,0.0358,0.3214,0.7055,0.1580
data_clean\val\def_front\cast_def_0_663.jpeg,val,0,0.0003,0.9998,0.0001,0.0083
data_clean\val\def_front\cast_def_0_666.jpeg,val,0,0.0009,0.0087,0.4695,0.4744
data_clean\val\def_front\cast_def_0_669.jpeg,val,0,0.0010,0.9946,0.0008,0.0468
data_clean\val\def_front\cast_def_0_67.jpeg,val,0,0.9999,0.1811,0.0514,0.7142
data_clean\val\def_front\cast_def_0_7.jpeg,val,0,0.0064,0.0618,0.0092,0.8860
data_clean\val\def_front\cast_def_0_703.jpeg,val,0,0.0005,0.0931,0.8323,0.0607
data_clean\val\def_front\cast_def_0_708.jpeg,val,0,0.0867,0.3454,0.7601,0.2727
data_clean\val\def_front\cast_def_0_715.jpeg,val,0,0.0005,0.1166,0.7909,0.0993
data_clean\val\def_front\cast_def_0_717.jpeg,val,0,0.0006,0.0053,0.3393,0.4601
data_clean\val\def_front\cast_def_0_7241.jpeg,val,0,0.9993,0.7625,0.9383,0.8096
data_clean\val\def_front\cast_def_0_7271.jpeg,val,0,0.0002,0.0053,0.8743,0.1833
data_clean\val\def_front\cast_def_0_732.jpeg,val,1,0.9993,0.7306,0.9325,0.8260
data_clean\val\def_front\cast_def_0_7442.jpeg,val,0,0.0003,0.9987,0.0001,0.0808
data_clean\val\def_front\cast_def_0_7454.jpeg,val,0,0.0105,0.0071,0.0119,0.9755
data_clean\val\def_front\cast_def_0_7468.jpeg,val,0,0.0005,0.0622,0.8495,0.0830
data_clean\val\def_front\cast_def_0_7481.jpeg,val,0,0.9997,0.2515,0.0698,0.7488
data_clean\val\def_front\cast_def_0_7596.jpeg,val,0,0.0016,0.1210,0.7871,0.1720
data_clean\val\def_front\cast_def_0_7653.jpeg,val,0,0.9999,0.2897,0.0888,0.8127
data_clean\val\def_front\cast_def_0_7659.jpeg,val,0,0.9985,0.5361,0.5659,0.3635
data_clean\val\def_front\cast_def_0_811.jpeg,val,0,0.0003,0.0433,0.8109,0.2055
data_clean\val\def_front\cast_def_0_829.jpeg,val,0,0.0095,0.0241,0.3089,0.7410
data_clean\val\def_front\cast_def_0_831.jpeg,val,0,0.2212,0.2805,0.7473,0.1975
data_clean\val\def_front\cast_def_0_849.jpeg,val,0,0.9991,0.2991,0.0013,0.9657
data_clean\val\def_front\cast_def_0_85.jpeg,val,0,0.9996,0.0813,0.0026,0.9564
data_clean\val\def_front\cast_def_0_87.jpeg,val,0,0.0018,0.0226,0.0190,0.9278
data_clean\val\def_front\cast_def_0_88.jpeg,val,0,0.0129,0.0205,0.5755,0.5386
data_clean\val\def_front\cast_def_0_9270.jpeg,val,0,0.0014,0.0142,0.8409,0.1617
data_clean\val\def_front\cast_def_0_939.jpeg,val,0,0.9992,0.7118,0.9197,0.7942
data_clean\val\def_front\cast_def_0_9747.jpeg,val,1,0.0006,0.9912,0.0007,0.0534
data_clean\val\def_front\cast_def_0_9751.jpeg,val,0,0.0003,0.0522,0.6612,0.1060
data_clean\val\def_front\cast_def_0_9758.jpeg,val,0,1.0000,0.1993,0.2187,0.5765
data_clean\val\def_front\cast_def_0_983.jpeg,val,0,0.0003,0.1362,0.8532,0.0616
data_clean\val\def_front\cast_def_0_9921.jpeg,val,0,0.0140,0.4199,0.8077,0.1565
data_clean\val\def_front\cast_def_0_9925.jpeg,val,0,0.0005,0.0029,0.7242,0.2492
data_clean\val\def_front\cast_def_0_9927.jpeg,val,0,1.0000,0.1596,0.0491,0.7276
data_clean\val\def_front\cast_def_0_9960.jpeg,val,0,1.0000,0.2224,0.0680,0.5565
data_clean\val\def_front\cast_def_0_9969.jpeg,val,0,0.0010,0.9681,0.0002,0.5095
data_clean\val\def_front\cast_def_0_9991.jpeg,val,0,0.0784,0.1281,0.7759,0.4777
data_clean\val\def_front\new__0_1339.jpeg,val,0,0.0000,0.6902,0.8946,0.0036
data_clean\val\def_front\new__0_1353.jpeg,val,0,0.6877,0.5958,0.1327,0.2160
data_clean\val\def_front\new__0_1385.jpeg,val,0,0.0001,0.7012,0.7914,0.0078
data_clean\val\def_front\new__0_1664.jpeg,val,0,0.0000,0.6490,0.6966,0.0077
data_clean\val\def_front\new__0_1780.jpeg,val,0,0.0000,0.7328,0.7488,0.0069
data_clean\val\def_front\new__0_2055.jpeg,val,0,0.0000,0.5566,0.8936,0.0042
data_clean\val\def_front\new__0_2091.jpeg,val,0,0.0000,0.6160,0.8229,0.0071
data_clean\val\def_front\new__0_2306.jpeg,val,0,0.0000,0.9995,0.0004,0.0076
data_clean\val\def_front\new__0_2783.jpeg,val,0,0.9981,0.3248,0.5410,0.6871
data_clean\val\def_front\new__0_3255.jpeg,val,0,0.9929,0.4766,0.0008,0.9412
data_clean\val\def_front\new__0_3299.jpeg,val,0,0.0000,0.6509,0.8401,0.0045
data_clean\val\def_front\new__0_3476.jpeg,val,0,0.0000,0.9999,0.0003,0.0027
data_clean\val\def_front\new__0_3539.jpeg,val,0,0.0000,0.2214,0.8966,0.0065
data_clean\val\def_front\new__0_3645.jpeg,val,0,0.0000,0.3640,0.7838,0.0068
data_clean\val\def_front\new__0_3963.jpeg,val,0,0.7597,0.4443,0.1132,0.3231
data_clean\val\def_front\new__0_3973.jpeg,val,0,0.0000,0.2066,0.8692,0.0064
data_clean\val\def_front\new__0_4483.jpeg,val,0,0.0000,0.9997,0.0002,0.0037
data_clean\val\def_front\new__0_4505.jpeg,val,0,0.0000,0.6550,0.6584,0.0068
data_clean\val\def_front\new__0_4633.jpeg,val,0,0.0000,0.9999,0.0002,0.0014
data_clean\val\def_front\new__0_5164.jpeg,val,0,0.0000,0.3566,0.9205,0.0078
data_clean\val\def_front\new__0_5223.jpeg,val,0,0.0000,0.9999,0.0003,0.0012
data_clean\val\def_front\new__0_5231.jpeg,val,0,0.9641,0.6210,0.0041,0.8833
data_clean\val\def_front\new__0_6223.jpeg,val,0,0.0000,0.7554,0.8644,0.0027
data_clean\val\def_front\new__0_6287.jpeg,val,0,0.0000,0.7712,0.7785,0.0039
data_clean\val\def_front\new__0_6459.jpeg,val,0,0.0000,0.3504,0.9237,0.0068
data_clean\val\def_front\new__0_6647.jpeg,val,0,0.0000,0.7574,0.8622,0.0027
data_clean\val\def_front\new__0_6708.jpeg,val,0,0.9974,0.6352,0.7823,0.6789
data_clean\val\def_front\new__0_7229.jpeg,val,0,0.0130,0.0139,0.0050,0.6825
data_clean\val\def_front\new__0_7323.jpeg,val,0,0.0000,0.9993,0.0004,0.0102
data_clean\val\def_front\new__0_7515.jpeg,val,0,0.0000,0.5031,0.8308,0.0069
data_clean\val\def_front\new__0_8133.jpeg,val,0,0.0000,0.5235,0.8748,0.0043
data_clean\val\def_front\new__0_8159.jpeg,val,0,0.0000,0.9999,0.0002,0.0019
data_clean\val\def_front\new__0_8634.jpeg,val,0,0.9768,0.5799,0.0011,0.9407
data_clean\val\def_front\new__0_8737.jpeg,val,0,0.0000,0.1605,0.8940,0.0075
data_clean\val\def_front\new__0_9014.jpeg,val,0,0.0000,0.6647,0.7771,0.0066
data_clean\val\def_front\new__0_9248.jpeg,val,0,0.0000,0.5276,0.8896,0.0039
data_clean\val\def_front\new__0_9334.jpeg,val,0,0.0000,0.9999,0.0014,0.0012
